{"op_code":0,"worker_id":"f581c9a6-5ea3-4c0c-baf4-f197cae88876-139980931965760","study_name":"loris_rule_discovery_round0","directions":[2]}
{"op_code":4,"worker_id":"f581c9a6-5ea3-4c0c-baf4-f197cae88876-139980931965760","study_id":0,"datetime_start":"2026-03-21T20:17:36.823552"}
{"op_code":5,"worker_id":"f581c9a6-5ea3-4c0c-baf4-f197cae88876-139980931965760","trial_id":0,"param_name":"body_size","param_value_internal":2.0,"distribution":"{\"name\": \"IntDistribution\", \"attributes\": {\"log\": false, \"step\": 1, \"low\": 1, \"high\": 4}}"}
{"op_code":5,"worker_id":"f581c9a6-5ea3-4c0c-baf4-f197cae88876-139980931965760","trial_id":0,"param_name":"body_pred_idx_0","param_value_internal":95.0,"distribution":"{\"name\": \"IntDistribution\", \"attributes\": {\"log\": false, \"step\": 1, \"low\": 0, \"high\": 99}}"}
{"op_code":5,"worker_id":"f581c9a6-5ea3-4c0c-baf4-f197cae88876-139980931965760","trial_id":0,"param_name":"body_pred_idx_1","param_value_internal":73.0,"distribution":"{\"name\": \"IntDistribution\", \"attributes\": {\"log\": false, \"step\": 1, \"low\": 0, \"high\": 99}}"}
{"op_code":5,"worker_id":"f581c9a6-5ea3-4c0c-baf4-f197cae88876-139980931965760","trial_id":0,"param_name":"need_ml_0","param_value_internal":1.0,"distribution":"{\"name\": \"IntDistribution\", \"attributes\": {\"log\": false, \"step\": 1, \"low\": 0, \"high\": 1}}"}
{"op_code":5,"worker_id":"f581c9a6-5ea3-4c0c-baf4-f197cae88876-139980931965760","trial_id":0,"param_name":"ml_tau_0","param_value_internal":7,"distribution":"{\"name\": \"CategoricalDistribution\", \"attributes\": {\"choices\": [\"earn\", \"acq\", \"money-fx\", \"grain\", \"crude\", \"trade\", \"interest\", \"ship\", \"wheat\", \"corn\", \"sugar\", \"oilseed\", \"dlr\", \"gnp\", \"coffee\", \"veg-oil\", \"gold\", \"nat-gas\", \"money-supply\", \"livestock\"]}}"}
{"op_code":5,"worker_id":"f581c9a6-5ea3-4c0c-baf4-f197cae88876-139980931965760","trial_id":0,"param_name":"need_ml_1","param_value_internal":0.0,"distribution":"{\"name\": \"IntDistribution\", \"attributes\": {\"log\": false, \"step\": 1, \"low\": 0, \"high\": 1}}"}
{"op_code":5,"worker_id":"f581c9a6-5ea3-4c0c-baf4-f197cae88876-139980931965760","trial_id":0,"param_name":"need_ml_2","param_value_internal":1.0,"distribution":"{\"name\": \"IntDistribution\", \"attributes\": {\"log\": false, \"step\": 1, \"low\": 0, \"high\": 1}}"}
{"op_code":5,"worker_id":"f581c9a6-5ea3-4c0c-baf4-f197cae88876-139980931965760","trial_id":0,"param_name":"ml_tau_2","param_value_internal":8,"distribution":"{\"name\": \"CategoricalDistribution\", \"attributes\": {\"choices\": [\"earn\", \"acq\", \"money-fx\", \"grain\", \"crude\", \"trade\", \"interest\", \"ship\", \"wheat\", \"corn\", \"sugar\", \"oilseed\", \"dlr\", \"gnp\", \"coffee\", \"veg-oil\", \"gold\", \"nat-gas\", \"money-supply\", \"livestock\"]}}"}
{"op_code":5,"worker_id":"f581c9a6-5ea3-4c0c-baf4-f197cae88876-139980931965760","trial_id":0,"param_name":"need_label_contains","param_value_internal":0.0,"distribution":"{\"name\": \"IntDistribution\", \"attributes\": {\"log\": false, \"step\": 1, \"low\": 0, \"high\": 1}}"}
{"op_code":5,"worker_id":"f581c9a6-5ea3-4c0c-baf4-f197cae88876-139980931965760","trial_id":0,"param_name":"need_label_eq","param_value_internal":1.0,"distribution":"{\"name\": \"IntDistribution\", \"attributes\": {\"log\": false, \"step\": 1, \"low\": 0, \"high\": 1}}"}
{"op_code":5,"worker_id":"f581c9a6-5ea3-4c0c-baf4-f197cae88876-139980931965760","trial_id":0,"param_name":"label_eq_tau","param_value_internal":2,"distribution":"{\"name\": \"CategoricalDistribution\", \"attributes\": {\"choices\": [\"earn\", \"acq\", \"money-fx\", \"grain\", \"crude\", \"trade\", \"interest\", \"ship\", \"wheat\", \"corn\", \"sugar\", \"oilseed\", \"dlr\", \"gnp\", \"coffee\", \"veg-oil\", \"gold\", \"nat-gas\", \"money-supply\", \"livestock\"]}}"}
{"op_code":5,"worker_id":"f581c9a6-5ea3-4c0c-baf4-f197cae88876-139980931965760","trial_id":0,"param_name":"need_label_minus","param_value_internal":0.0,"distribution":"{\"name\": \"IntDistribution\", \"attributes\": {\"log\": false, \"step\": 1, \"low\": 0, \"high\": 1}}"}
{"op_code":5,"worker_id":"f581c9a6-5ea3-4c0c-baf4-f197cae88876-139980931965760","trial_id":0,"param_name":"consequence_label","param_value_internal":0,"distribution":"{\"name\": \"CategoricalDistribution\", \"attributes\": {\"choices\": [\"earn\", \"acq\", \"money-fx\", \"grain\", \"crude\", \"trade\", \"interest\", \"ship\", \"wheat\", \"corn\", \"sugar\", \"oilseed\", \"dlr\", \"gnp\", \"coffee\", \"veg-oil\", \"gold\", \"nat-gas\", \"money-supply\", \"livestock\"]}}"}
{"op_code":6,"worker_id":"f581c9a6-5ea3-4c0c-baf4-f197cae88876-139980931965760","trial_id":0,"state":1,"values":[-1.0],"datetime_complete":"2026-03-21T20:17:36.902369"}
{"op_code":4,"worker_id":"f581c9a6-5ea3-4c0c-baf4-f197cae88876-139980931965760","study_id":0,"datetime_start":"2026-03-21T20:17:36.910639"}
{"op_code":5,"worker_id":"f581c9a6-5ea3-4c0c-baf4-f197cae88876-139980931965760","trial_id":1,"param_name":"body_size","param_value_internal":2.0,"distribution":"{\"name\": \"IntDistribution\", \"attributes\": {\"log\": false, \"step\": 1, \"low\": 1, \"high\": 4}}"}
{"op_code":5,"worker_id":"f581c9a6-5ea3-4c0c-baf4-f197cae88876-139980931965760","trial_id":1,"param_name":"body_pred_idx_0","param_value_internal":11.0,"distribution":"{\"name\": \"IntDistribution\", \"attributes\": {\"log\": false, \"step\": 1, \"low\": 0, \"high\": 99}}"}
{"op_code":5,"worker_id":"f581c9a6-5ea3-4c0c-baf4-f197cae88876-139980931965760","trial_id":1,"param_name":"body_pred_idx_1","param_value_internal":71.0,"distribution":"{\"name\": \"IntDistribution\", \"attributes\": {\"log\": false, \"step\": 1, \"low\": 0, \"high\": 99}}"}
{"op_code":5,"worker_id":"f581c9a6-5ea3-4c0c-baf4-f197cae88876-139980931965760","trial_id":1,"param_name":"eta_11","param_value_internal":16.0,"distribution":"{\"name\": \"IntDistribution\", \"attributes\": {\"log\": false, \"step\": 1, \"low\": 1, \"high\": 20}}"}
{"op_code":5,"worker_id":"f581c9a6-5ea3-4c0c-baf4-f197cae88876-139980931965760","trial_id":1,"param_name":"op_11","param_value_internal":1,"distribution":"{\"name\": \"CategoricalDistribution\", \"attributes\": {\"choices\": [\">=\", \"<=\", \"==\", \">\", \"<\"]}}"}
{"op_code":5,"worker_id":"f581c9a6-5ea3-4c0c-baf4-f197cae88876-139980931965760","trial_id":1,"param_name":"need_ml_0","param_value_internal":0.0,"distribution":"{\"name\": \"IntDistribution\", \"attributes\": {\"log\": false, \"step\": 1, \"low\": 0, \"high\": 1}}"}
{"op_code":5,"worker_id":"f581c9a6-5ea3-4c0c-baf4-f197cae88876-139980931965760","trial_id":1,"param_name":"need_ml_1","param_value_internal":0.0,"distribution":"{\"name\": \"IntDistribution\", \"attributes\": {\"log\": false, \"step\": 1, \"low\": 0, \"high\": 1}}"}
{"op_code":5,"worker_id":"f581c9a6-5ea3-4c0c-baf4-f197cae88876-139980931965760","trial_id":1,"param_name":"need_ml_2","param_value_internal":0.0,"distribution":"{\"name\": \"IntDistribution\", \"attributes\": {\"log\": false, \"step\": 1, \"low\": 0, \"high\": 1}}"}
{"op_code":5,"worker_id":"f581c9a6-5ea3-4c0c-baf4-f197cae88876-139980931965760","trial_id":1,"param_name":"need_label_contains","param_value_internal":1.0,"distribution":"{\"name\": \"IntDistribution\", \"attributes\": {\"log\": false, \"step\": 1, \"low\": 0, \"high\": 1}}"}
{"op_code":5,"worker_id":"f581c9a6-5ea3-4c0c-baf4-f197cae88876-139980931965760","trial_id":1,"param_name":"label_contains_tau","param_value_internal":10,"distribution":"{\"name\": \"CategoricalDistribution\", \"attributes\": {\"choices\": [\"earn\", \"acq\", \"money-fx\", \"grain\", \"crude\", \"trade\", \"interest\", \"ship\", \"wheat\", \"corn\", \"sugar\", \"oilseed\", \"dlr\", \"gnp\", \"coffee\", \"veg-oil\", \"gold\", \"nat-gas\", \"money-supply\", \"livestock\"]}}"}
{"op_code":5,"worker_id":"f581c9a6-5ea3-4c0c-baf4-f197cae88876-139980931965760","trial_id":1,"param_name":"need_label_eq","param_value_internal":0.0,"distribution":"{\"name\": \"IntDistribution\", \"attributes\": {\"log\": false, \"step\": 1, \"low\": 0, \"high\": 1}}"}
{"op_code":5,"worker_id":"f581c9a6-5ea3-4c0c-baf4-f197cae88876-139980931965760","trial_id":1,"param_name":"need_label_minus","param_value_internal":0.0,"distribution":"{\"name\": \"IntDistribution\", \"attributes\": {\"log\": false, \"step\": 1, \"low\": 0, \"high\": 1}}"}
{"op_code":5,"worker_id":"f581c9a6-5ea3-4c0c-baf4-f197cae88876-139980931965760","trial_id":1,"param_name":"consequence_label","param_value_internal":15,"distribution":"{\"name\": \"CategoricalDistribution\", \"attributes\": {\"choices\": [\"earn\", \"acq\", \"money-fx\", \"grain\", \"crude\", \"trade\", \"interest\", \"ship\", \"wheat\", \"corn\", \"sugar\", \"oilseed\", \"dlr\", \"gnp\", \"coffee\", \"veg-oil\", \"gold\", \"nat-gas\", \"money-supply\", \"livestock\"]}}"}
{"op_code":6,"worker_id":"f581c9a6-5ea3-4c0c-baf4-f197cae88876-139980931965760","trial_id":1,"state":1,"values":[-1.0],"datetime_complete":"2026-03-21T20:17:36.942871"}
{"op_code":4,"worker_id":"f581c9a6-5ea3-4c0c-baf4-f197cae88876-139980931965760","study_id":0,"datetime_start":"2026-03-21T20:17:36.943479"}
{"op_code":5,"worker_id":"f581c9a6-5ea3-4c0c-baf4-f197cae88876-139980931965760","trial_id":2,"param_name":"body_size","param_value_internal":2.0,"distribution":"{\"name\": \"IntDistribution\", \"attributes\": {\"log\": false, \"step\": 1, \"low\": 1, \"high\": 4}}"}
{"op_code":5,"worker_id":"f581c9a6-5ea3-4c0c-baf4-f197cae88876-139980931965760","trial_id":2,"param_name":"body_pred_idx_0","param_value_internal":3.0,"distribution":"{\"name\": \"IntDistribution\", \"attributes\": {\"log\": false, \"step\": 1, \"low\": 0, \"high\": 99}}"}
{"op_code":5,"worker_id":"f581c9a6-5ea3-4c0c-baf4-f197cae88876-139980931965760","trial_id":2,"param_name":"body_pred_idx_1","param_value_internal":60.0,"distribution":"{\"name\": \"IntDistribution\", \"attributes\": {\"log\": false, \"step\": 1, \"low\": 0, \"high\": 99}}"}
{"op_code":5,"worker_id":"f581c9a6-5ea3-4c0c-baf4-f197cae88876-139980931965760","trial_id":2,"param_name":"need_ml_0","param_value_internal":1.0,"distribution":"{\"name\": \"IntDistribution\", \"attributes\": {\"log\": false, \"step\": 1, \"low\": 0, \"high\": 1}}"}
{"op_code":5,"worker_id":"f581c9a6-5ea3-4c0c-baf4-f197cae88876-139980931965760","trial_id":2,"param_name":"ml_tau_0","param_value_internal":6,"distribution":"{\"name\": \"CategoricalDistribution\", \"attributes\": {\"choices\": [\"earn\", \"acq\", \"money-fx\", \"grain\", \"crude\", \"trade\", \"interest\", \"ship\", \"wheat\", \"corn\", \"sugar\", \"oilseed\", \"dlr\", \"gnp\", \"coffee\", \"veg-oil\", \"gold\", \"nat-gas\", \"money-supply\", \"livestock\"]}}"}
{"op_code":5,"worker_id":"f581c9a6-5ea3-4c0c-baf4-f197cae88876-139980931965760","trial_id":2,"param_name":"need_ml_1","param_value_internal":0.0,"distribution":"{\"name\": \"IntDistribution\", \"attributes\": {\"log\": false, \"step\": 1, \"low\": 0, \"high\": 1}}"}
{"op_code":5,"worker_id":"f581c9a6-5ea3-4c0c-baf4-f197cae88876-139980931965760","trial_id":2,"param_name":"need_ml_2","param_value_internal":1.0,"distribution":"{\"name\": \"IntDistribution\", \"attributes\": {\"log\": false, \"step\": 1, \"low\": 0, \"high\": 1}}"}
{"op_code":5,"worker_id":"f581c9a6-5ea3-4c0c-baf4-f197cae88876-139980931965760","trial_id":2,"param_name":"ml_tau_2","param_value_internal":8,"distribution":"{\"name\": \"CategoricalDistribution\", \"attributes\": {\"choices\": [\"earn\", \"acq\", \"money-fx\", \"grain\", \"crude\", \"trade\", \"interest\", \"ship\", \"wheat\", \"corn\", \"sugar\", \"oilseed\", \"dlr\", \"gnp\", \"coffee\", \"veg-oil\", \"gold\", \"nat-gas\", \"money-supply\", \"livestock\"]}}"}
{"op_code":5,"worker_id":"f581c9a6-5ea3-4c0c-baf4-f197cae88876-139980931965760","trial_id":2,"param_name":"need_label_contains","param_value_internal":0.0,"distribution":"{\"name\": \"IntDistribution\", \"attributes\": {\"log\": false, \"step\": 1, \"low\": 0, \"high\": 1}}"}
{"op_code":5,"worker_id":"f581c9a6-5ea3-4c0c-baf4-f197cae88876-139980931965760","trial_id":2,"param_name":"need_label_eq","param_value_internal":1.0,"distribution":"{\"name\": \"IntDistribution\", \"attributes\": {\"log\": false, \"step\": 1, \"low\": 0, \"high\": 1}}"}
{"op_code":5,"worker_id":"f581c9a6-5ea3-4c0c-baf4-f197cae88876-139980931965760","trial_id":2,"param_name":"label_eq_tau","param_value_internal":0,"distribution":"{\"name\": \"CategoricalDistribution\", \"attributes\": {\"choices\": [\"earn\", \"acq\", \"money-fx\", \"grain\", \"crude\", \"trade\", \"interest\", \"ship\", \"wheat\", \"corn\", \"sugar\", \"oilseed\", \"dlr\", \"gnp\", \"coffee\", \"veg-oil\", \"gold\", \"nat-gas\", \"money-supply\", \"livestock\"]}}"}
{"op_code":5,"worker_id":"f581c9a6-5ea3-4c0c-baf4-f197cae88876-139980931965760","trial_id":2,"param_name":"need_label_minus","param_value_internal":1.0,"distribution":"{\"name\": \"IntDistribution\", \"attributes\": {\"log\": false, \"step\": 1, \"low\": 0, \"high\": 1}}"}
{"op_code":5,"worker_id":"f581c9a6-5ea3-4c0c-baf4-f197cae88876-139980931965760","trial_id":2,"param_name":"label_minus_tau","param_value_internal":13,"distribution":"{\"name\": \"CategoricalDistribution\", \"attributes\": {\"choices\": [\"earn\", \"acq\", \"money-fx\", \"grain\", \"crude\", \"trade\", \"interest\", \"ship\", \"wheat\", \"corn\", \"sugar\", \"oilseed\", \"dlr\", \"gnp\", \"coffee\", \"veg-oil\", \"gold\", \"nat-gas\", \"money-supply\", \"livestock\"]}}"}
{"op_code":5,"worker_id":"f581c9a6-5ea3-4c0c-baf4-f197cae88876-139980931965760","trial_id":2,"param_name":"consequence_label","param_value_internal":14,"distribution":"{\"name\": \"CategoricalDistribution\", \"attributes\": {\"choices\": [\"earn\", \"acq\", \"money-fx\", \"grain\", \"crude\", \"trade\", \"interest\", \"ship\", \"wheat\", \"corn\", \"sugar\", \"oilseed\", \"dlr\", \"gnp\", \"coffee\", \"veg-oil\", \"gold\", \"nat-gas\", \"money-supply\", \"livestock\"]}}"}
{"op_code":6,"worker_id":"f581c9a6-5ea3-4c0c-baf4-f197cae88876-139980931965760","trial_id":2,"state":1,"values":[-1.0],"datetime_complete":"2026-03-21T20:17:36.957089"}
{"op_code":4,"worker_id":"f581c9a6-5ea3-4c0c-baf4-f197cae88876-139980931965760","study_id":0,"datetime_start":"2026-03-21T20:17:36.957801"}
{"op_code":5,"worker_id":"f581c9a6-5ea3-4c0c-baf4-f197cae88876-139980931965760","trial_id":3,"param_name":"body_size","param_value_internal":2.0,"distribution":"{\"name\": \"IntDistribution\", \"attributes\": {\"log\": false, \"step\": 1, \"low\": 1, \"high\": 4}}"}
{"op_code":5,"worker_id":"f581c9a6-5ea3-4c0c-baf4-f197cae88876-139980931965760","trial_id":3,"param_name":"body_pred_idx_0","param_value_internal":16.0,"distribution":"{\"name\": \"IntDistribution\", \"attributes\": {\"log\": false, \"step\": 1, \"low\": 0, \"high\": 99}}"}
{"op_code":5,"worker_id":"f581c9a6-5ea3-4c0c-baf4-f197cae88876-139980931965760","trial_id":3,"param_name":"body_pred_idx_1","param_value_internal":55.0,"distribution":"{\"name\": \"IntDistribution\", \"attributes\": {\"log\": false, \"step\": 1, \"low\": 0, \"high\": 99}}"}
{"op_code":5,"worker_id":"f581c9a6-5ea3-4c0c-baf4-f197cae88876-139980931965760","trial_id":3,"param_name":"need_ml_0","param_value_internal":1.0,"distribution":"{\"name\": \"IntDistribution\", \"attributes\": {\"log\": false, \"step\": 1, \"low\": 0, \"high\": 1}}"}
{"op_code":5,"worker_id":"f581c9a6-5ea3-4c0c-baf4-f197cae88876-139980931965760","trial_id":3,"param_name":"ml_tau_0","param_value_internal":4,"distribution":"{\"name\": \"CategoricalDistribution\", \"attributes\": {\"choices\": [\"earn\", \"acq\", \"money-fx\", \"grain\", \"crude\", \"trade\", \"interest\", \"ship\", \"wheat\", \"corn\", \"sugar\", \"oilseed\", \"dlr\", \"gnp\", \"coffee\", \"veg-oil\", \"gold\", \"nat-gas\", \"money-supply\", \"livestock\"]}}"}
{"op_code":5,"worker_id":"f581c9a6-5ea3-4c0c-baf4-f197cae88876-139980931965760","trial_id":3,"param_name":"need_ml_1","param_value_internal":1.0,"distribution":"{\"name\": \"IntDistribution\", \"attributes\": {\"log\": false, \"step\": 1, \"low\": 0, \"high\": 1}}"}
{"op_code":5,"worker_id":"f581c9a6-5ea3-4c0c-baf4-f197cae88876-139980931965760","trial_id":3,"param_name":"ml_tau_1","param_value_internal":2,"distribution":"{\"name\": \"CategoricalDistribution\", \"attributes\": {\"choices\": [\"earn\", \"acq\", \"money-fx\", \"grain\", \"crude\", \"trade\", \"interest\", \"ship\", \"wheat\", \"corn\", \"sugar\", \"oilseed\", \"dlr\", \"gnp\", \"coffee\", \"veg-oil\", \"gold\", \"nat-gas\", \"money-supply\", \"livestock\"]}}"}
{"op_code":5,"worker_id":"f581c9a6-5ea3-4c0c-baf4-f197cae88876-139980931965760","trial_id":3,"param_name":"need_ml_2","param_value_internal":1.0,"distribution":"{\"name\": \"IntDistribution\", \"attributes\": {\"log\": false, \"step\": 1, \"low\": 0, \"high\": 1}}"}
{"op_code":5,"worker_id":"f581c9a6-5ea3-4c0c-baf4-f197cae88876-139980931965760","trial_id":3,"param_name":"ml_tau_2","param_value_internal":6,"distribution":"{\"name\": \"CategoricalDistribution\", \"attributes\": {\"choices\": [\"earn\", \"acq\", \"money-fx\", \"grain\", \"crude\", \"trade\", \"interest\", \"ship\", \"wheat\", \"corn\", \"sugar\", \"oilseed\", \"dlr\", \"gnp\", \"coffee\", \"veg-oil\", \"gold\", \"nat-gas\", \"money-supply\", \"livestock\"]}}"}
{"op_code":5,"worker_id":"f581c9a6-5ea3-4c0c-baf4-f197cae88876-139980931965760","trial_id":3,"param_name":"need_label_contains","param_value_internal":0.0,"distribution":"{\"name\": \"IntDistribution\", \"attributes\": {\"log\": false, \"step\": 1, \"low\": 0, \"high\": 1}}"}
{"op_code":5,"worker_id":"f581c9a6-5ea3-4c0c-baf4-f197cae88876-139980931965760","trial_id":3,"param_name":"need_label_eq","param_value_internal":1.0,"distribution":"{\"name\": \"IntDistribution\", \"attributes\": {\"log\": false, \"step\": 1, \"low\": 0, \"high\": 1}}"}
{"op_code":5,"worker_id":"f581c9a6-5ea3-4c0c-baf4-f197cae88876-139980931965760","trial_id":3,"param_name":"label_eq_tau","param_value_internal":3,"distribution":"{\"name\": \"CategoricalDistribution\", \"attributes\": {\"choices\": [\"earn\", \"acq\", \"money-fx\", \"grain\", \"crude\", \"trade\", \"interest\", \"ship\", \"wheat\", \"corn\", \"sugar\", \"oilseed\", \"dlr\", \"gnp\", \"coffee\", \"veg-oil\", \"gold\", \"nat-gas\", \"money-supply\", \"livestock\"]}}"}
{"op_code":5,"worker_id":"f581c9a6-5ea3-4c0c-baf4-f197cae88876-139980931965760","trial_id":3,"param_name":"need_label_minus","param_value_internal":0.0,"distribution":"{\"name\": \"IntDistribution\", \"attributes\": {\"log\": false, \"step\": 1, \"low\": 0, \"high\": 1}}"}
{"op_code":5,"worker_id":"f581c9a6-5ea3-4c0c-baf4-f197cae88876-139980931965760","trial_id":3,"param_name":"consequence_label","param_value_internal":16,"distribution":"{\"name\": \"CategoricalDistribution\", \"attributes\": {\"choices\": [\"earn\", \"acq\", \"money-fx\", \"grain\", \"crude\", \"trade\", \"interest\", \"ship\", \"wheat\", \"corn\", \"sugar\", \"oilseed\", \"dlr\", \"gnp\", \"coffee\", \"veg-oil\", \"gold\", \"nat-gas\", \"money-supply\", \"livestock\"]}}"}
{"op_code":6,"worker_id":"f581c9a6-5ea3-4c0c-baf4-f197cae88876-139980931965760","trial_id":3,"state":1,"values":[-1.0],"datetime_complete":"2026-03-21T20:17:37.059687"}
{"op_code":4,"worker_id":"f581c9a6-5ea3-4c0c-baf4-f197cae88876-139980931965760","study_id":0,"datetime_start":"2026-03-21T20:17:37.060677"}
{"op_code":5,"worker_id":"f581c9a6-5ea3-4c0c-baf4-f197cae88876-139980931965760","trial_id":4,"param_name":"body_size","param_value_internal":2.0,"distribution":"{\"name\": \"IntDistribution\", \"attributes\": {\"log\": false, \"step\": 1, \"low\": 1, \"high\": 4}}"}
{"op_code":5,"worker_id":"f581c9a6-5ea3-4c0c-baf4-f197cae88876-139980931965760","trial_id":4,"param_name":"body_pred_idx_0","param_value_internal":54.0,"distribution":"{\"name\": \"IntDistribution\", \"attributes\": {\"log\": false, \"step\": 1, \"low\": 0, \"high\": 99}}"}
{"op_code":5,"worker_id":"f581c9a6-5ea3-4c0c-baf4-f197cae88876-139980931965760","trial_id":4,"param_name":"body_pred_idx_1","param_value_internal":94.0,"distribution":"{\"name\": \"IntDistribution\", \"attributes\": {\"log\": false, \"step\": 1, \"low\": 0, \"high\": 99}}"}
{"op_code":5,"worker_id":"f581c9a6-5ea3-4c0c-baf4-f197cae88876-139980931965760","trial_id":4,"param_name":"need_ml_0","param_value_internal":0.0,"distribution":"{\"name\": \"IntDistribution\", \"attributes\": {\"log\": false, \"step\": 1, \"low\": 0, \"high\": 1}}"}
{"op_code":5,"worker_id":"f581c9a6-5ea3-4c0c-baf4-f197cae88876-139980931965760","trial_id":4,"param_name":"need_ml_1","param_value_internal":1.0,"distribution":"{\"name\": \"IntDistribution\", \"attributes\": {\"log\": false, \"step\": 1, \"low\": 0, \"high\": 1}}"}
{"op_code":5,"worker_id":"f581c9a6-5ea3-4c0c-baf4-f197cae88876-139980931965760","trial_id":4,"param_name":"ml_tau_1","param_value_internal":0,"distribution":"{\"name\": \"CategoricalDistribution\", \"attributes\": {\"choices\": [\"earn\", \"acq\", \"money-fx\", \"grain\", \"crude\", \"trade\", \"interest\", \"ship\", \"wheat\", \"corn\", \"sugar\", \"oilseed\", \"dlr\", \"gnp\", \"coffee\", \"veg-oil\", \"gold\", \"nat-gas\", \"money-supply\", \"livestock\"]}}"}
{"op_code":5,"worker_id":"f581c9a6-5ea3-4c0c-baf4-f197cae88876-139980931965760","trial_id":4,"param_name":"need_ml_2","param_value_internal":0.0,"distribution":"{\"name\": \"IntDistribution\", \"attributes\": {\"log\": false, \"step\": 1, \"low\": 0, \"high\": 1}}"}
{"op_code":5,"worker_id":"f581c9a6-5ea3-4c0c-baf4-f197cae88876-139980931965760","trial_id":4,"param_name":"need_label_contains","param_value_internal":1.0,"distribution":"{\"name\": \"IntDistribution\", \"attributes\": {\"log\": false, \"step\": 1, \"low\": 0, \"high\": 1}}"}
{"op_code":5,"worker_id":"f581c9a6-5ea3-4c0c-baf4-f197cae88876-139980931965760","trial_id":4,"param_name":"label_contains_tau","param_value_internal":1,"distribution":"{\"name\": \"CategoricalDistribution\", \"attributes\": {\"choices\": [\"earn\", \"acq\", \"money-fx\", \"grain\", \"crude\", \"trade\", \"interest\", \"ship\", \"wheat\", \"corn\", \"sugar\", \"oilseed\", \"dlr\", \"gnp\", \"coffee\", \"veg-oil\", \"gold\", \"nat-gas\", \"money-supply\", \"livestock\"]}}"}
{"op_code":5,"worker_id":"f581c9a6-5ea3-4c0c-baf4-f197cae88876-139980931965760","trial_id":4,"param_name":"need_label_eq","param_value_internal":0.0,"distribution":"{\"name\": \"IntDistribution\", \"attributes\": {\"log\": false, \"step\": 1, \"low\": 0, \"high\": 1}}"}
{"op_code":5,"worker_id":"f581c9a6-5ea3-4c0c-baf4-f197cae88876-139980931965760","trial_id":4,"param_name":"need_label_minus","param_value_internal":0.0,"distribution":"{\"name\": \"IntDistribution\", \"attributes\": {\"log\": false, \"step\": 1, \"low\": 0, \"high\": 1}}"}
{"op_code":5,"worker_id":"f581c9a6-5ea3-4c0c-baf4-f197cae88876-139980931965760","trial_id":4,"param_name":"consequence_label","param_value_internal":1,"distribution":"{\"name\": \"CategoricalDistribution\", \"attributes\": {\"choices\": [\"earn\", \"acq\", \"money-fx\", \"grain\", \"crude\", \"trade\", \"interest\", \"ship\", \"wheat\", \"corn\", \"sugar\", \"oilseed\", \"dlr\", \"gnp\", \"coffee\", \"veg-oil\", \"gold\", \"nat-gas\", \"money-supply\", \"livestock\"]}}"}
{"op_code":6,"worker_id":"f581c9a6-5ea3-4c0c-baf4-f197cae88876-139980931965760","trial_id":4,"state":1,"values":[-1.0],"datetime_complete":"2026-03-21T20:17:37.119582"}
{"op_code":4,"worker_id":"f581c9a6-5ea3-4c0c-baf4-f197cae88876-139980931965760","study_id":0,"datetime_start":"2026-03-21T20:17:37.120572"}
{"op_code":5,"worker_id":"f581c9a6-5ea3-4c0c-baf4-f197cae88876-139980931965760","trial_id":5,"param_name":"body_size","param_value_internal":4.0,"distribution":"{\"name\": \"IntDistribution\", \"attributes\": {\"log\": false, \"step\": 1, \"low\": 1, \"high\": 4}}"}
{"op_code":5,"worker_id":"f581c9a6-5ea3-4c0c-baf4-f197cae88876-139980931965760","trial_id":5,"param_name":"body_pred_idx_0","param_value_internal":61.0,"distribution":"{\"name\": \"IntDistribution\", \"attributes\": {\"log\": false, \"step\": 1, \"low\": 0, \"high\": 99}}"}
{"op_code":5,"worker_id":"f581c9a6-5ea3-4c0c-baf4-f197cae88876-139980931965760","trial_id":5,"param_name":"body_pred_idx_1","param_value_internal":10.0,"distribution":"{\"name\": \"IntDistribution\", \"attributes\": {\"log\": false, \"step\": 1, \"low\": 0, \"high\": 99}}"}
{"op_code":5,"worker_id":"f581c9a6-5ea3-4c0c-baf4-f197cae88876-139980931965760","trial_id":5,"param_name":"body_pred_idx_2","param_value_internal":8.0,"distribution":"{\"name\": \"IntDistribution\", \"attributes\": {\"log\": false, \"step\": 1, \"low\": 0, \"high\": 99}}"}
{"op_code":5,"worker_id":"f581c9a6-5ea3-4c0c-baf4-f197cae88876-139980931965760","trial_id":5,"param_name":"body_pred_idx_3","param_value_internal":70.0,"distribution":"{\"name\": \"IntDistribution\", \"attributes\": {\"log\": false, \"step\": 1, \"low\": 0, \"high\": 99}}"}
{"op_code":5,"worker_id":"f581c9a6-5ea3-4c0c-baf4-f197cae88876-139980931965760","trial_id":5,"param_name":"eta_8","param_value_internal":2.0,"distribution":"{\"name\": \"IntDistribution\", \"attributes\": {\"log\": false, \"step\": 1, \"low\": 1, \"high\": 20}}"}
{"op_code":5,"worker_id":"f581c9a6-5ea3-4c0c-baf4-f197cae88876-139980931965760","trial_id":5,"param_name":"op_8","param_value_internal":4,"distribution":"{\"name\": \"CategoricalDistribution\", \"attributes\": {\"choices\": [\">=\", \"<=\", \"==\", \">\", \"<\"]}}"}
{"op_code":5,"worker_id":"f581c9a6-5ea3-4c0c-baf4-f197cae88876-139980931965760","trial_id":5,"param_name":"need_ml_0","param_value_internal":0.0,"distribution":"{\"name\": \"IntDistribution\", \"attributes\": {\"log\": false, \"step\": 1, \"low\": 0, \"high\": 1}}"}
{"op_code":5,"worker_id":"f581c9a6-5ea3-4c0c-baf4-f197cae88876-139980931965760","trial_id":5,"param_name":"need_ml_1","param_value_internal":0.0,"distribution":"{\"name\": \"IntDistribution\", \"attributes\": {\"log\": false, \"step\": 1, \"low\": 0, \"high\": 1}}"}
{"op_code":5,"worker_id":"f581c9a6-5ea3-4c0c-baf4-f197cae88876-139980931965760","trial_id":5,"param_name":"need_ml_2","param_value_internal":1.0,"distribution":"{\"name\": \"IntDistribution\", \"attributes\": {\"log\": false, \"step\": 1, \"low\": 0, \"high\": 1}}"}
{"op_code":5,"worker_id":"f581c9a6-5ea3-4c0c-baf4-f197cae88876-139980931965760","trial_id":5,"param_name":"ml_tau_2","param_value_internal":1,"distribution":"{\"name\": \"CategoricalDistribution\", \"attributes\": {\"choices\": [\"earn\", \"acq\", \"money-fx\", \"grain\", \"crude\", \"trade\", \"interest\", \"ship\", \"wheat\", \"corn\", \"sugar\", \"oilseed\", \"dlr\", \"gnp\", \"coffee\", \"veg-oil\", \"gold\", \"nat-gas\", \"money-supply\", \"livestock\"]}}"}
{"op_code":5,"worker_id":"f581c9a6-5ea3-4c0c-baf4-f197cae88876-139980931965760","trial_id":5,"param_name":"need_label_contains","param_value_internal":0.0,"distribution":"{\"name\": \"IntDistribution\", \"attributes\": {\"log\": false, \"step\": 1, \"low\": 0, \"high\": 1}}"}
{"op_code":5,"worker_id":"f581c9a6-5ea3-4c0c-baf4-f197cae88876-139980931965760","trial_id":5,"param_name":"need_label_eq","param_value_internal":0.0,"distribution":"{\"name\": \"IntDistribution\", \"attributes\": {\"log\": false, \"step\": 1, \"low\": 0, \"high\": 1}}"}
{"op_code":5,"worker_id":"f581c9a6-5ea3-4c0c-baf4-f197cae88876-139980931965760","trial_id":5,"param_name":"need_label_minus","param_value_internal":1.0,"distribution":"{\"name\": \"IntDistribution\", \"attributes\": {\"log\": false, \"step\": 1, \"low\": 0, \"high\": 1}}"}
{"op_code":5,"worker_id":"f581c9a6-5ea3-4c0c-baf4-f197cae88876-139980931965760","trial_id":5,"param_name":"label_minus_tau","param_value_internal":7,"distribution":"{\"name\": \"CategoricalDistribution\", \"attributes\": {\"choices\": [\"earn\", \"acq\", \"money-fx\", \"grain\", \"crude\", \"trade\", \"interest\", \"ship\", \"wheat\", \"corn\", \"sugar\", \"oilseed\", \"dlr\", \"gnp\", \"coffee\", \"veg-oil\", \"gold\", \"nat-gas\", \"money-supply\", \"livestock\"]}}"}
{"op_code":5,"worker_id":"f581c9a6-5ea3-4c0c-baf4-f197cae88876-139980931965760","trial_id":5,"param_name":"consequence_label","param_value_internal":11,"distribution":"{\"name\": \"CategoricalDistribution\", \"attributes\": {\"choices\": [\"earn\", \"acq\", \"money-fx\", \"grain\", \"crude\", \"trade\", \"interest\", \"ship\", \"wheat\", \"corn\", \"sugar\", \"oilseed\", \"dlr\", \"gnp\", \"coffee\", \"veg-oil\", \"gold\", \"nat-gas\", \"money-supply\", \"livestock\"]}}"}
{"op_code":6,"worker_id":"f581c9a6-5ea3-4c0c-baf4-f197cae88876-139980931965760","trial_id":5,"state":1,"values":[-1.0],"datetime_complete":"2026-03-21T20:17:37.146568"}
{"op_code":4,"worker_id":"f581c9a6-5ea3-4c0c-baf4-f197cae88876-139980931965760","study_id":0,"datetime_start":"2026-03-21T20:17:37.147178"}
{"op_code":5,"worker_id":"f581c9a6-5ea3-4c0c-baf4-f197cae88876-139980931965760","trial_id":6,"param_name":"body_size","param_value_internal":4.0,"distribution":"{\"name\": \"IntDistribution\", \"attributes\": {\"log\": false, \"step\": 1, \"low\": 1, \"high\": 4}}"}
{"op_code":5,"worker_id":"f581c9a6-5ea3-4c0c-baf4-f197cae88876-139980931965760","trial_id":6,"param_name":"body_pred_idx_0","param_value_internal":72.0,"distribution":"{\"name\": \"IntDistribution\", \"attributes\": {\"log\": false, \"step\": 1, \"low\": 0, \"high\": 99}}"}
{"op_code":5,"worker_id":"f581c9a6-5ea3-4c0c-baf4-f197cae88876-139980931965760","trial_id":6,"param_name":"body_pred_idx_1","param_value_internal":61.0,"distribution":"{\"name\": \"IntDistribution\", \"attributes\": {\"log\": false, \"step\": 1, \"low\": 0, \"high\": 99}}"}
{"op_code":5,"worker_id":"f581c9a6-5ea3-4c0c-baf4-f197cae88876-139980931965760","trial_id":6,"param_name":"body_pred_idx_2","param_value_internal":41.0,"distribution":"{\"name\": \"IntDistribution\", \"attributes\": {\"log\": false, \"step\": 1, \"low\": 0, \"high\": 99}}"}
{"op_code":5,"worker_id":"f581c9a6-5ea3-4c0c-baf4-f197cae88876-139980931965760","trial_id":6,"param_name":"body_pred_idx_3","param_value_internal":93.0,"distribution":"{\"name\": \"IntDistribution\", \"attributes\": {\"log\": false, \"step\": 1, \"low\": 0, \"high\": 99}}"}
{"op_code":5,"worker_id":"f581c9a6-5ea3-4c0c-baf4-f197cae88876-139980931965760","trial_id":6,"param_name":"need_ml_0","param_value_internal":1.0,"distribution":"{\"name\": \"IntDistribution\", \"attributes\": {\"log\": false, \"step\": 1, \"low\": 0, \"high\": 1}}"}
{"op_code":5,"worker_id":"f581c9a6-5ea3-4c0c-baf4-f197cae88876-139980931965760","trial_id":6,"param_name":"ml_tau_0","param_value_internal":17,"distribution":"{\"name\": \"CategoricalDistribution\", \"attributes\": {\"choices\": [\"earn\", \"acq\", \"money-fx\", \"grain\", \"crude\", \"trade\", \"interest\", \"ship\", \"wheat\", \"corn\", \"sugar\", \"oilseed\", \"dlr\", \"gnp\", \"coffee\", \"veg-oil\", \"gold\", \"nat-gas\", \"money-supply\", \"livestock\"]}}"}
{"op_code":5,"worker_id":"f581c9a6-5ea3-4c0c-baf4-f197cae88876-139980931965760","trial_id":6,"param_name":"need_ml_1","param_value_internal":1.0,"distribution":"{\"name\": \"IntDistribution\", \"attributes\": {\"log\": false, \"step\": 1, \"low\": 0, \"high\": 1}}"}
{"op_code":5,"worker_id":"f581c9a6-5ea3-4c0c-baf4-f197cae88876-139980931965760","trial_id":6,"param_name":"ml_tau_1","param_value_internal":5,"distribution":"{\"name\": \"CategoricalDistribution\", \"attributes\": {\"choices\": [\"earn\", \"acq\", \"money-fx\", \"grain\", \"crude\", \"trade\", \"interest\", \"ship\", \"wheat\", \"corn\", \"sugar\", \"oilseed\", \"dlr\", \"gnp\", \"coffee\", \"veg-oil\", \"gold\", \"nat-gas\", \"money-supply\", \"livestock\"]}}"}
{"op_code":5,"worker_id":"f581c9a6-5ea3-4c0c-baf4-f197cae88876-139980931965760","trial_id":6,"param_name":"need_ml_2","param_value_internal":0.0,"distribution":"{\"name\": \"IntDistribution\", \"attributes\": {\"log\": false, \"step\": 1, \"low\": 0, \"high\": 1}}"}
{"op_code":5,"worker_id":"f581c9a6-5ea3-4c0c-baf4-f197cae88876-139980931965760","trial_id":6,"param_name":"need_label_contains","param_value_internal":0.0,"distribution":"{\"name\": \"IntDistribution\", \"attributes\": {\"log\": false, \"step\": 1, \"low\": 0, \"high\": 1}}"}
{"op_code":5,"worker_id":"f581c9a6-5ea3-4c0c-baf4-f197cae88876-139980931965760","trial_id":6,"param_name":"need_label_eq","param_value_internal":0.0,"distribution":"{\"name\": \"IntDistribution\", \"attributes\": {\"log\": false, \"step\": 1, \"low\": 0, \"high\": 1}}"}
{"op_code":5,"worker_id":"f581c9a6-5ea3-4c0c-baf4-f197cae88876-139980931965760","trial_id":6,"param_name":"need_label_minus","param_value_internal":1.0,"distribution":"{\"name\": \"IntDistribution\", \"attributes\": {\"log\": false, \"step\": 1, \"low\": 0, \"high\": 1}}"}
{"op_code":5,"worker_id":"f581c9a6-5ea3-4c0c-baf4-f197cae88876-139980931965760","trial_id":6,"param_name":"label_minus_tau","param_value_internal":16,"distribution":"{\"name\": \"CategoricalDistribution\", \"attributes\": {\"choices\": [\"earn\", \"acq\", \"money-fx\", \"grain\", \"crude\", \"trade\", \"interest\", \"ship\", \"wheat\", \"corn\", \"sugar\", \"oilseed\", \"dlr\", \"gnp\", \"coffee\", \"veg-oil\", \"gold\", \"nat-gas\", \"money-supply\", \"livestock\"]}}"}
{"op_code":5,"worker_id":"f581c9a6-5ea3-4c0c-baf4-f197cae88876-139980931965760","trial_id":6,"param_name":"consequence_label","param_value_internal":2,"distribution":"{\"name\": \"CategoricalDistribution\", \"attributes\": {\"choices\": [\"earn\", \"acq\", \"money-fx\", \"grain\", \"crude\", \"trade\", \"interest\", \"ship\", \"wheat\", \"corn\", \"sugar\", \"oilseed\", \"dlr\", \"gnp\", \"coffee\", \"veg-oil\", \"gold\", \"nat-gas\", \"money-supply\", \"livestock\"]}}"}
{"op_code":6,"worker_id":"f581c9a6-5ea3-4c0c-baf4-f197cae88876-139980931965760","trial_id":6,"state":1,"values":[-1.0],"datetime_complete":"2026-03-21T20:17:37.176661"}
{"op_code":4,"worker_id":"f581c9a6-5ea3-4c0c-baf4-f197cae88876-139980931965760","study_id":0,"datetime_start":"2026-03-21T20:17:37.177417"}
{"op_code":5,"worker_id":"f581c9a6-5ea3-4c0c-baf4-f197cae88876-139980931965760","trial_id":7,"param_name":"body_size","param_value_internal":1.0,"distribution":"{\"name\": \"IntDistribution\", \"attributes\": {\"log\": false, \"step\": 1, \"low\": 1, \"high\": 4}}"}
{"op_code":5,"worker_id":"f581c9a6-5ea3-4c0c-baf4-f197cae88876-139980931965760","trial_id":7,"param_name":"body_pred_idx_0","param_value_internal":16.0,"distribution":"{\"name\": \"IntDistribution\", \"attributes\": {\"log\": false, \"step\": 1, \"low\": 0, \"high\": 99}}"}
{"op_code":5,"worker_id":"f581c9a6-5ea3-4c0c-baf4-f197cae88876-139980931965760","trial_id":7,"param_name":"need_ml_0","param_value_internal":0.0,"distribution":"{\"name\": \"IntDistribution\", \"attributes\": {\"log\": false, \"step\": 1, \"low\": 0, \"high\": 1}}"}
{"op_code":5,"worker_id":"f581c9a6-5ea3-4c0c-baf4-f197cae88876-139980931965760","trial_id":7,"param_name":"need_ml_1","param_value_internal":0.0,"distribution":"{\"name\": \"IntDistribution\", \"attributes\": {\"log\": false, \"step\": 1, \"low\": 0, \"high\": 1}}"}
{"op_code":5,"worker_id":"f581c9a6-5ea3-4c0c-baf4-f197cae88876-139980931965760","trial_id":7,"param_name":"need_ml_2","param_value_internal":0.0,"distribution":"{\"name\": \"IntDistribution\", \"attributes\": {\"log\": false, \"step\": 1, \"low\": 0, \"high\": 1}}"}
{"op_code":5,"worker_id":"f581c9a6-5ea3-4c0c-baf4-f197cae88876-139980931965760","trial_id":7,"param_name":"need_label_contains","param_value_internal":0.0,"distribution":"{\"name\": \"IntDistribution\", \"attributes\": {\"log\": false, \"step\": 1, \"low\": 0, \"high\": 1}}"}
{"op_code":5,"worker_id":"f581c9a6-5ea3-4c0c-baf4-f197cae88876-139980931965760","trial_id":7,"param_name":"need_label_eq","param_value_internal":0.0,"distribution":"{\"name\": \"IntDistribution\", \"attributes\": {\"log\": false, \"step\": 1, \"low\": 0, \"high\": 1}}"}
{"op_code":5,"worker_id":"f581c9a6-5ea3-4c0c-baf4-f197cae88876-139980931965760","trial_id":7,"param_name":"need_label_minus","param_value_internal":0.0,"distribution":"{\"name\": \"IntDistribution\", \"attributes\": {\"log\": false, \"step\": 1, \"low\": 0, \"high\": 1}}"}
{"op_code":5,"worker_id":"f581c9a6-5ea3-4c0c-baf4-f197cae88876-139980931965760","trial_id":7,"param_name":"consequence_label","param_value_internal":8,"distribution":"{\"name\": \"CategoricalDistribution\", \"attributes\": {\"choices\": [\"earn\", \"acq\", \"money-fx\", \"grain\", \"crude\", \"trade\", \"interest\", \"ship\", \"wheat\", \"corn\", \"sugar\", \"oilseed\", \"dlr\", \"gnp\", \"coffee\", \"veg-oil\", \"gold\", \"nat-gas\", \"money-supply\", \"livestock\"]}}"}
{"op_code":6,"worker_id":"f581c9a6-5ea3-4c0c-baf4-f197cae88876-139980931965760","trial_id":7,"state":1,"values":[0.0],"datetime_complete":"2026-03-21T20:17:37.190347"}
{"op_code":4,"worker_id":"f581c9a6-5ea3-4c0c-baf4-f197cae88876-139980931965760","study_id":0,"datetime_start":"2026-03-21T20:17:37.190862"}
{"op_code":5,"worker_id":"f581c9a6-5ea3-4c0c-baf4-f197cae88876-139980931965760","trial_id":8,"param_name":"body_size","param_value_internal":3.0,"distribution":"{\"name\": \"IntDistribution\", \"attributes\": {\"log\": false, \"step\": 1, \"low\": 1, \"high\": 4}}"}
{"op_code":5,"worker_id":"f581c9a6-5ea3-4c0c-baf4-f197cae88876-139980931965760","trial_id":8,"param_name":"body_pred_idx_0","param_value_internal":3.0,"distribution":"{\"name\": \"IntDistribution\", \"attributes\": {\"log\": false, \"step\": 1, \"low\": 0, \"high\": 99}}"}
{"op_code":5,"worker_id":"f581c9a6-5ea3-4c0c-baf4-f197cae88876-139980931965760","trial_id":8,"param_name":"body_pred_idx_1","param_value_internal":25.0,"distribution":"{\"name\": \"IntDistribution\", \"attributes\": {\"log\": false, \"step\": 1, \"low\": 0, \"high\": 99}}"}
{"op_code":5,"worker_id":"f581c9a6-5ea3-4c0c-baf4-f197cae88876-139980931965760","trial_id":8,"param_name":"body_pred_idx_2","param_value_internal":71.0,"distribution":"{\"name\": \"IntDistribution\", \"attributes\": {\"log\": false, \"step\": 1, \"low\": 0, \"high\": 99}}"}
{"op_code":5,"worker_id":"f581c9a6-5ea3-4c0c-baf4-f197cae88876-139980931965760","trial_id":8,"param_name":"need_ml_0","param_value_internal":1.0,"distribution":"{\"name\": \"IntDistribution\", \"attributes\": {\"log\": false, \"step\": 1, \"low\": 0, \"high\": 1}}"}
{"op_code":5,"worker_id":"f581c9a6-5ea3-4c0c-baf4-f197cae88876-139980931965760","trial_id":8,"param_name":"ml_tau_0","param_value_internal":13,"distribution":"{\"name\": \"CategoricalDistribution\", \"attributes\": {\"choices\": [\"earn\", \"acq\", \"money-fx\", \"grain\", \"crude\", \"trade\", \"interest\", \"ship\", \"wheat\", \"corn\", \"sugar\", \"oilseed\", \"dlr\", \"gnp\", \"coffee\", \"veg-oil\", \"gold\", \"nat-gas\", \"money-supply\", \"livestock\"]}}"}
{"op_code":5,"worker_id":"f581c9a6-5ea3-4c0c-baf4-f197cae88876-139980931965760","trial_id":8,"param_name":"need_ml_1","param_value_internal":1.0,"distribution":"{\"name\": \"IntDistribution\", \"attributes\": {\"log\": false, \"step\": 1, \"low\": 0, \"high\": 1}}"}
{"op_code":5,"worker_id":"f581c9a6-5ea3-4c0c-baf4-f197cae88876-139980931965760","trial_id":8,"param_name":"ml_tau_1","param_value_internal":8,"distribution":"{\"name\": \"CategoricalDistribution\", \"attributes\": {\"choices\": [\"earn\", \"acq\", \"money-fx\", \"grain\", \"crude\", \"trade\", \"interest\", \"ship\", \"wheat\", \"corn\", \"sugar\", \"oilseed\", \"dlr\", \"gnp\", \"coffee\", \"veg-oil\", \"gold\", \"nat-gas\", \"money-supply\", \"livestock\"]}}"}
{"op_code":5,"worker_id":"f581c9a6-5ea3-4c0c-baf4-f197cae88876-139980931965760","trial_id":8,"param_name":"need_ml_2","param_value_internal":1.0,"distribution":"{\"name\": \"IntDistribution\", \"attributes\": {\"log\": false, \"step\": 1, \"low\": 0, \"high\": 1}}"}
{"op_code":5,"worker_id":"f581c9a6-5ea3-4c0c-baf4-f197cae88876-139980931965760","trial_id":8,"param_name":"ml_tau_2","param_value_internal":1,"distribution":"{\"name\": \"CategoricalDistribution\", \"attributes\": {\"choices\": [\"earn\", \"acq\", \"money-fx\", \"grain\", \"crude\", \"trade\", \"interest\", \"ship\", \"wheat\", \"corn\", \"sugar\", \"oilseed\", \"dlr\", \"gnp\", \"coffee\", \"veg-oil\", \"gold\", \"nat-gas\", \"money-supply\", \"livestock\"]}}"}
{"op_code":5,"worker_id":"f581c9a6-5ea3-4c0c-baf4-f197cae88876-139980931965760","trial_id":8,"param_name":"need_label_contains","param_value_internal":0.0,"distribution":"{\"name\": \"IntDistribution\", \"attributes\": {\"log\": false, \"step\": 1, \"low\": 0, \"high\": 1}}"}
{"op_code":5,"worker_id":"f581c9a6-5ea3-4c0c-baf4-f197cae88876-139980931965760","trial_id":8,"param_name":"need_label_eq","param_value_internal":1.0,"distribution":"{\"name\": \"IntDistribution\", \"attributes\": {\"log\": false, \"step\": 1, \"low\": 0, \"high\": 1}}"}
{"op_code":5,"worker_id":"f581c9a6-5ea3-4c0c-baf4-f197cae88876-139980931965760","trial_id":8,"param_name":"label_eq_tau","param_value_internal":9,"distribution":"{\"name\": \"CategoricalDistribution\", \"attributes\": {\"choices\": [\"earn\", \"acq\", \"money-fx\", \"grain\", \"crude\", \"trade\", \"interest\", \"ship\", \"wheat\", \"corn\", \"sugar\", \"oilseed\", \"dlr\", \"gnp\", \"coffee\", \"veg-oil\", \"gold\", \"nat-gas\", \"money-supply\", \"livestock\"]}}"}
{"op_code":5,"worker_id":"f581c9a6-5ea3-4c0c-baf4-f197cae88876-139980931965760","trial_id":8,"param_name":"need_label_minus","param_value_internal":1.0,"distribution":"{\"name\": \"IntDistribution\", \"attributes\": {\"log\": false, \"step\": 1, \"low\": 0, \"high\": 1}}"}
{"op_code":5,"worker_id":"f581c9a6-5ea3-4c0c-baf4-f197cae88876-139980931965760","trial_id":8,"param_name":"label_minus_tau","param_value_internal":0,"distribution":"{\"name\": \"CategoricalDistribution\", \"attributes\": {\"choices\": [\"earn\", \"acq\", \"money-fx\", \"grain\", \"crude\", \"trade\", \"interest\", \"ship\", \"wheat\", \"corn\", \"sugar\", \"oilseed\", \"dlr\", \"gnp\", \"coffee\", \"veg-oil\", \"gold\", \"nat-gas\", \"money-supply\", \"livestock\"]}}"}
{"op_code":5,"worker_id":"f581c9a6-5ea3-4c0c-baf4-f197cae88876-139980931965760","trial_id":8,"param_name":"consequence_label","param_value_internal":14,"distribution":"{\"name\": \"CategoricalDistribution\", \"attributes\": {\"choices\": [\"earn\", \"acq\", \"money-fx\", \"grain\", \"crude\", \"trade\", \"interest\", \"ship\", \"wheat\", \"corn\", \"sugar\", \"oilseed\", \"dlr\", \"gnp\", \"coffee\", \"veg-oil\", \"gold\", \"nat-gas\", \"money-supply\", \"livestock\"]}}"}
{"op_code":6,"worker_id":"f581c9a6-5ea3-4c0c-baf4-f197cae88876-139980931965760","trial_id":8,"state":1,"values":[-1.0],"datetime_complete":"2026-03-21T20:17:37.202189"}
{"op_code":4,"worker_id":"f581c9a6-5ea3-4c0c-baf4-f197cae88876-139980931965760","study_id":0,"datetime_start":"2026-03-21T20:17:37.202624"}
{"op_code":5,"worker_id":"f581c9a6-5ea3-4c0c-baf4-f197cae88876-139980931965760","trial_id":9,"param_name":"body_size","param_value_internal":3.0,"distribution":"{\"name\": \"IntDistribution\", \"attributes\": {\"log\": false, \"step\": 1, \"low\": 1, \"high\": 4}}"}
{"op_code":5,"worker_id":"f581c9a6-5ea3-4c0c-baf4-f197cae88876-139980931965760","trial_id":9,"param_name":"body_pred_idx_0","param_value_internal":89.0,"distribution":"{\"name\": \"IntDistribution\", \"attributes\": {\"log\": false, \"step\": 1, \"low\": 0, \"high\": 99}}"}
{"op_code":5,"worker_id":"f581c9a6-5ea3-4c0c-baf4-f197cae88876-139980931965760","trial_id":9,"param_name":"body_pred_idx_1","param_value_internal":78.0,"distribution":"{\"name\": \"IntDistribution\", \"attributes\": {\"log\": false, \"step\": 1, \"low\": 0, \"high\": 99}}"}
{"op_code":5,"worker_id":"f581c9a6-5ea3-4c0c-baf4-f197cae88876-139980931965760","trial_id":9,"param_name":"body_pred_idx_2","param_value_internal":15.0,"distribution":"{\"name\": \"IntDistribution\", \"attributes\": {\"log\": false, \"step\": 1, \"low\": 0, \"high\": 99}}"}
{"op_code":5,"worker_id":"f581c9a6-5ea3-4c0c-baf4-f197cae88876-139980931965760","trial_id":9,"param_name":"eta_15","param_value_internal":7.0,"distribution":"{\"name\": \"IntDistribution\", \"attributes\": {\"log\": false, \"step\": 1, \"low\": 1, \"high\": 20}}"}
{"op_code":5,"worker_id":"f581c9a6-5ea3-4c0c-baf4-f197cae88876-139980931965760","trial_id":9,"param_name":"op_15","param_value_internal":4,"distribution":"{\"name\": \"CategoricalDistribution\", \"attributes\": {\"choices\": [\">=\", \"<=\", \"==\", \">\", \"<\"]}}"}
{"op_code":5,"worker_id":"f581c9a6-5ea3-4c0c-baf4-f197cae88876-139980931965760","trial_id":9,"param_name":"need_ml_0","param_value_internal":1.0,"distribution":"{\"name\": \"IntDistribution\", \"attributes\": {\"log\": false, \"step\": 1, \"low\": 0, \"high\": 1}}"}
{"op_code":5,"worker_id":"f581c9a6-5ea3-4c0c-baf4-f197cae88876-139980931965760","trial_id":9,"param_name":"ml_tau_0","param_value_internal":17,"distribution":"{\"name\": \"CategoricalDistribution\", \"attributes\": {\"choices\": [\"earn\", \"acq\", \"money-fx\", \"grain\", \"crude\", \"trade\", \"interest\", \"ship\", \"wheat\", \"corn\", \"sugar\", \"oilseed\", \"dlr\", \"gnp\", \"coffee\", \"veg-oil\", \"gold\", \"nat-gas\", \"money-supply\", \"livestock\"]}}"}
{"op_code":5,"worker_id":"f581c9a6-5ea3-4c0c-baf4-f197cae88876-139980931965760","trial_id":9,"param_name":"need_ml_1","param_value_internal":0.0,"distribution":"{\"name\": \"IntDistribution\", \"attributes\": {\"log\": false, \"step\": 1, \"low\": 0, \"high\": 1}}"}
{"op_code":5,"worker_id":"f581c9a6-5ea3-4c0c-baf4-f197cae88876-139980931965760","trial_id":9,"param_name":"need_ml_2","param_value_internal":1.0,"distribution":"{\"name\": \"IntDistribution\", \"attributes\": {\"log\": false, \"step\": 1, \"low\": 0, \"high\": 1}}"}
{"op_code":5,"worker_id":"f581c9a6-5ea3-4c0c-baf4-f197cae88876-139980931965760","trial_id":9,"param_name":"ml_tau_2","param_value_internal":16,"distribution":"{\"name\": \"CategoricalDistribution\", \"attributes\": {\"choices\": [\"earn\", \"acq\", \"money-fx\", \"grain\", \"crude\", \"trade\", \"interest\", \"ship\", \"wheat\", \"corn\", \"sugar\", \"oilseed\", \"dlr\", \"gnp\", \"coffee\", \"veg-oil\", \"gold\", \"nat-gas\", \"money-supply\", \"livestock\"]}}"}
{"op_code":5,"worker_id":"f581c9a6-5ea3-4c0c-baf4-f197cae88876-139980931965760","trial_id":9,"param_name":"need_label_contains","param_value_internal":1.0,"distribution":"{\"name\": \"IntDistribution\", \"attributes\": {\"log\": false, \"step\": 1, \"low\": 0, \"high\": 1}}"}
{"op_code":5,"worker_id":"f581c9a6-5ea3-4c0c-baf4-f197cae88876-139980931965760","trial_id":9,"param_name":"label_contains_tau","param_value_internal":2,"distribution":"{\"name\": \"CategoricalDistribution\", \"attributes\": {\"choices\": [\"earn\", \"acq\", \"money-fx\", \"grain\", \"crude\", \"trade\", \"interest\", \"ship\", \"wheat\", \"corn\", \"sugar\", \"oilseed\", \"dlr\", \"gnp\", \"coffee\", \"veg-oil\", \"gold\", \"nat-gas\", \"money-supply\", \"livestock\"]}}"}
{"op_code":5,"worker_id":"f581c9a6-5ea3-4c0c-baf4-f197cae88876-139980931965760","trial_id":9,"param_name":"need_label_eq","param_value_internal":0.0,"distribution":"{\"name\": \"IntDistribution\", \"attributes\": {\"log\": false, \"step\": 1, \"low\": 0, \"high\": 1}}"}
{"op_code":5,"worker_id":"f581c9a6-5ea3-4c0c-baf4-f197cae88876-139980931965760","trial_id":9,"param_name":"need_label_minus","param_value_internal":0.0,"distribution":"{\"name\": \"IntDistribution\", \"attributes\": {\"log\": false, \"step\": 1, \"low\": 0, \"high\": 1}}"}
{"op_code":5,"worker_id":"f581c9a6-5ea3-4c0c-baf4-f197cae88876-139980931965760","trial_id":9,"param_name":"consequence_label","param_value_internal":14,"distribution":"{\"name\": \"CategoricalDistribution\", \"attributes\": {\"choices\": [\"earn\", \"acq\", \"money-fx\", \"grain\", \"crude\", \"trade\", \"interest\", \"ship\", \"wheat\", \"corn\", \"sugar\", \"oilseed\", \"dlr\", \"gnp\", \"coffee\", \"veg-oil\", \"gold\", \"nat-gas\", \"money-supply\", \"livestock\"]}}"}
{"op_code":6,"worker_id":"f581c9a6-5ea3-4c0c-baf4-f197cae88876-139980931965760","trial_id":9,"state":1,"values":[-1.0],"datetime_complete":"2026-03-21T20:17:37.589899"}
{"op_code":4,"worker_id":"f581c9a6-5ea3-4c0c-baf4-f197cae88876-139980931965760","study_id":0,"datetime_start":"2026-03-21T20:17:37.591041"}
{"op_code":5,"worker_id":"f581c9a6-5ea3-4c0c-baf4-f197cae88876-139980931965760","trial_id":10,"param_name":"body_size","param_value_internal":1.0,"distribution":"{\"name\": \"IntDistribution\", \"attributes\": {\"log\": false, \"step\": 1, \"low\": 1, \"high\": 4}}"}
{"op_code":5,"worker_id":"f581c9a6-5ea3-4c0c-baf4-f197cae88876-139980931965760","trial_id":10,"param_name":"body_pred_idx_0","param_value_internal":29.0,"distribution":"{\"name\": \"IntDistribution\", \"attributes\": {\"log\": false, \"step\": 1, \"low\": 0, \"high\": 99}}"}
{"op_code":5,"worker_id":"f581c9a6-5ea3-4c0c-baf4-f197cae88876-139980931965760","trial_id":10,"param_name":"need_ml_0","param_value_internal":0.0,"distribution":"{\"name\": \"IntDistribution\", \"attributes\": {\"log\": false, \"step\": 1, \"low\": 0, \"high\": 1}}"}
{"op_code":5,"worker_id":"f581c9a6-5ea3-4c0c-baf4-f197cae88876-139980931965760","trial_id":10,"param_name":"need_ml_1","param_value_internal":0.0,"distribution":"{\"name\": \"IntDistribution\", \"attributes\": {\"log\": false, \"step\": 1, \"low\": 0, \"high\": 1}}"}
{"op_code":5,"worker_id":"f581c9a6-5ea3-4c0c-baf4-f197cae88876-139980931965760","trial_id":10,"param_name":"need_ml_2","param_value_internal":0.0,"distribution":"{\"name\": \"IntDistribution\", \"attributes\": {\"log\": false, \"step\": 1, \"low\": 0, \"high\": 1}}"}
{"op_code":5,"worker_id":"f581c9a6-5ea3-4c0c-baf4-f197cae88876-139980931965760","trial_id":10,"param_name":"need_label_contains","param_value_internal":1.0,"distribution":"{\"name\": \"IntDistribution\", \"attributes\": {\"log\": false, \"step\": 1, \"low\": 0, \"high\": 1}}"}
{"op_code":5,"worker_id":"f581c9a6-5ea3-4c0c-baf4-f197cae88876-139980931965760","trial_id":10,"param_name":"label_contains_tau","param_value_internal":0,"distribution":"{\"name\": \"CategoricalDistribution\", \"attributes\": {\"choices\": [\"earn\", \"acq\", \"money-fx\", \"grain\", \"crude\", \"trade\", \"interest\", \"ship\", \"wheat\", \"corn\", \"sugar\", \"oilseed\", \"dlr\", \"gnp\", \"coffee\", \"veg-oil\", \"gold\", \"nat-gas\", \"money-supply\", \"livestock\"]}}"}
{"op_code":5,"worker_id":"f581c9a6-5ea3-4c0c-baf4-f197cae88876-139980931965760","trial_id":10,"param_name":"need_label_eq","param_value_internal":0.0,"distribution":"{\"name\": \"IntDistribution\", \"attributes\": {\"log\": false, \"step\": 1, \"low\": 0, \"high\": 1}}"}
{"op_code":5,"worker_id":"f581c9a6-5ea3-4c0c-baf4-f197cae88876-139980931965760","trial_id":10,"param_name":"need_label_minus","param_value_internal":0.0,"distribution":"{\"name\": \"IntDistribution\", \"attributes\": {\"log\": false, \"step\": 1, \"low\": 0, \"high\": 1}}"}
{"op_code":5,"worker_id":"f581c9a6-5ea3-4c0c-baf4-f197cae88876-139980931965760","trial_id":10,"param_name":"consequence_label","param_value_internal":8,"distribution":"{\"name\": \"CategoricalDistribution\", \"attributes\": {\"choices\": [\"earn\", \"acq\", \"money-fx\", \"grain\", \"crude\", \"trade\", \"interest\", \"ship\", \"wheat\", \"corn\", \"sugar\", \"oilseed\", \"dlr\", \"gnp\", \"coffee\", \"veg-oil\", \"gold\", \"nat-gas\", \"money-supply\", \"livestock\"]}}"}
{"op_code":6,"worker_id":"f581c9a6-5ea3-4c0c-baf4-f197cae88876-139980931965760","trial_id":10,"state":1,"values":[0.0],"datetime_complete":"2026-03-21T20:17:37.626065"}
{"op_code":4,"worker_id":"f581c9a6-5ea3-4c0c-baf4-f197cae88876-139980931965760","study_id":0,"datetime_start":"2026-03-21T20:17:37.626731"}
{"op_code":5,"worker_id":"f581c9a6-5ea3-4c0c-baf4-f197cae88876-139980931965760","trial_id":11,"param_name":"body_size","param_value_internal":1.0,"distribution":"{\"name\": \"IntDistribution\", \"attributes\": {\"log\": false, \"step\": 1, \"low\": 1, \"high\": 4}}"}
{"op_code":5,"worker_id":"f581c9a6-5ea3-4c0c-baf4-f197cae88876-139980931965760","trial_id":11,"param_name":"body_pred_idx_0","param_value_internal":35.0,"distribution":"{\"name\": \"IntDistribution\", \"attributes\": {\"log\": false, \"step\": 1, \"low\": 0, \"high\": 99}}"}
{"op_code":5,"worker_id":"f581c9a6-5ea3-4c0c-baf4-f197cae88876-139980931965760","trial_id":11,"param_name":"need_ml_0","param_value_internal":0.0,"distribution":"{\"name\": \"IntDistribution\", \"attributes\": {\"log\": false, \"step\": 1, \"low\": 0, \"high\": 1}}"}
{"op_code":5,"worker_id":"f581c9a6-5ea3-4c0c-baf4-f197cae88876-139980931965760","trial_id":11,"param_name":"need_ml_1","param_value_internal":0.0,"distribution":"{\"name\": \"IntDistribution\", \"attributes\": {\"log\": false, \"step\": 1, \"low\": 0, \"high\": 1}}"}
{"op_code":5,"worker_id":"f581c9a6-5ea3-4c0c-baf4-f197cae88876-139980931965760","trial_id":11,"param_name":"need_ml_2","param_value_internal":0.0,"distribution":"{\"name\": \"IntDistribution\", \"attributes\": {\"log\": false, \"step\": 1, \"low\": 0, \"high\": 1}}"}
{"op_code":5,"worker_id":"f581c9a6-5ea3-4c0c-baf4-f197cae88876-139980931965760","trial_id":11,"param_name":"need_label_contains","param_value_internal":1.0,"distribution":"{\"name\": \"IntDistribution\", \"attributes\": {\"log\": false, \"step\": 1, \"low\": 0, \"high\": 1}}"}
{"op_code":5,"worker_id":"f581c9a6-5ea3-4c0c-baf4-f197cae88876-139980931965760","trial_id":11,"param_name":"label_contains_tau","param_value_internal":0,"distribution":"{\"name\": \"CategoricalDistribution\", \"attributes\": {\"choices\": [\"earn\", \"acq\", \"money-fx\", \"grain\", \"crude\", \"trade\", \"interest\", \"ship\", \"wheat\", \"corn\", \"sugar\", \"oilseed\", \"dlr\", \"gnp\", \"coffee\", \"veg-oil\", \"gold\", \"nat-gas\", \"money-supply\", \"livestock\"]}}"}
{"op_code":5,"worker_id":"f581c9a6-5ea3-4c0c-baf4-f197cae88876-139980931965760","trial_id":11,"param_name":"need_label_eq","param_value_internal":0.0,"distribution":"{\"name\": \"IntDistribution\", \"attributes\": {\"log\": false, \"step\": 1, \"low\": 0, \"high\": 1}}"}
{"op_code":5,"worker_id":"f581c9a6-5ea3-4c0c-baf4-f197cae88876-139980931965760","trial_id":11,"param_name":"need_label_minus","param_value_internal":0.0,"distribution":"{\"name\": \"IntDistribution\", \"attributes\": {\"log\": false, \"step\": 1, \"low\": 0, \"high\": 1}}"}
{"op_code":5,"worker_id":"f581c9a6-5ea3-4c0c-baf4-f197cae88876-139980931965760","trial_id":11,"param_name":"consequence_label","param_value_internal":8,"distribution":"{\"name\": \"CategoricalDistribution\", \"attributes\": {\"choices\": [\"earn\", \"acq\", \"money-fx\", \"grain\", \"crude\", \"trade\", \"interest\", \"ship\", \"wheat\", \"corn\", \"sugar\", \"oilseed\", \"dlr\", \"gnp\", \"coffee\", \"veg-oil\", \"gold\", \"nat-gas\", \"money-supply\", \"livestock\"]}}"}
{"op_code":6,"worker_id":"f581c9a6-5ea3-4c0c-baf4-f197cae88876-139980931965760","trial_id":11,"state":1,"values":[0.0],"datetime_complete":"2026-03-21T20:17:37.665504"}
{"op_code":4,"worker_id":"f581c9a6-5ea3-4c0c-baf4-f197cae88876-139980931965760","study_id":0,"datetime_start":"2026-03-21T20:17:37.666099"}
{"op_code":5,"worker_id":"f581c9a6-5ea3-4c0c-baf4-f197cae88876-139980931965760","trial_id":12,"param_name":"body_size","param_value_internal":1.0,"distribution":"{\"name\": \"IntDistribution\", \"attributes\": {\"log\": false, \"step\": 1, \"low\": 1, \"high\": 4}}"}
{"op_code":5,"worker_id":"f581c9a6-5ea3-4c0c-baf4-f197cae88876-139980931965760","trial_id":12,"param_name":"body_pred_idx_0","param_value_internal":32.0,"distribution":"{\"name\": \"IntDistribution\", \"attributes\": {\"log\": false, \"step\": 1, \"low\": 0, \"high\": 99}}"}
{"op_code":5,"worker_id":"f581c9a6-5ea3-4c0c-baf4-f197cae88876-139980931965760","trial_id":12,"param_name":"need_ml_0","param_value_internal":0.0,"distribution":"{\"name\": \"IntDistribution\", \"attributes\": {\"log\": false, \"step\": 1, \"low\": 0, \"high\": 1}}"}
{"op_code":5,"worker_id":"f581c9a6-5ea3-4c0c-baf4-f197cae88876-139980931965760","trial_id":12,"param_name":"need_ml_1","param_value_internal":0.0,"distribution":"{\"name\": \"IntDistribution\", \"attributes\": {\"log\": false, \"step\": 1, \"low\": 0, \"high\": 1}}"}
{"op_code":5,"worker_id":"f581c9a6-5ea3-4c0c-baf4-f197cae88876-139980931965760","trial_id":12,"param_name":"need_ml_2","param_value_internal":0.0,"distribution":"{\"name\": \"IntDistribution\", \"attributes\": {\"log\": false, \"step\": 1, \"low\": 0, \"high\": 1}}"}
{"op_code":5,"worker_id":"f581c9a6-5ea3-4c0c-baf4-f197cae88876-139980931965760","trial_id":12,"param_name":"need_label_contains","param_value_internal":1.0,"distribution":"{\"name\": \"IntDistribution\", \"attributes\": {\"log\": false, \"step\": 1, \"low\": 0, \"high\": 1}}"}
{"op_code":5,"worker_id":"f581c9a6-5ea3-4c0c-baf4-f197cae88876-139980931965760","trial_id":12,"param_name":"label_contains_tau","param_value_internal":15,"distribution":"{\"name\": \"CategoricalDistribution\", \"attributes\": {\"choices\": [\"earn\", \"acq\", \"money-fx\", \"grain\", \"crude\", \"trade\", \"interest\", \"ship\", \"wheat\", \"corn\", \"sugar\", \"oilseed\", \"dlr\", \"gnp\", \"coffee\", \"veg-oil\", \"gold\", \"nat-gas\", \"money-supply\", \"livestock\"]}}"}
{"op_code":5,"worker_id":"f581c9a6-5ea3-4c0c-baf4-f197cae88876-139980931965760","trial_id":12,"param_name":"need_label_eq","param_value_internal":0.0,"distribution":"{\"name\": \"IntDistribution\", \"attributes\": {\"log\": false, \"step\": 1, \"low\": 0, \"high\": 1}}"}
{"op_code":5,"worker_id":"f581c9a6-5ea3-4c0c-baf4-f197cae88876-139980931965760","trial_id":12,"param_name":"need_label_minus","param_value_internal":0.0,"distribution":"{\"name\": \"IntDistribution\", \"attributes\": {\"log\": false, \"step\": 1, \"low\": 0, \"high\": 1}}"}
{"op_code":5,"worker_id":"f581c9a6-5ea3-4c0c-baf4-f197cae88876-139980931965760","trial_id":12,"param_name":"consequence_label","param_value_internal":8,"distribution":"{\"name\": \"CategoricalDistribution\", \"attributes\": {\"choices\": [\"earn\", \"acq\", \"money-fx\", \"grain\", \"crude\", \"trade\", \"interest\", \"ship\", \"wheat\", \"corn\", \"sugar\", \"oilseed\", \"dlr\", \"gnp\", \"coffee\", \"veg-oil\", \"gold\", \"nat-gas\", \"money-supply\", \"livestock\"]}}"}
{"op_code":6,"worker_id":"f581c9a6-5ea3-4c0c-baf4-f197cae88876-139980931965760","trial_id":12,"state":1,"values":[-1.0],"datetime_complete":"2026-03-21T20:17:37.695660"}
{"op_code":4,"worker_id":"f581c9a6-5ea3-4c0c-baf4-f197cae88876-139980931965760","study_id":0,"datetime_start":"2026-03-21T20:17:37.696205"}
{"op_code":5,"worker_id":"f581c9a6-5ea3-4c0c-baf4-f197cae88876-139980931965760","trial_id":13,"param_name":"body_size","param_value_internal":1.0,"distribution":"{\"name\": \"IntDistribution\", \"attributes\": {\"log\": false, \"step\": 1, \"low\": 1, \"high\": 4}}"}
{"op_code":5,"worker_id":"f581c9a6-5ea3-4c0c-baf4-f197cae88876-139980931965760","trial_id":13,"param_name":"body_pred_idx_0","param_value_internal":32.0,"distribution":"{\"name\": \"IntDistribution\", \"attributes\": {\"log\": false, \"step\": 1, \"low\": 0, \"high\": 99}}"}
{"op_code":5,"worker_id":"f581c9a6-5ea3-4c0c-baf4-f197cae88876-139980931965760","trial_id":13,"param_name":"need_ml_0","param_value_internal":0.0,"distribution":"{\"name\": \"IntDistribution\", \"attributes\": {\"log\": false, \"step\": 1, \"low\": 0, \"high\": 1}}"}
{"op_code":5,"worker_id":"f581c9a6-5ea3-4c0c-baf4-f197cae88876-139980931965760","trial_id":13,"param_name":"need_ml_1","param_value_internal":0.0,"distribution":"{\"name\": \"IntDistribution\", \"attributes\": {\"log\": false, \"step\": 1, \"low\": 0, \"high\": 1}}"}
{"op_code":5,"worker_id":"f581c9a6-5ea3-4c0c-baf4-f197cae88876-139980931965760","trial_id":13,"param_name":"need_ml_2","param_value_internal":0.0,"distribution":"{\"name\": \"IntDistribution\", \"attributes\": {\"log\": false, \"step\": 1, \"low\": 0, \"high\": 1}}"}
{"op_code":5,"worker_id":"f581c9a6-5ea3-4c0c-baf4-f197cae88876-139980931965760","trial_id":13,"param_name":"need_label_contains","param_value_internal":1.0,"distribution":"{\"name\": \"IntDistribution\", \"attributes\": {\"log\": false, \"step\": 1, \"low\": 0, \"high\": 1}}"}
{"op_code":5,"worker_id":"f581c9a6-5ea3-4c0c-baf4-f197cae88876-139980931965760","trial_id":13,"param_name":"label_contains_tau","param_value_internal":0,"distribution":"{\"name\": \"CategoricalDistribution\", \"attributes\": {\"choices\": [\"earn\", \"acq\", \"money-fx\", \"grain\", \"crude\", \"trade\", \"interest\", \"ship\", \"wheat\", \"corn\", \"sugar\", \"oilseed\", \"dlr\", \"gnp\", \"coffee\", \"veg-oil\", \"gold\", \"nat-gas\", \"money-supply\", \"livestock\"]}}"}
{"op_code":5,"worker_id":"f581c9a6-5ea3-4c0c-baf4-f197cae88876-139980931965760","trial_id":13,"param_name":"need_label_eq","param_value_internal":0.0,"distribution":"{\"name\": \"IntDistribution\", \"attributes\": {\"log\": false, \"step\": 1, \"low\": 0, \"high\": 1}}"}
{"op_code":5,"worker_id":"f581c9a6-5ea3-4c0c-baf4-f197cae88876-139980931965760","trial_id":13,"param_name":"need_label_minus","param_value_internal":0.0,"distribution":"{\"name\": \"IntDistribution\", \"attributes\": {\"log\": false, \"step\": 1, \"low\": 0, \"high\": 1}}"}
{"op_code":5,"worker_id":"f581c9a6-5ea3-4c0c-baf4-f197cae88876-139980931965760","trial_id":13,"param_name":"consequence_label","param_value_internal":3,"distribution":"{\"name\": \"CategoricalDistribution\", \"attributes\": {\"choices\": [\"earn\", \"acq\", \"money-fx\", \"grain\", \"crude\", \"trade\", \"interest\", \"ship\", \"wheat\", \"corn\", \"sugar\", \"oilseed\", \"dlr\", \"gnp\", \"coffee\", \"veg-oil\", \"gold\", \"nat-gas\", \"money-supply\", \"livestock\"]}}"}
{"op_code":6,"worker_id":"f581c9a6-5ea3-4c0c-baf4-f197cae88876-139980931965760","trial_id":13,"state":1,"values":[0.0],"datetime_complete":"2026-03-21T20:17:37.729579"}
{"op_code":4,"worker_id":"f581c9a6-5ea3-4c0c-baf4-f197cae88876-139980931965760","study_id":0,"datetime_start":"2026-03-21T20:17:37.730137"}
{"op_code":5,"worker_id":"f581c9a6-5ea3-4c0c-baf4-f197cae88876-139980931965760","trial_id":14,"param_name":"body_size","param_value_internal":1.0,"distribution":"{\"name\": \"IntDistribution\", \"attributes\": {\"log\": false, \"step\": 1, \"low\": 1, \"high\": 4}}"}
{"op_code":5,"worker_id":"f581c9a6-5ea3-4c0c-baf4-f197cae88876-139980931965760","trial_id":14,"param_name":"body_pred_idx_0","param_value_internal":23.0,"distribution":"{\"name\": \"IntDistribution\", \"attributes\": {\"log\": false, \"step\": 1, \"low\": 0, \"high\": 99}}"}
{"op_code":5,"worker_id":"f581c9a6-5ea3-4c0c-baf4-f197cae88876-139980931965760","trial_id":14,"param_name":"need_ml_0","param_value_internal":0.0,"distribution":"{\"name\": \"IntDistribution\", \"attributes\": {\"log\": false, \"step\": 1, \"low\": 0, \"high\": 1}}"}
{"op_code":5,"worker_id":"f581c9a6-5ea3-4c0c-baf4-f197cae88876-139980931965760","trial_id":14,"param_name":"need_ml_1","param_value_internal":0.0,"distribution":"{\"name\": \"IntDistribution\", \"attributes\": {\"log\": false, \"step\": 1, \"low\": 0, \"high\": 1}}"}
{"op_code":5,"worker_id":"f581c9a6-5ea3-4c0c-baf4-f197cae88876-139980931965760","trial_id":14,"param_name":"need_ml_2","param_value_internal":0.0,"distribution":"{\"name\": \"IntDistribution\", \"attributes\": {\"log\": false, \"step\": 1, \"low\": 0, \"high\": 1}}"}
{"op_code":5,"worker_id":"f581c9a6-5ea3-4c0c-baf4-f197cae88876-139980931965760","trial_id":14,"param_name":"need_label_contains","param_value_internal":0.0,"distribution":"{\"name\": \"IntDistribution\", \"attributes\": {\"log\": false, \"step\": 1, \"low\": 0, \"high\": 1}}"}
{"op_code":5,"worker_id":"f581c9a6-5ea3-4c0c-baf4-f197cae88876-139980931965760","trial_id":14,"param_name":"need_label_eq","param_value_internal":0.0,"distribution":"{\"name\": \"IntDistribution\", \"attributes\": {\"log\": false, \"step\": 1, \"low\": 0, \"high\": 1}}"}
{"op_code":5,"worker_id":"f581c9a6-5ea3-4c0c-baf4-f197cae88876-139980931965760","trial_id":14,"param_name":"need_label_minus","param_value_internal":0.0,"distribution":"{\"name\": \"IntDistribution\", \"attributes\": {\"log\": false, \"step\": 1, \"low\": 0, \"high\": 1}}"}
{"op_code":5,"worker_id":"f581c9a6-5ea3-4c0c-baf4-f197cae88876-139980931965760","trial_id":14,"param_name":"consequence_label","param_value_internal":12,"distribution":"{\"name\": \"CategoricalDistribution\", \"attributes\": {\"choices\": [\"earn\", \"acq\", \"money-fx\", \"grain\", \"crude\", \"trade\", \"interest\", \"ship\", \"wheat\", \"corn\", \"sugar\", \"oilseed\", \"dlr\", \"gnp\", \"coffee\", \"veg-oil\", \"gold\", \"nat-gas\", \"money-supply\", \"livestock\"]}}"}
{"op_code":6,"worker_id":"f581c9a6-5ea3-4c0c-baf4-f197cae88876-139980931965760","trial_id":14,"state":1,"values":[0.0],"datetime_complete":"2026-03-21T20:17:37.764033"}
{"op_code":4,"worker_id":"f581c9a6-5ea3-4c0c-baf4-f197cae88876-139980931965760","study_id":0,"datetime_start":"2026-03-21T20:17:37.765004"}
{"op_code":5,"worker_id":"f581c9a6-5ea3-4c0c-baf4-f197cae88876-139980931965760","trial_id":15,"param_name":"body_size","param_value_internal":1.0,"distribution":"{\"name\": \"IntDistribution\", \"attributes\": {\"log\": false, \"step\": 1, \"low\": 1, \"high\": 4}}"}
{"op_code":5,"worker_id":"f581c9a6-5ea3-4c0c-baf4-f197cae88876-139980931965760","trial_id":15,"param_name":"body_pred_idx_0","param_value_internal":44.0,"distribution":"{\"name\": \"IntDistribution\", \"attributes\": {\"log\": false, \"step\": 1, \"low\": 0, \"high\": 99}}"}
{"op_code":5,"worker_id":"f581c9a6-5ea3-4c0c-baf4-f197cae88876-139980931965760","trial_id":15,"param_name":"need_ml_0","param_value_internal":0.0,"distribution":"{\"name\": \"IntDistribution\", \"attributes\": {\"log\": false, \"step\": 1, \"low\": 0, \"high\": 1}}"}
{"op_code":5,"worker_id":"f581c9a6-5ea3-4c0c-baf4-f197cae88876-139980931965760","trial_id":15,"param_name":"need_ml_1","param_value_internal":0.0,"distribution":"{\"name\": \"IntDistribution\", \"attributes\": {\"log\": false, \"step\": 1, \"low\": 0, \"high\": 1}}"}
{"op_code":5,"worker_id":"f581c9a6-5ea3-4c0c-baf4-f197cae88876-139980931965760","trial_id":15,"param_name":"need_ml_2","param_value_internal":0.0,"distribution":"{\"name\": \"IntDistribution\", \"attributes\": {\"log\": false, \"step\": 1, \"low\": 0, \"high\": 1}}"}
{"op_code":5,"worker_id":"f581c9a6-5ea3-4c0c-baf4-f197cae88876-139980931965760","trial_id":15,"param_name":"need_label_contains","param_value_internal":1.0,"distribution":"{\"name\": \"IntDistribution\", \"attributes\": {\"log\": false, \"step\": 1, \"low\": 0, \"high\": 1}}"}
{"op_code":5,"worker_id":"f581c9a6-5ea3-4c0c-baf4-f197cae88876-139980931965760","trial_id":15,"param_name":"label_contains_tau","param_value_internal":11,"distribution":"{\"name\": \"CategoricalDistribution\", \"attributes\": {\"choices\": [\"earn\", \"acq\", \"money-fx\", \"grain\", \"crude\", \"trade\", \"interest\", \"ship\", \"wheat\", \"corn\", \"sugar\", \"oilseed\", \"dlr\", \"gnp\", \"coffee\", \"veg-oil\", \"gold\", \"nat-gas\", \"money-supply\", \"livestock\"]}}"}
{"op_code":5,"worker_id":"f581c9a6-5ea3-4c0c-baf4-f197cae88876-139980931965760","trial_id":15,"param_name":"need_label_eq","param_value_internal":0.0,"distribution":"{\"name\": \"IntDistribution\", \"attributes\": {\"log\": false, \"step\": 1, \"low\": 0, \"high\": 1}}"}
{"op_code":5,"worker_id":"f581c9a6-5ea3-4c0c-baf4-f197cae88876-139980931965760","trial_id":15,"param_name":"need_label_minus","param_value_internal":0.0,"distribution":"{\"name\": \"IntDistribution\", \"attributes\": {\"log\": false, \"step\": 1, \"low\": 0, \"high\": 1}}"}
{"op_code":5,"worker_id":"f581c9a6-5ea3-4c0c-baf4-f197cae88876-139980931965760","trial_id":15,"param_name":"consequence_label","param_value_internal":9,"distribution":"{\"name\": \"CategoricalDistribution\", \"attributes\": {\"choices\": [\"earn\", \"acq\", \"money-fx\", \"grain\", \"crude\", \"trade\", \"interest\", \"ship\", \"wheat\", \"corn\", \"sugar\", \"oilseed\", \"dlr\", \"gnp\", \"coffee\", \"veg-oil\", \"gold\", \"nat-gas\", \"money-supply\", \"livestock\"]}}"}
{"op_code":6,"worker_id":"f581c9a6-5ea3-4c0c-baf4-f197cae88876-139980931965760","trial_id":15,"state":1,"values":[-1.0],"datetime_complete":"2026-03-21T20:17:37.793979"}
{"op_code":4,"worker_id":"f581c9a6-5ea3-4c0c-baf4-f197cae88876-139980931965760","study_id":0,"datetime_start":"2026-03-21T20:17:37.794577"}
{"op_code":5,"worker_id":"f581c9a6-5ea3-4c0c-baf4-f197cae88876-139980931965760","trial_id":16,"param_name":"body_size","param_value_internal":1.0,"distribution":"{\"name\": \"IntDistribution\", \"attributes\": {\"log\": false, \"step\": 1, \"low\": 1, \"high\": 4}}"}
{"op_code":5,"worker_id":"f581c9a6-5ea3-4c0c-baf4-f197cae88876-139980931965760","trial_id":16,"param_name":"body_pred_idx_0","param_value_internal":20.0,"distribution":"{\"name\": \"IntDistribution\", \"attributes\": {\"log\": false, \"step\": 1, \"low\": 0, \"high\": 99}}"}
{"op_code":5,"worker_id":"f581c9a6-5ea3-4c0c-baf4-f197cae88876-139980931965760","trial_id":16,"param_name":"eta_20","param_value_internal":15.0,"distribution":"{\"name\": \"IntDistribution\", \"attributes\": {\"log\": false, \"step\": 1, \"low\": 1, \"high\": 20}}"}
{"op_code":5,"worker_id":"f581c9a6-5ea3-4c0c-baf4-f197cae88876-139980931965760","trial_id":16,"param_name":"op_20","param_value_internal":3,"distribution":"{\"name\": \"CategoricalDistribution\", \"attributes\": {\"choices\": [\">=\", \"<=\", \"==\", \">\", \"<\"]}}"}
{"op_code":5,"worker_id":"f581c9a6-5ea3-4c0c-baf4-f197cae88876-139980931965760","trial_id":16,"param_name":"need_ml_0","param_value_internal":0.0,"distribution":"{\"name\": \"IntDistribution\", \"attributes\": {\"log\": false, \"step\": 1, \"low\": 0, \"high\": 1}}"}
{"op_code":5,"worker_id":"f581c9a6-5ea3-4c0c-baf4-f197cae88876-139980931965760","trial_id":16,"param_name":"need_ml_1","param_value_internal":0.0,"distribution":"{\"name\": \"IntDistribution\", \"attributes\": {\"log\": false, \"step\": 1, \"low\": 0, \"high\": 1}}"}
{"op_code":5,"worker_id":"f581c9a6-5ea3-4c0c-baf4-f197cae88876-139980931965760","trial_id":16,"param_name":"need_ml_2","param_value_internal":0.0,"distribution":"{\"name\": \"IntDistribution\", \"attributes\": {\"log\": false, \"step\": 1, \"low\": 0, \"high\": 1}}"}
{"op_code":5,"worker_id":"f581c9a6-5ea3-4c0c-baf4-f197cae88876-139980931965760","trial_id":16,"param_name":"need_label_contains","param_value_internal":0.0,"distribution":"{\"name\": \"IntDistribution\", \"attributes\": {\"log\": false, \"step\": 1, \"low\": 0, \"high\": 1}}"}
{"op_code":5,"worker_id":"f581c9a6-5ea3-4c0c-baf4-f197cae88876-139980931965760","trial_id":16,"param_name":"need_label_eq","param_value_internal":0.0,"distribution":"{\"name\": \"IntDistribution\", \"attributes\": {\"log\": false, \"step\": 1, \"low\": 0, \"high\": 1}}"}
{"op_code":5,"worker_id":"f581c9a6-5ea3-4c0c-baf4-f197cae88876-139980931965760","trial_id":16,"param_name":"need_label_minus","param_value_internal":0.0,"distribution":"{\"name\": \"IntDistribution\", \"attributes\": {\"log\": false, \"step\": 1, \"low\": 0, \"high\": 1}}"}
{"op_code":5,"worker_id":"f581c9a6-5ea3-4c0c-baf4-f197cae88876-139980931965760","trial_id":16,"param_name":"consequence_label","param_value_internal":18,"distribution":"{\"name\": \"CategoricalDistribution\", \"attributes\": {\"choices\": [\"earn\", \"acq\", \"money-fx\", \"grain\", \"crude\", \"trade\", \"interest\", \"ship\", \"wheat\", \"corn\", \"sugar\", \"oilseed\", \"dlr\", \"gnp\", \"coffee\", \"veg-oil\", \"gold\", \"nat-gas\", \"money-supply\", \"livestock\"]}}"}
{"op_code":6,"worker_id":"f581c9a6-5ea3-4c0c-baf4-f197cae88876-139980931965760","trial_id":16,"state":1,"values":[-1.0],"datetime_complete":"2026-03-21T20:17:37.825376"}
{"op_code":4,"worker_id":"f581c9a6-5ea3-4c0c-baf4-f197cae88876-139980931965760","study_id":0,"datetime_start":"2026-03-21T20:17:37.825966"}
{"op_code":5,"worker_id":"f581c9a6-5ea3-4c0c-baf4-f197cae88876-139980931965760","trial_id":17,"param_name":"body_size","param_value_internal":3.0,"distribution":"{\"name\": \"IntDistribution\", \"attributes\": {\"log\": false, \"step\": 1, \"low\": 1, \"high\": 4}}"}
{"op_code":5,"worker_id":"f581c9a6-5ea3-4c0c-baf4-f197cae88876-139980931965760","trial_id":17,"param_name":"body_pred_idx_0","param_value_internal":43.0,"distribution":"{\"name\": \"IntDistribution\", \"attributes\": {\"log\": false, \"step\": 1, \"low\": 0, \"high\": 99}}"}
{"op_code":5,"worker_id":"f581c9a6-5ea3-4c0c-baf4-f197cae88876-139980931965760","trial_id":17,"param_name":"body_pred_idx_1","param_value_internal":36.0,"distribution":"{\"name\": \"IntDistribution\", \"attributes\": {\"log\": false, \"step\": 1, \"low\": 0, \"high\": 99}}"}
{"op_code":5,"worker_id":"f581c9a6-5ea3-4c0c-baf4-f197cae88876-139980931965760","trial_id":17,"param_name":"body_pred_idx_2","param_value_internal":96.0,"distribution":"{\"name\": \"IntDistribution\", \"attributes\": {\"log\": false, \"step\": 1, \"low\": 0, \"high\": 99}}"}
{"op_code":5,"worker_id":"f581c9a6-5ea3-4c0c-baf4-f197cae88876-139980931965760","trial_id":17,"param_name":"need_ml_0","param_value_internal":0.0,"distribution":"{\"name\": \"IntDistribution\", \"attributes\": {\"log\": false, \"step\": 1, \"low\": 0, \"high\": 1}}"}
{"op_code":5,"worker_id":"f581c9a6-5ea3-4c0c-baf4-f197cae88876-139980931965760","trial_id":17,"param_name":"need_ml_1","param_value_internal":1.0,"distribution":"{\"name\": \"IntDistribution\", \"attributes\": {\"log\": false, \"step\": 1, \"low\": 0, \"high\": 1}}"}
{"op_code":5,"worker_id":"f581c9a6-5ea3-4c0c-baf4-f197cae88876-139980931965760","trial_id":17,"param_name":"ml_tau_1","param_value_internal":14,"distribution":"{\"name\": \"CategoricalDistribution\", \"attributes\": {\"choices\": [\"earn\", \"acq\", \"money-fx\", \"grain\", \"crude\", \"trade\", \"interest\", \"ship\", \"wheat\", \"corn\", \"sugar\", \"oilseed\", \"dlr\", \"gnp\", \"coffee\", \"veg-oil\", \"gold\", \"nat-gas\", \"money-supply\", \"livestock\"]}}"}
{"op_code":5,"worker_id":"f581c9a6-5ea3-4c0c-baf4-f197cae88876-139980931965760","trial_id":17,"param_name":"need_ml_2","param_value_internal":0.0,"distribution":"{\"name\": \"IntDistribution\", \"attributes\": {\"log\": false, \"step\": 1, \"low\": 0, \"high\": 1}}"}
{"op_code":5,"worker_id":"f581c9a6-5ea3-4c0c-baf4-f197cae88876-139980931965760","trial_id":17,"param_name":"need_label_contains","param_value_internal":1.0,"distribution":"{\"name\": \"IntDistribution\", \"attributes\": {\"log\": false, \"step\": 1, \"low\": 0, \"high\": 1}}"}
{"op_code":5,"worker_id":"f581c9a6-5ea3-4c0c-baf4-f197cae88876-139980931965760","trial_id":17,"param_name":"label_contains_tau","param_value_internal":7,"distribution":"{\"name\": \"CategoricalDistribution\", \"attributes\": {\"choices\": [\"earn\", \"acq\", \"money-fx\", \"grain\", \"crude\", \"trade\", \"interest\", \"ship\", \"wheat\", \"corn\", \"sugar\", \"oilseed\", \"dlr\", \"gnp\", \"coffee\", \"veg-oil\", \"gold\", \"nat-gas\", \"money-supply\", \"livestock\"]}}"}
{"op_code":5,"worker_id":"f581c9a6-5ea3-4c0c-baf4-f197cae88876-139980931965760","trial_id":17,"param_name":"need_label_eq","param_value_internal":1.0,"distribution":"{\"name\": \"IntDistribution\", \"attributes\": {\"log\": false, \"step\": 1, \"low\": 0, \"high\": 1}}"}
{"op_code":5,"worker_id":"f581c9a6-5ea3-4c0c-baf4-f197cae88876-139980931965760","trial_id":17,"param_name":"label_eq_tau","param_value_internal":19,"distribution":"{\"name\": \"CategoricalDistribution\", \"attributes\": {\"choices\": [\"earn\", \"acq\", \"money-fx\", \"grain\", \"crude\", \"trade\", \"interest\", \"ship\", \"wheat\", \"corn\", \"sugar\", \"oilseed\", \"dlr\", \"gnp\", \"coffee\", \"veg-oil\", \"gold\", \"nat-gas\", \"money-supply\", \"livestock\"]}}"}
{"op_code":5,"worker_id":"f581c9a6-5ea3-4c0c-baf4-f197cae88876-139980931965760","trial_id":17,"param_name":"need_label_minus","param_value_internal":1.0,"distribution":"{\"name\": \"IntDistribution\", \"attributes\": {\"log\": false, \"step\": 1, \"low\": 0, \"high\": 1}}"}
{"op_code":5,"worker_id":"f581c9a6-5ea3-4c0c-baf4-f197cae88876-139980931965760","trial_id":17,"param_name":"label_minus_tau","param_value_internal":1,"distribution":"{\"name\": \"CategoricalDistribution\", \"attributes\": {\"choices\": [\"earn\", \"acq\", \"money-fx\", \"grain\", \"crude\", \"trade\", \"interest\", \"ship\", \"wheat\", \"corn\", \"sugar\", \"oilseed\", \"dlr\", \"gnp\", \"coffee\", \"veg-oil\", \"gold\", \"nat-gas\", \"money-supply\", \"livestock\"]}}"}
{"op_code":5,"worker_id":"f581c9a6-5ea3-4c0c-baf4-f197cae88876-139980931965760","trial_id":17,"param_name":"consequence_label","param_value_internal":8,"distribution":"{\"name\": \"CategoricalDistribution\", \"attributes\": {\"choices\": [\"earn\", \"acq\", \"money-fx\", \"grain\", \"crude\", \"trade\", \"interest\", \"ship\", \"wheat\", \"corn\", \"sugar\", \"oilseed\", \"dlr\", \"gnp\", \"coffee\", \"veg-oil\", \"gold\", \"nat-gas\", \"money-supply\", \"livestock\"]}}"}
{"op_code":6,"worker_id":"f581c9a6-5ea3-4c0c-baf4-f197cae88876-139980931965760","trial_id":17,"state":1,"values":[-1.0],"datetime_complete":"2026-03-21T20:17:37.868383"}
{"op_code":4,"worker_id":"f581c9a6-5ea3-4c0c-baf4-f197cae88876-139980931965760","study_id":0,"datetime_start":"2026-03-21T20:17:37.869877"}
{"op_code":5,"worker_id":"f581c9a6-5ea3-4c0c-baf4-f197cae88876-139980931965760","trial_id":18,"param_name":"body_size","param_value_internal":1.0,"distribution":"{\"name\": \"IntDistribution\", \"attributes\": {\"log\": false, \"step\": 1, \"low\": 1, \"high\": 4}}"}
{"op_code":5,"worker_id":"f581c9a6-5ea3-4c0c-baf4-f197cae88876-139980931965760","trial_id":18,"param_name":"body_pred_idx_0","param_value_internal":26.0,"distribution":"{\"name\": \"IntDistribution\", \"attributes\": {\"log\": false, \"step\": 1, \"low\": 0, \"high\": 99}}"}
{"op_code":5,"worker_id":"f581c9a6-5ea3-4c0c-baf4-f197cae88876-139980931965760","trial_id":18,"param_name":"need_ml_0","param_value_internal":0.0,"distribution":"{\"name\": \"IntDistribution\", \"attributes\": {\"log\": false, \"step\": 1, \"low\": 0, \"high\": 1}}"}
{"op_code":5,"worker_id":"f581c9a6-5ea3-4c0c-baf4-f197cae88876-139980931965760","trial_id":18,"param_name":"need_ml_1","param_value_internal":0.0,"distribution":"{\"name\": \"IntDistribution\", \"attributes\": {\"log\": false, \"step\": 1, \"low\": 0, \"high\": 1}}"}
{"op_code":5,"worker_id":"f581c9a6-5ea3-4c0c-baf4-f197cae88876-139980931965760","trial_id":18,"param_name":"need_ml_2","param_value_internal":0.0,"distribution":"{\"name\": \"IntDistribution\", \"attributes\": {\"log\": false, \"step\": 1, \"low\": 0, \"high\": 1}}"}
{"op_code":5,"worker_id":"f581c9a6-5ea3-4c0c-baf4-f197cae88876-139980931965760","trial_id":18,"param_name":"need_label_contains","param_value_internal":0.0,"distribution":"{\"name\": \"IntDistribution\", \"attributes\": {\"log\": false, \"step\": 1, \"low\": 0, \"high\": 1}}"}
{"op_code":5,"worker_id":"f581c9a6-5ea3-4c0c-baf4-f197cae88876-139980931965760","trial_id":18,"param_name":"need_label_eq","param_value_internal":0.0,"distribution":"{\"name\": \"IntDistribution\", \"attributes\": {\"log\": false, \"step\": 1, \"low\": 0, \"high\": 1}}"}
{"op_code":5,"worker_id":"f581c9a6-5ea3-4c0c-baf4-f197cae88876-139980931965760","trial_id":18,"param_name":"need_label_minus","param_value_internal":0.0,"distribution":"{\"name\": \"IntDistribution\", \"attributes\": {\"log\": false, \"step\": 1, \"low\": 0, \"high\": 1}}"}
{"op_code":5,"worker_id":"f581c9a6-5ea3-4c0c-baf4-f197cae88876-139980931965760","trial_id":18,"param_name":"consequence_label","param_value_internal":6,"distribution":"{\"name\": \"CategoricalDistribution\", \"attributes\": {\"choices\": [\"earn\", \"acq\", \"money-fx\", \"grain\", \"crude\", \"trade\", \"interest\", \"ship\", \"wheat\", \"corn\", \"sugar\", \"oilseed\", \"dlr\", \"gnp\", \"coffee\", \"veg-oil\", \"gold\", \"nat-gas\", \"money-supply\", \"livestock\"]}}"}
{"op_code":6,"worker_id":"f581c9a6-5ea3-4c0c-baf4-f197cae88876-139980931965760","trial_id":18,"state":1,"values":[0.0],"datetime_complete":"2026-03-21T20:17:37.903770"}
{"op_code":4,"worker_id":"f581c9a6-5ea3-4c0c-baf4-f197cae88876-139980931965760","study_id":0,"datetime_start":"2026-03-21T20:17:37.904392"}
{"op_code":5,"worker_id":"f581c9a6-5ea3-4c0c-baf4-f197cae88876-139980931965760","trial_id":19,"param_name":"body_size","param_value_internal":2.0,"distribution":"{\"name\": \"IntDistribution\", \"attributes\": {\"log\": false, \"step\": 1, \"low\": 1, \"high\": 4}}"}
{"op_code":5,"worker_id":"f581c9a6-5ea3-4c0c-baf4-f197cae88876-139980931965760","trial_id":19,"param_name":"body_pred_idx_0","param_value_internal":68.0,"distribution":"{\"name\": \"IntDistribution\", \"attributes\": {\"log\": false, \"step\": 1, \"low\": 0, \"high\": 99}}"}
{"op_code":5,"worker_id":"f581c9a6-5ea3-4c0c-baf4-f197cae88876-139980931965760","trial_id":19,"param_name":"body_pred_idx_1","param_value_internal":5.0,"distribution":"{\"name\": \"IntDistribution\", \"attributes\": {\"log\": false, \"step\": 1, \"low\": 0, \"high\": 99}}"}
{"op_code":5,"worker_id":"f581c9a6-5ea3-4c0c-baf4-f197cae88876-139980931965760","trial_id":19,"param_name":"need_ml_0","param_value_internal":0.0,"distribution":"{\"name\": \"IntDistribution\", \"attributes\": {\"log\": false, \"step\": 1, \"low\": 0, \"high\": 1}}"}
{"op_code":5,"worker_id":"f581c9a6-5ea3-4c0c-baf4-f197cae88876-139980931965760","trial_id":19,"param_name":"need_ml_1","param_value_internal":0.0,"distribution":"{\"name\": \"IntDistribution\", \"attributes\": {\"log\": false, \"step\": 1, \"low\": 0, \"high\": 1}}"}
{"op_code":5,"worker_id":"f581c9a6-5ea3-4c0c-baf4-f197cae88876-139980931965760","trial_id":19,"param_name":"need_ml_2","param_value_internal":0.0,"distribution":"{\"name\": \"IntDistribution\", \"attributes\": {\"log\": false, \"step\": 1, \"low\": 0, \"high\": 1}}"}
{"op_code":5,"worker_id":"f581c9a6-5ea3-4c0c-baf4-f197cae88876-139980931965760","trial_id":19,"param_name":"need_label_contains","param_value_internal":1.0,"distribution":"{\"name\": \"IntDistribution\", \"attributes\": {\"log\": false, \"step\": 1, \"low\": 0, \"high\": 1}}"}
{"op_code":5,"worker_id":"f581c9a6-5ea3-4c0c-baf4-f197cae88876-139980931965760","trial_id":19,"param_name":"label_contains_tau","param_value_internal":3,"distribution":"{\"name\": \"CategoricalDistribution\", \"attributes\": {\"choices\": [\"earn\", \"acq\", \"money-fx\", \"grain\", \"crude\", \"trade\", \"interest\", \"ship\", \"wheat\", \"corn\", \"sugar\", \"oilseed\", \"dlr\", \"gnp\", \"coffee\", \"veg-oil\", \"gold\", \"nat-gas\", \"money-supply\", \"livestock\"]}}"}
{"op_code":5,"worker_id":"f581c9a6-5ea3-4c0c-baf4-f197cae88876-139980931965760","trial_id":19,"param_name":"need_label_eq","param_value_internal":0.0,"distribution":"{\"name\": \"IntDistribution\", \"attributes\": {\"log\": false, \"step\": 1, \"low\": 0, \"high\": 1}}"}
{"op_code":5,"worker_id":"f581c9a6-5ea3-4c0c-baf4-f197cae88876-139980931965760","trial_id":19,"param_name":"need_label_minus","param_value_internal":0.0,"distribution":"{\"name\": \"IntDistribution\", \"attributes\": {\"log\": false, \"step\": 1, \"low\": 0, \"high\": 1}}"}
{"op_code":5,"worker_id":"f581c9a6-5ea3-4c0c-baf4-f197cae88876-139980931965760","trial_id":19,"param_name":"consequence_label","param_value_internal":7,"distribution":"{\"name\": \"CategoricalDistribution\", \"attributes\": {\"choices\": [\"earn\", \"acq\", \"money-fx\", \"grain\", \"crude\", \"trade\", \"interest\", \"ship\", \"wheat\", \"corn\", \"sugar\", \"oilseed\", \"dlr\", \"gnp\", \"coffee\", \"veg-oil\", \"gold\", \"nat-gas\", \"money-supply\", \"livestock\"]}}"}
{"op_code":6,"worker_id":"f581c9a6-5ea3-4c0c-baf4-f197cae88876-139980931965760","trial_id":19,"state":1,"values":[-1.0],"datetime_complete":"2026-03-21T20:17:37.935271"}
{"op_code":4,"worker_id":"f581c9a6-5ea3-4c0c-baf4-f197cae88876-139980931965760","study_id":0,"datetime_start":"2026-03-21T20:17:37.936022"}
{"op_code":5,"worker_id":"f581c9a6-5ea3-4c0c-baf4-f197cae88876-139980931965760","trial_id":20,"param_name":"body_size","param_value_internal":1.0,"distribution":"{\"name\": \"IntDistribution\", \"attributes\": {\"log\": false, \"step\": 1, \"low\": 1, \"high\": 4}}"}
{"op_code":5,"worker_id":"f581c9a6-5ea3-4c0c-baf4-f197cae88876-139980931965760","trial_id":20,"param_name":"body_pred_idx_0","param_value_internal":10.0,"distribution":"{\"name\": \"IntDistribution\", \"attributes\": {\"log\": false, \"step\": 1, \"low\": 0, \"high\": 99}}"}
{"op_code":5,"worker_id":"f581c9a6-5ea3-4c0c-baf4-f197cae88876-139980931965760","trial_id":20,"param_name":"need_ml_0","param_value_internal":0.0,"distribution":"{\"name\": \"IntDistribution\", \"attributes\": {\"log\": false, \"step\": 1, \"low\": 0, \"high\": 1}}"}
{"op_code":5,"worker_id":"f581c9a6-5ea3-4c0c-baf4-f197cae88876-139980931965760","trial_id":20,"param_name":"need_ml_1","param_value_internal":1.0,"distribution":"{\"name\": \"IntDistribution\", \"attributes\": {\"log\": false, \"step\": 1, \"low\": 0, \"high\": 1}}"}
{"op_code":5,"worker_id":"f581c9a6-5ea3-4c0c-baf4-f197cae88876-139980931965760","trial_id":20,"param_name":"ml_tau_1","param_value_internal":1,"distribution":"{\"name\": \"CategoricalDistribution\", \"attributes\": {\"choices\": [\"earn\", \"acq\", \"money-fx\", \"grain\", \"crude\", \"trade\", \"interest\", \"ship\", \"wheat\", \"corn\", \"sugar\", \"oilseed\", \"dlr\", \"gnp\", \"coffee\", \"veg-oil\", \"gold\", \"nat-gas\", \"money-supply\", \"livestock\"]}}"}
{"op_code":5,"worker_id":"f581c9a6-5ea3-4c0c-baf4-f197cae88876-139980931965760","trial_id":20,"param_name":"need_ml_2","param_value_internal":0.0,"distribution":"{\"name\": \"IntDistribution\", \"attributes\": {\"log\": false, \"step\": 1, \"low\": 0, \"high\": 1}}"}
{"op_code":5,"worker_id":"f581c9a6-5ea3-4c0c-baf4-f197cae88876-139980931965760","trial_id":20,"param_name":"need_label_contains","param_value_internal":0.0,"distribution":"{\"name\": \"IntDistribution\", \"attributes\": {\"log\": false, \"step\": 1, \"low\": 0, \"high\": 1}}"}
{"op_code":5,"worker_id":"f581c9a6-5ea3-4c0c-baf4-f197cae88876-139980931965760","trial_id":20,"param_name":"need_label_eq","param_value_internal":1.0,"distribution":"{\"name\": \"IntDistribution\", \"attributes\": {\"log\": false, \"step\": 1, \"low\": 0, \"high\": 1}}"}
{"op_code":5,"worker_id":"f581c9a6-5ea3-4c0c-baf4-f197cae88876-139980931965760","trial_id":20,"param_name":"label_eq_tau","param_value_internal":10,"distribution":"{\"name\": \"CategoricalDistribution\", \"attributes\": {\"choices\": [\"earn\", \"acq\", \"money-fx\", \"grain\", \"crude\", \"trade\", \"interest\", \"ship\", \"wheat\", \"corn\", \"sugar\", \"oilseed\", \"dlr\", \"gnp\", \"coffee\", \"veg-oil\", \"gold\", \"nat-gas\", \"money-supply\", \"livestock\"]}}"}
{"op_code":5,"worker_id":"f581c9a6-5ea3-4c0c-baf4-f197cae88876-139980931965760","trial_id":20,"param_name":"need_label_minus","param_value_internal":1.0,"distribution":"{\"name\": \"IntDistribution\", \"attributes\": {\"log\": false, \"step\": 1, \"low\": 0, \"high\": 1}}"}
{"op_code":5,"worker_id":"f581c9a6-5ea3-4c0c-baf4-f197cae88876-139980931965760","trial_id":20,"param_name":"label_minus_tau","param_value_internal":12,"distribution":"{\"name\": \"CategoricalDistribution\", \"attributes\": {\"choices\": [\"earn\", \"acq\", \"money-fx\", \"grain\", \"crude\", \"trade\", \"interest\", \"ship\", \"wheat\", \"corn\", \"sugar\", \"oilseed\", \"dlr\", \"gnp\", \"coffee\", \"veg-oil\", \"gold\", \"nat-gas\", \"money-supply\", \"livestock\"]}}"}
{"op_code":5,"worker_id":"f581c9a6-5ea3-4c0c-baf4-f197cae88876-139980931965760","trial_id":20,"param_name":"consequence_label","param_value_internal":19,"distribution":"{\"name\": \"CategoricalDistribution\", \"attributes\": {\"choices\": [\"earn\", \"acq\", \"money-fx\", \"grain\", \"crude\", \"trade\", \"interest\", \"ship\", \"wheat\", \"corn\", \"sugar\", \"oilseed\", \"dlr\", \"gnp\", \"coffee\", \"veg-oil\", \"gold\", \"nat-gas\", \"money-supply\", \"livestock\"]}}"}
{"op_code":6,"worker_id":"f581c9a6-5ea3-4c0c-baf4-f197cae88876-139980931965760","trial_id":20,"state":1,"values":[-1.0],"datetime_complete":"2026-03-21T20:17:37.978496"}
{"op_code":4,"worker_id":"f581c9a6-5ea3-4c0c-baf4-f197cae88876-139980931965760","study_id":0,"datetime_start":"2026-03-21T20:17:37.979292"}
{"op_code":5,"worker_id":"f581c9a6-5ea3-4c0c-baf4-f197cae88876-139980931965760","trial_id":21,"param_name":"body_size","param_value_internal":1.0,"distribution":"{\"name\": \"IntDistribution\", \"attributes\": {\"log\": false, \"step\": 1, \"low\": 1, \"high\": 4}}"}
{"op_code":5,"worker_id":"f581c9a6-5ea3-4c0c-baf4-f197cae88876-139980931965760","trial_id":21,"param_name":"body_pred_idx_0","param_value_internal":39.0,"distribution":"{\"name\": \"IntDistribution\", \"attributes\": {\"log\": false, \"step\": 1, \"low\": 0, \"high\": 99}}"}
{"op_code":5,"worker_id":"f581c9a6-5ea3-4c0c-baf4-f197cae88876-139980931965760","trial_id":21,"param_name":"need_ml_0","param_value_internal":0.0,"distribution":"{\"name\": \"IntDistribution\", \"attributes\": {\"log\": false, \"step\": 1, \"low\": 0, \"high\": 1}}"}
{"op_code":5,"worker_id":"f581c9a6-5ea3-4c0c-baf4-f197cae88876-139980931965760","trial_id":21,"param_name":"need_ml_1","param_value_internal":0.0,"distribution":"{\"name\": \"IntDistribution\", \"attributes\": {\"log\": false, \"step\": 1, \"low\": 0, \"high\": 1}}"}
{"op_code":5,"worker_id":"f581c9a6-5ea3-4c0c-baf4-f197cae88876-139980931965760","trial_id":21,"param_name":"need_ml_2","param_value_internal":0.0,"distribution":"{\"name\": \"IntDistribution\", \"attributes\": {\"log\": false, \"step\": 1, \"low\": 0, \"high\": 1}}"}
{"op_code":5,"worker_id":"f581c9a6-5ea3-4c0c-baf4-f197cae88876-139980931965760","trial_id":21,"param_name":"need_label_contains","param_value_internal":1.0,"distribution":"{\"name\": \"IntDistribution\", \"attributes\": {\"log\": false, \"step\": 1, \"low\": 0, \"high\": 1}}"}
{"op_code":5,"worker_id":"f581c9a6-5ea3-4c0c-baf4-f197cae88876-139980931965760","trial_id":21,"param_name":"label_contains_tau","param_value_internal":0,"distribution":"{\"name\": \"CategoricalDistribution\", \"attributes\": {\"choices\": [\"earn\", \"acq\", \"money-fx\", \"grain\", \"crude\", \"trade\", \"interest\", \"ship\", \"wheat\", \"corn\", \"sugar\", \"oilseed\", \"dlr\", \"gnp\", \"coffee\", \"veg-oil\", \"gold\", \"nat-gas\", \"money-supply\", \"livestock\"]}}"}
{"op_code":5,"worker_id":"f581c9a6-5ea3-4c0c-baf4-f197cae88876-139980931965760","trial_id":21,"param_name":"need_label_eq","param_value_internal":0.0,"distribution":"{\"name\": \"IntDistribution\", \"attributes\": {\"log\": false, \"step\": 1, \"low\": 0, \"high\": 1}}"}
{"op_code":5,"worker_id":"f581c9a6-5ea3-4c0c-baf4-f197cae88876-139980931965760","trial_id":21,"param_name":"need_label_minus","param_value_internal":0.0,"distribution":"{\"name\": \"IntDistribution\", \"attributes\": {\"log\": false, \"step\": 1, \"low\": 0, \"high\": 1}}"}
{"op_code":5,"worker_id":"f581c9a6-5ea3-4c0c-baf4-f197cae88876-139980931965760","trial_id":21,"param_name":"consequence_label","param_value_internal":8,"distribution":"{\"name\": \"CategoricalDistribution\", \"attributes\": {\"choices\": [\"earn\", \"acq\", \"money-fx\", \"grain\", \"crude\", \"trade\", \"interest\", \"ship\", \"wheat\", \"corn\", \"sugar\", \"oilseed\", \"dlr\", \"gnp\", \"coffee\", \"veg-oil\", \"gold\", \"nat-gas\", \"money-supply\", \"livestock\"]}}"}
{"op_code":6,"worker_id":"f581c9a6-5ea3-4c0c-baf4-f197cae88876-139980931965760","trial_id":21,"state":1,"values":[0.0],"datetime_complete":"2026-03-21T20:17:38.015426"}
{"op_code":4,"worker_id":"f581c9a6-5ea3-4c0c-baf4-f197cae88876-139980931965760","study_id":0,"datetime_start":"2026-03-21T20:17:38.016069"}
{"op_code":5,"worker_id":"f581c9a6-5ea3-4c0c-baf4-f197cae88876-139980931965760","trial_id":22,"param_name":"body_size","param_value_internal":1.0,"distribution":"{\"name\": \"IntDistribution\", \"attributes\": {\"log\": false, \"step\": 1, \"low\": 1, \"high\": 4}}"}
{"op_code":5,"worker_id":"f581c9a6-5ea3-4c0c-baf4-f197cae88876-139980931965760","trial_id":22,"param_name":"body_pred_idx_0","param_value_internal":35.0,"distribution":"{\"name\": \"IntDistribution\", \"attributes\": {\"log\": false, \"step\": 1, \"low\": 0, \"high\": 99}}"}
{"op_code":5,"worker_id":"f581c9a6-5ea3-4c0c-baf4-f197cae88876-139980931965760","trial_id":22,"param_name":"need_ml_0","param_value_internal":0.0,"distribution":"{\"name\": \"IntDistribution\", \"attributes\": {\"log\": false, \"step\": 1, \"low\": 0, \"high\": 1}}"}
{"op_code":5,"worker_id":"f581c9a6-5ea3-4c0c-baf4-f197cae88876-139980931965760","trial_id":22,"param_name":"need_ml_1","param_value_internal":0.0,"distribution":"{\"name\": \"IntDistribution\", \"attributes\": {\"log\": false, \"step\": 1, \"low\": 0, \"high\": 1}}"}
{"op_code":5,"worker_id":"f581c9a6-5ea3-4c0c-baf4-f197cae88876-139980931965760","trial_id":22,"param_name":"need_ml_2","param_value_internal":0.0,"distribution":"{\"name\": \"IntDistribution\", \"attributes\": {\"log\": false, \"step\": 1, \"low\": 0, \"high\": 1}}"}
{"op_code":5,"worker_id":"f581c9a6-5ea3-4c0c-baf4-f197cae88876-139980931965760","trial_id":22,"param_name":"need_label_contains","param_value_internal":1.0,"distribution":"{\"name\": \"IntDistribution\", \"attributes\": {\"log\": false, \"step\": 1, \"low\": 0, \"high\": 1}}"}
{"op_code":5,"worker_id":"f581c9a6-5ea3-4c0c-baf4-f197cae88876-139980931965760","trial_id":22,"param_name":"label_contains_tau","param_value_internal":8,"distribution":"{\"name\": \"CategoricalDistribution\", \"attributes\": {\"choices\": [\"earn\", \"acq\", \"money-fx\", \"grain\", \"crude\", \"trade\", \"interest\", \"ship\", \"wheat\", \"corn\", \"sugar\", \"oilseed\", \"dlr\", \"gnp\", \"coffee\", \"veg-oil\", \"gold\", \"nat-gas\", \"money-supply\", \"livestock\"]}}"}
{"op_code":5,"worker_id":"f581c9a6-5ea3-4c0c-baf4-f197cae88876-139980931965760","trial_id":22,"param_name":"need_label_eq","param_value_internal":0.0,"distribution":"{\"name\": \"IntDistribution\", \"attributes\": {\"log\": false, \"step\": 1, \"low\": 0, \"high\": 1}}"}
{"op_code":5,"worker_id":"f581c9a6-5ea3-4c0c-baf4-f197cae88876-139980931965760","trial_id":22,"param_name":"need_label_minus","param_value_internal":0.0,"distribution":"{\"name\": \"IntDistribution\", \"attributes\": {\"log\": false, \"step\": 1, \"low\": 0, \"high\": 1}}"}
{"op_code":5,"worker_id":"f581c9a6-5ea3-4c0c-baf4-f197cae88876-139980931965760","trial_id":22,"param_name":"consequence_label","param_value_internal":10,"distribution":"{\"name\": \"CategoricalDistribution\", \"attributes\": {\"choices\": [\"earn\", \"acq\", \"money-fx\", \"grain\", \"crude\", \"trade\", \"interest\", \"ship\", \"wheat\", \"corn\", \"sugar\", \"oilseed\", \"dlr\", \"gnp\", \"coffee\", \"veg-oil\", \"gold\", \"nat-gas\", \"money-supply\", \"livestock\"]}}"}
{"op_code":6,"worker_id":"f581c9a6-5ea3-4c0c-baf4-f197cae88876-139980931965760","trial_id":22,"state":1,"values":[-1.0],"datetime_complete":"2026-03-21T20:17:38.049435"}
{"op_code":4,"worker_id":"f581c9a6-5ea3-4c0c-baf4-f197cae88876-139980931965760","study_id":0,"datetime_start":"2026-03-21T20:17:38.050081"}
{"op_code":5,"worker_id":"f581c9a6-5ea3-4c0c-baf4-f197cae88876-139980931965760","trial_id":23,"param_name":"body_size","param_value_internal":1.0,"distribution":"{\"name\": \"IntDistribution\", \"attributes\": {\"log\": false, \"step\": 1, \"low\": 1, \"high\": 4}}"}
{"op_code":5,"worker_id":"f581c9a6-5ea3-4c0c-baf4-f197cae88876-139980931965760","trial_id":23,"param_name":"body_pred_idx_0","param_value_internal":27.0,"distribution":"{\"name\": \"IntDistribution\", \"attributes\": {\"log\": false, \"step\": 1, \"low\": 0, \"high\": 99}}"}
{"op_code":5,"worker_id":"f581c9a6-5ea3-4c0c-baf4-f197cae88876-139980931965760","trial_id":23,"param_name":"need_ml_0","param_value_internal":0.0,"distribution":"{\"name\": \"IntDistribution\", \"attributes\": {\"log\": false, \"step\": 1, \"low\": 0, \"high\": 1}}"}
{"op_code":5,"worker_id":"f581c9a6-5ea3-4c0c-baf4-f197cae88876-139980931965760","trial_id":23,"param_name":"need_ml_1","param_value_internal":0.0,"distribution":"{\"name\": \"IntDistribution\", \"attributes\": {\"log\": false, \"step\": 1, \"low\": 0, \"high\": 1}}"}
{"op_code":5,"worker_id":"f581c9a6-5ea3-4c0c-baf4-f197cae88876-139980931965760","trial_id":23,"param_name":"need_ml_2","param_value_internal":0.0,"distribution":"{\"name\": \"IntDistribution\", \"attributes\": {\"log\": false, \"step\": 1, \"low\": 0, \"high\": 1}}"}
{"op_code":5,"worker_id":"f581c9a6-5ea3-4c0c-baf4-f197cae88876-139980931965760","trial_id":23,"param_name":"need_label_contains","param_value_internal":1.0,"distribution":"{\"name\": \"IntDistribution\", \"attributes\": {\"log\": false, \"step\": 1, \"low\": 0, \"high\": 1}}"}
{"op_code":5,"worker_id":"f581c9a6-5ea3-4c0c-baf4-f197cae88876-139980931965760","trial_id":23,"param_name":"label_contains_tau","param_value_internal":0,"distribution":"{\"name\": \"CategoricalDistribution\", \"attributes\": {\"choices\": [\"earn\", \"acq\", \"money-fx\", \"grain\", \"crude\", \"trade\", \"interest\", \"ship\", \"wheat\", \"corn\", \"sugar\", \"oilseed\", \"dlr\", \"gnp\", \"coffee\", \"veg-oil\", \"gold\", \"nat-gas\", \"money-supply\", \"livestock\"]}}"}
{"op_code":5,"worker_id":"f581c9a6-5ea3-4c0c-baf4-f197cae88876-139980931965760","trial_id":23,"param_name":"need_label_eq","param_value_internal":0.0,"distribution":"{\"name\": \"IntDistribution\", \"attributes\": {\"log\": false, \"step\": 1, \"low\": 0, \"high\": 1}}"}
{"op_code":5,"worker_id":"f581c9a6-5ea3-4c0c-baf4-f197cae88876-139980931965760","trial_id":23,"param_name":"need_label_minus","param_value_internal":0.0,"distribution":"{\"name\": \"IntDistribution\", \"attributes\": {\"log\": false, \"step\": 1, \"low\": 0, \"high\": 1}}"}
{"op_code":5,"worker_id":"f581c9a6-5ea3-4c0c-baf4-f197cae88876-139980931965760","trial_id":23,"param_name":"consequence_label","param_value_internal":8,"distribution":"{\"name\": \"CategoricalDistribution\", \"attributes\": {\"choices\": [\"earn\", \"acq\", \"money-fx\", \"grain\", \"crude\", \"trade\", \"interest\", \"ship\", \"wheat\", \"corn\", \"sugar\", \"oilseed\", \"dlr\", \"gnp\", \"coffee\", \"veg-oil\", \"gold\", \"nat-gas\", \"money-supply\", \"livestock\"]}}"}
{"op_code":6,"worker_id":"f581c9a6-5ea3-4c0c-baf4-f197cae88876-139980931965760","trial_id":23,"state":1,"values":[0.0],"datetime_complete":"2026-03-21T20:17:38.084128"}
{"op_code":4,"worker_id":"f581c9a6-5ea3-4c0c-baf4-f197cae88876-139980931965760","study_id":0,"datetime_start":"2026-03-21T20:17:38.084866"}
{"op_code":5,"worker_id":"f581c9a6-5ea3-4c0c-baf4-f197cae88876-139980931965760","trial_id":24,"param_name":"body_size","param_value_internal":2.0,"distribution":"{\"name\": \"IntDistribution\", \"attributes\": {\"log\": false, \"step\": 1, \"low\": 1, \"high\": 4}}"}
{"op_code":5,"worker_id":"f581c9a6-5ea3-4c0c-baf4-f197cae88876-139980931965760","trial_id":24,"param_name":"body_pred_idx_0","param_value_internal":51.0,"distribution":"{\"name\": \"IntDistribution\", \"attributes\": {\"log\": false, \"step\": 1, \"low\": 0, \"high\": 99}}"}
{"op_code":5,"worker_id":"f581c9a6-5ea3-4c0c-baf4-f197cae88876-139980931965760","trial_id":24,"param_name":"body_pred_idx_1","param_value_internal":99.0,"distribution":"{\"name\": \"IntDistribution\", \"attributes\": {\"log\": false, \"step\": 1, \"low\": 0, \"high\": 99}}"}
{"op_code":5,"worker_id":"f581c9a6-5ea3-4c0c-baf4-f197cae88876-139980931965760","trial_id":24,"param_name":"need_ml_0","param_value_internal":0.0,"distribution":"{\"name\": \"IntDistribution\", \"attributes\": {\"log\": false, \"step\": 1, \"low\": 0, \"high\": 1}}"}
{"op_code":5,"worker_id":"f581c9a6-5ea3-4c0c-baf4-f197cae88876-139980931965760","trial_id":24,"param_name":"need_ml_1","param_value_internal":0.0,"distribution":"{\"name\": \"IntDistribution\", \"attributes\": {\"log\": false, \"step\": 1, \"low\": 0, \"high\": 1}}"}
{"op_code":5,"worker_id":"f581c9a6-5ea3-4c0c-baf4-f197cae88876-139980931965760","trial_id":24,"param_name":"need_ml_2","param_value_internal":0.0,"distribution":"{\"name\": \"IntDistribution\", \"attributes\": {\"log\": false, \"step\": 1, \"low\": 0, \"high\": 1}}"}
{"op_code":5,"worker_id":"f581c9a6-5ea3-4c0c-baf4-f197cae88876-139980931965760","trial_id":24,"param_name":"need_label_contains","param_value_internal":1.0,"distribution":"{\"name\": \"IntDistribution\", \"attributes\": {\"log\": false, \"step\": 1, \"low\": 0, \"high\": 1}}"}
{"op_code":5,"worker_id":"f581c9a6-5ea3-4c0c-baf4-f197cae88876-139980931965760","trial_id":24,"param_name":"label_contains_tau","param_value_internal":6,"distribution":"{\"name\": \"CategoricalDistribution\", \"attributes\": {\"choices\": [\"earn\", \"acq\", \"money-fx\", \"grain\", \"crude\", \"trade\", \"interest\", \"ship\", \"wheat\", \"corn\", \"sugar\", \"oilseed\", \"dlr\", \"gnp\", \"coffee\", \"veg-oil\", \"gold\", \"nat-gas\", \"money-supply\", \"livestock\"]}}"}
{"op_code":5,"worker_id":"f581c9a6-5ea3-4c0c-baf4-f197cae88876-139980931965760","trial_id":24,"param_name":"need_label_eq","param_value_internal":0.0,"distribution":"{\"name\": \"IntDistribution\", \"attributes\": {\"log\": false, \"step\": 1, \"low\": 0, \"high\": 1}}"}
{"op_code":5,"worker_id":"f581c9a6-5ea3-4c0c-baf4-f197cae88876-139980931965760","trial_id":24,"param_name":"need_label_minus","param_value_internal":0.0,"distribution":"{\"name\": \"IntDistribution\", \"attributes\": {\"log\": false, \"step\": 1, \"low\": 0, \"high\": 1}}"}
{"op_code":5,"worker_id":"f581c9a6-5ea3-4c0c-baf4-f197cae88876-139980931965760","trial_id":24,"param_name":"consequence_label","param_value_internal":13,"distribution":"{\"name\": \"CategoricalDistribution\", \"attributes\": {\"choices\": [\"earn\", \"acq\", \"money-fx\", \"grain\", \"crude\", \"trade\", \"interest\", \"ship\", \"wheat\", \"corn\", \"sugar\", \"oilseed\", \"dlr\", \"gnp\", \"coffee\", \"veg-oil\", \"gold\", \"nat-gas\", \"money-supply\", \"livestock\"]}}"}
{"op_code":6,"worker_id":"f581c9a6-5ea3-4c0c-baf4-f197cae88876-139980931965760","trial_id":24,"state":1,"values":[-1.0],"datetime_complete":"2026-03-21T20:17:38.119267"}
{"op_code":4,"worker_id":"f581c9a6-5ea3-4c0c-baf4-f197cae88876-139980931965760","study_id":0,"datetime_start":"2026-03-21T20:17:38.120009"}
{"op_code":5,"worker_id":"f581c9a6-5ea3-4c0c-baf4-f197cae88876-139980931965760","trial_id":25,"param_name":"body_size","param_value_internal":1.0,"distribution":"{\"name\": \"IntDistribution\", \"attributes\": {\"log\": false, \"step\": 1, \"low\": 1, \"high\": 4}}"}
{"op_code":5,"worker_id":"f581c9a6-5ea3-4c0c-baf4-f197cae88876-139980931965760","trial_id":25,"param_name":"body_pred_idx_0","param_value_internal":20.0,"distribution":"{\"name\": \"IntDistribution\", \"attributes\": {\"log\": false, \"step\": 1, \"low\": 0, \"high\": 99}}"}
{"op_code":5,"worker_id":"f581c9a6-5ea3-4c0c-baf4-f197cae88876-139980931965760","trial_id":25,"param_name":"eta_20","param_value_internal":1.0,"distribution":"{\"name\": \"IntDistribution\", \"attributes\": {\"log\": false, \"step\": 1, \"low\": 1, \"high\": 20}}"}
{"op_code":5,"worker_id":"f581c9a6-5ea3-4c0c-baf4-f197cae88876-139980931965760","trial_id":25,"param_name":"op_20","param_value_internal":0,"distribution":"{\"name\": \"CategoricalDistribution\", \"attributes\": {\"choices\": [\">=\", \"<=\", \"==\", \">\", \"<\"]}}"}
{"op_code":5,"worker_id":"f581c9a6-5ea3-4c0c-baf4-f197cae88876-139980931965760","trial_id":25,"param_name":"need_ml_0","param_value_internal":0.0,"distribution":"{\"name\": \"IntDistribution\", \"attributes\": {\"log\": false, \"step\": 1, \"low\": 0, \"high\": 1}}"}
{"op_code":5,"worker_id":"f581c9a6-5ea3-4c0c-baf4-f197cae88876-139980931965760","trial_id":25,"param_name":"need_ml_1","param_value_internal":0.0,"distribution":"{\"name\": \"IntDistribution\", \"attributes\": {\"log\": false, \"step\": 1, \"low\": 0, \"high\": 1}}"}
{"op_code":5,"worker_id":"f581c9a6-5ea3-4c0c-baf4-f197cae88876-139980931965760","trial_id":25,"param_name":"need_ml_2","param_value_internal":0.0,"distribution":"{\"name\": \"IntDistribution\", \"attributes\": {\"log\": false, \"step\": 1, \"low\": 0, \"high\": 1}}"}
{"op_code":5,"worker_id":"f581c9a6-5ea3-4c0c-baf4-f197cae88876-139980931965760","trial_id":25,"param_name":"need_label_contains","param_value_internal":1.0,"distribution":"{\"name\": \"IntDistribution\", \"attributes\": {\"log\": false, \"step\": 1, \"low\": 0, \"high\": 1}}"}
{"op_code":5,"worker_id":"f581c9a6-5ea3-4c0c-baf4-f197cae88876-139980931965760","trial_id":25,"param_name":"label_contains_tau","param_value_internal":9,"distribution":"{\"name\": \"CategoricalDistribution\", \"attributes\": {\"choices\": [\"earn\", \"acq\", \"money-fx\", \"grain\", \"crude\", \"trade\", \"interest\", \"ship\", \"wheat\", \"corn\", \"sugar\", \"oilseed\", \"dlr\", \"gnp\", \"coffee\", \"veg-oil\", \"gold\", \"nat-gas\", \"money-supply\", \"livestock\"]}}"}
{"op_code":5,"worker_id":"f581c9a6-5ea3-4c0c-baf4-f197cae88876-139980931965760","trial_id":25,"param_name":"need_label_eq","param_value_internal":0.0,"distribution":"{\"name\": \"IntDistribution\", \"attributes\": {\"log\": false, \"step\": 1, \"low\": 0, \"high\": 1}}"}
{"op_code":5,"worker_id":"f581c9a6-5ea3-4c0c-baf4-f197cae88876-139980931965760","trial_id":25,"param_name":"need_label_minus","param_value_internal":0.0,"distribution":"{\"name\": \"IntDistribution\", \"attributes\": {\"log\": false, \"step\": 1, \"low\": 0, \"high\": 1}}"}
{"op_code":5,"worker_id":"f581c9a6-5ea3-4c0c-baf4-f197cae88876-139980931965760","trial_id":25,"param_name":"consequence_label","param_value_internal":4,"distribution":"{\"name\": \"CategoricalDistribution\", \"attributes\": {\"choices\": [\"earn\", \"acq\", \"money-fx\", \"grain\", \"crude\", \"trade\", \"interest\", \"ship\", \"wheat\", \"corn\", \"sugar\", \"oilseed\", \"dlr\", \"gnp\", \"coffee\", \"veg-oil\", \"gold\", \"nat-gas\", \"money-supply\", \"livestock\"]}}"}
{"op_code":6,"worker_id":"f581c9a6-5ea3-4c0c-baf4-f197cae88876-139980931965760","trial_id":25,"state":1,"values":[-1.0],"datetime_complete":"2026-03-21T20:17:38.159699"}
{"op_code":4,"worker_id":"f581c9a6-5ea3-4c0c-baf4-f197cae88876-139980931965760","study_id":0,"datetime_start":"2026-03-21T20:17:38.163295"}
{"op_code":5,"worker_id":"f581c9a6-5ea3-4c0c-baf4-f197cae88876-139980931965760","trial_id":26,"param_name":"body_size","param_value_internal":2.0,"distribution":"{\"name\": \"IntDistribution\", \"attributes\": {\"log\": false, \"step\": 1, \"low\": 1, \"high\": 4}}"}
{"op_code":5,"worker_id":"f581c9a6-5ea3-4c0c-baf4-f197cae88876-139980931965760","trial_id":26,"param_name":"body_pred_idx_0","param_value_internal":10.0,"distribution":"{\"name\": \"IntDistribution\", \"attributes\": {\"log\": false, \"step\": 1, \"low\": 0, \"high\": 99}}"}
{"op_code":5,"worker_id":"f581c9a6-5ea3-4c0c-baf4-f197cae88876-139980931965760","trial_id":26,"param_name":"body_pred_idx_1","param_value_internal":34.0,"distribution":"{\"name\": \"IntDistribution\", \"attributes\": {\"log\": false, \"step\": 1, \"low\": 0, \"high\": 99}}"}
{"op_code":5,"worker_id":"f581c9a6-5ea3-4c0c-baf4-f197cae88876-139980931965760","trial_id":26,"param_name":"need_ml_0","param_value_internal":0.0,"distribution":"{\"name\": \"IntDistribution\", \"attributes\": {\"log\": false, \"step\": 1, \"low\": 0, \"high\": 1}}"}
{"op_code":5,"worker_id":"f581c9a6-5ea3-4c0c-baf4-f197cae88876-139980931965760","trial_id":26,"param_name":"need_ml_1","param_value_internal":0.0,"distribution":"{\"name\": \"IntDistribution\", \"attributes\": {\"log\": false, \"step\": 1, \"low\": 0, \"high\": 1}}"}
{"op_code":5,"worker_id":"f581c9a6-5ea3-4c0c-baf4-f197cae88876-139980931965760","trial_id":26,"param_name":"need_ml_2","param_value_internal":0.0,"distribution":"{\"name\": \"IntDistribution\", \"attributes\": {\"log\": false, \"step\": 1, \"low\": 0, \"high\": 1}}"}
{"op_code":5,"worker_id":"f581c9a6-5ea3-4c0c-baf4-f197cae88876-139980931965760","trial_id":26,"param_name":"need_label_contains","param_value_internal":1.0,"distribution":"{\"name\": \"IntDistribution\", \"attributes\": {\"log\": false, \"step\": 1, \"low\": 0, \"high\": 1}}"}
{"op_code":5,"worker_id":"f581c9a6-5ea3-4c0c-baf4-f197cae88876-139980931965760","trial_id":26,"param_name":"label_contains_tau","param_value_internal":12,"distribution":"{\"name\": \"CategoricalDistribution\", \"attributes\": {\"choices\": [\"earn\", \"acq\", \"money-fx\", \"grain\", \"crude\", \"trade\", \"interest\", \"ship\", \"wheat\", \"corn\", \"sugar\", \"oilseed\", \"dlr\", \"gnp\", \"coffee\", \"veg-oil\", \"gold\", \"nat-gas\", \"money-supply\", \"livestock\"]}}"}
{"op_code":5,"worker_id":"f581c9a6-5ea3-4c0c-baf4-f197cae88876-139980931965760","trial_id":26,"param_name":"need_label_eq","param_value_internal":0.0,"distribution":"{\"name\": \"IntDistribution\", \"attributes\": {\"log\": false, \"step\": 1, \"low\": 0, \"high\": 1}}"}
{"op_code":5,"worker_id":"f581c9a6-5ea3-4c0c-baf4-f197cae88876-139980931965760","trial_id":26,"param_name":"need_label_minus","param_value_internal":0.0,"distribution":"{\"name\": \"IntDistribution\", \"attributes\": {\"log\": false, \"step\": 1, \"low\": 0, \"high\": 1}}"}
{"op_code":5,"worker_id":"f581c9a6-5ea3-4c0c-baf4-f197cae88876-139980931965760","trial_id":26,"param_name":"consequence_label","param_value_internal":5,"distribution":"{\"name\": \"CategoricalDistribution\", \"attributes\": {\"choices\": [\"earn\", \"acq\", \"money-fx\", \"grain\", \"crude\", \"trade\", \"interest\", \"ship\", \"wheat\", \"corn\", \"sugar\", \"oilseed\", \"dlr\", \"gnp\", \"coffee\", \"veg-oil\", \"gold\", \"nat-gas\", \"money-supply\", \"livestock\"]}}"}
{"op_code":6,"worker_id":"f581c9a6-5ea3-4c0c-baf4-f197cae88876-139980931965760","trial_id":26,"state":1,"values":[-1.0],"datetime_complete":"2026-03-21T20:17:38.195914"}
{"op_code":4,"worker_id":"f581c9a6-5ea3-4c0c-baf4-f197cae88876-139980931965760","study_id":0,"datetime_start":"2026-03-21T20:17:38.196472"}
{"op_code":5,"worker_id":"f581c9a6-5ea3-4c0c-baf4-f197cae88876-139980931965760","trial_id":27,"param_name":"body_size","param_value_internal":1.0,"distribution":"{\"name\": \"IntDistribution\", \"attributes\": {\"log\": false, \"step\": 1, \"low\": 1, \"high\": 4}}"}
{"op_code":5,"worker_id":"f581c9a6-5ea3-4c0c-baf4-f197cae88876-139980931965760","trial_id":27,"param_name":"body_pred_idx_0","param_value_internal":46.0,"distribution":"{\"name\": \"IntDistribution\", \"attributes\": {\"log\": false, \"step\": 1, \"low\": 0, \"high\": 99}}"}
{"op_code":5,"worker_id":"f581c9a6-5ea3-4c0c-baf4-f197cae88876-139980931965760","trial_id":27,"param_name":"need_ml_0","param_value_internal":0.0,"distribution":"{\"name\": \"IntDistribution\", \"attributes\": {\"log\": false, \"step\": 1, \"low\": 0, \"high\": 1}}"}
{"op_code":5,"worker_id":"f581c9a6-5ea3-4c0c-baf4-f197cae88876-139980931965760","trial_id":27,"param_name":"need_ml_1","param_value_internal":0.0,"distribution":"{\"name\": \"IntDistribution\", \"attributes\": {\"log\": false, \"step\": 1, \"low\": 0, \"high\": 1}}"}
{"op_code":5,"worker_id":"f581c9a6-5ea3-4c0c-baf4-f197cae88876-139980931965760","trial_id":27,"param_name":"need_ml_2","param_value_internal":0.0,"distribution":"{\"name\": \"IntDistribution\", \"attributes\": {\"log\": false, \"step\": 1, \"low\": 0, \"high\": 1}}"}
{"op_code":5,"worker_id":"f581c9a6-5ea3-4c0c-baf4-f197cae88876-139980931965760","trial_id":27,"param_name":"need_label_contains","param_value_internal":1.0,"distribution":"{\"name\": \"IntDistribution\", \"attributes\": {\"log\": false, \"step\": 1, \"low\": 0, \"high\": 1}}"}
{"op_code":5,"worker_id":"f581c9a6-5ea3-4c0c-baf4-f197cae88876-139980931965760","trial_id":27,"param_name":"label_contains_tau","param_value_internal":18,"distribution":"{\"name\": \"CategoricalDistribution\", \"attributes\": {\"choices\": [\"earn\", \"acq\", \"money-fx\", \"grain\", \"crude\", \"trade\", \"interest\", \"ship\", \"wheat\", \"corn\", \"sugar\", \"oilseed\", \"dlr\", \"gnp\", \"coffee\", \"veg-oil\", \"gold\", \"nat-gas\", \"money-supply\", \"livestock\"]}}"}
{"op_code":5,"worker_id":"f581c9a6-5ea3-4c0c-baf4-f197cae88876-139980931965760","trial_id":27,"param_name":"need_label_eq","param_value_internal":0.0,"distribution":"{\"name\": \"IntDistribution\", \"attributes\": {\"log\": false, \"step\": 1, \"low\": 0, \"high\": 1}}"}
{"op_code":5,"worker_id":"f581c9a6-5ea3-4c0c-baf4-f197cae88876-139980931965760","trial_id":27,"param_name":"need_label_minus","param_value_internal":0.0,"distribution":"{\"name\": \"IntDistribution\", \"attributes\": {\"log\": false, \"step\": 1, \"low\": 0, \"high\": 1}}"}
{"op_code":5,"worker_id":"f581c9a6-5ea3-4c0c-baf4-f197cae88876-139980931965760","trial_id":27,"param_name":"consequence_label","param_value_internal":17,"distribution":"{\"name\": \"CategoricalDistribution\", \"attributes\": {\"choices\": [\"earn\", \"acq\", \"money-fx\", \"grain\", \"crude\", \"trade\", \"interest\", \"ship\", \"wheat\", \"corn\", \"sugar\", \"oilseed\", \"dlr\", \"gnp\", \"coffee\", \"veg-oil\", \"gold\", \"nat-gas\", \"money-supply\", \"livestock\"]}}"}
{"op_code":6,"worker_id":"f581c9a6-5ea3-4c0c-baf4-f197cae88876-139980931965760","trial_id":27,"state":1,"values":[-1.0],"datetime_complete":"2026-03-21T20:17:38.226059"}
{"op_code":4,"worker_id":"f581c9a6-5ea3-4c0c-baf4-f197cae88876-139980931965760","study_id":0,"datetime_start":"2026-03-21T20:17:38.226641"}
{"op_code":5,"worker_id":"f581c9a6-5ea3-4c0c-baf4-f197cae88876-139980931965760","trial_id":28,"param_name":"body_size","param_value_internal":3.0,"distribution":"{\"name\": \"IntDistribution\", \"attributes\": {\"log\": false, \"step\": 1, \"low\": 1, \"high\": 4}}"}
{"op_code":5,"worker_id":"f581c9a6-5ea3-4c0c-baf4-f197cae88876-139980931965760","trial_id":28,"param_name":"body_pred_idx_0","param_value_internal":30.0,"distribution":"{\"name\": \"IntDistribution\", \"attributes\": {\"log\": false, \"step\": 1, \"low\": 0, \"high\": 99}}"}
{"op_code":5,"worker_id":"f581c9a6-5ea3-4c0c-baf4-f197cae88876-139980931965760","trial_id":28,"param_name":"body_pred_idx_1","param_value_internal":17.0,"distribution":"{\"name\": \"IntDistribution\", \"attributes\": {\"log\": false, \"step\": 1, \"low\": 0, \"high\": 99}}"}
{"op_code":5,"worker_id":"f581c9a6-5ea3-4c0c-baf4-f197cae88876-139980931965760","trial_id":28,"param_name":"body_pred_idx_2","param_value_internal":46.0,"distribution":"{\"name\": \"IntDistribution\", \"attributes\": {\"log\": false, \"step\": 1, \"low\": 0, \"high\": 99}}"}
{"op_code":5,"worker_id":"f581c9a6-5ea3-4c0c-baf4-f197cae88876-139980931965760","trial_id":28,"param_name":"eta_17","param_value_internal":11.0,"distribution":"{\"name\": \"IntDistribution\", \"attributes\": {\"log\": false, \"step\": 1, \"low\": 1, \"high\": 20}}"}
{"op_code":5,"worker_id":"f581c9a6-5ea3-4c0c-baf4-f197cae88876-139980931965760","trial_id":28,"param_name":"op_17","param_value_internal":3,"distribution":"{\"name\": \"CategoricalDistribution\", \"attributes\": {\"choices\": [\">=\", \"<=\", \"==\", \">\", \"<\"]}}"}
{"op_code":5,"worker_id":"f581c9a6-5ea3-4c0c-baf4-f197cae88876-139980931965760","trial_id":28,"param_name":"need_ml_0","param_value_internal":0.0,"distribution":"{\"name\": \"IntDistribution\", \"attributes\": {\"log\": false, \"step\": 1, \"low\": 0, \"high\": 1}}"}
{"op_code":5,"worker_id":"f581c9a6-5ea3-4c0c-baf4-f197cae88876-139980931965760","trial_id":28,"param_name":"need_ml_1","param_value_internal":0.0,"distribution":"{\"name\": \"IntDistribution\", \"attributes\": {\"log\": false, \"step\": 1, \"low\": 0, \"high\": 1}}"}
{"op_code":5,"worker_id":"f581c9a6-5ea3-4c0c-baf4-f197cae88876-139980931965760","trial_id":28,"param_name":"need_ml_2","param_value_internal":0.0,"distribution":"{\"name\": \"IntDistribution\", \"attributes\": {\"log\": false, \"step\": 1, \"low\": 0, \"high\": 1}}"}
{"op_code":5,"worker_id":"f581c9a6-5ea3-4c0c-baf4-f197cae88876-139980931965760","trial_id":28,"param_name":"need_label_contains","param_value_internal":0.0,"distribution":"{\"name\": \"IntDistribution\", \"attributes\": {\"log\": false, \"step\": 1, \"low\": 0, \"high\": 1}}"}
{"op_code":5,"worker_id":"f581c9a6-5ea3-4c0c-baf4-f197cae88876-139980931965760","trial_id":28,"param_name":"need_label_eq","param_value_internal":0.0,"distribution":"{\"name\": \"IntDistribution\", \"attributes\": {\"log\": false, \"step\": 1, \"low\": 0, \"high\": 1}}"}
{"op_code":5,"worker_id":"f581c9a6-5ea3-4c0c-baf4-f197cae88876-139980931965760","trial_id":28,"param_name":"need_label_minus","param_value_internal":0.0,"distribution":"{\"name\": \"IntDistribution\", \"attributes\": {\"log\": false, \"step\": 1, \"low\": 0, \"high\": 1}}"}
{"op_code":5,"worker_id":"f581c9a6-5ea3-4c0c-baf4-f197cae88876-139980931965760","trial_id":28,"param_name":"consequence_label","param_value_internal":8,"distribution":"{\"name\": \"CategoricalDistribution\", \"attributes\": {\"choices\": [\"earn\", \"acq\", \"money-fx\", \"grain\", \"crude\", \"trade\", \"interest\", \"ship\", \"wheat\", \"corn\", \"sugar\", \"oilseed\", \"dlr\", \"gnp\", \"coffee\", \"veg-oil\", \"gold\", \"nat-gas\", \"money-supply\", \"livestock\"]}}"}
{"op_code":6,"worker_id":"f581c9a6-5ea3-4c0c-baf4-f197cae88876-139980931965760","trial_id":28,"state":1,"values":[-1.0],"datetime_complete":"2026-03-21T20:17:38.272373"}
{"op_code":4,"worker_id":"f581c9a6-5ea3-4c0c-baf4-f197cae88876-139980931965760","study_id":0,"datetime_start":"2026-03-21T20:17:38.272936"}
{"op_code":5,"worker_id":"f581c9a6-5ea3-4c0c-baf4-f197cae88876-139980931965760","trial_id":29,"param_name":"body_size","param_value_internal":2.0,"distribution":"{\"name\": \"IntDistribution\", \"attributes\": {\"log\": false, \"step\": 1, \"low\": 1, \"high\": 4}}"}
{"op_code":5,"worker_id":"f581c9a6-5ea3-4c0c-baf4-f197cae88876-139980931965760","trial_id":29,"param_name":"body_pred_idx_0","param_value_internal":0.0,"distribution":"{\"name\": \"IntDistribution\", \"attributes\": {\"log\": false, \"step\": 1, \"low\": 0, \"high\": 99}}"}
{"op_code":5,"worker_id":"f581c9a6-5ea3-4c0c-baf4-f197cae88876-139980931965760","trial_id":29,"param_name":"body_pred_idx_1","param_value_internal":43.0,"distribution":"{\"name\": \"IntDistribution\", \"attributes\": {\"log\": false, \"step\": 1, \"low\": 0, \"high\": 99}}"}
{"op_code":5,"worker_id":"f581c9a6-5ea3-4c0c-baf4-f197cae88876-139980931965760","trial_id":29,"param_name":"need_ml_0","param_value_internal":1.0,"distribution":"{\"name\": \"IntDistribution\", \"attributes\": {\"log\": false, \"step\": 1, \"low\": 0, \"high\": 1}}"}
{"op_code":5,"worker_id":"f581c9a6-5ea3-4c0c-baf4-f197cae88876-139980931965760","trial_id":29,"param_name":"ml_tau_0","param_value_internal":15,"distribution":"{\"name\": \"CategoricalDistribution\", \"attributes\": {\"choices\": [\"earn\", \"acq\", \"money-fx\", \"grain\", \"crude\", \"trade\", \"interest\", \"ship\", \"wheat\", \"corn\", \"sugar\", \"oilseed\", \"dlr\", \"gnp\", \"coffee\", \"veg-oil\", \"gold\", \"nat-gas\", \"money-supply\", \"livestock\"]}}"}
{"op_code":5,"worker_id":"f581c9a6-5ea3-4c0c-baf4-f197cae88876-139980931965760","trial_id":29,"param_name":"need_ml_1","param_value_internal":0.0,"distribution":"{\"name\": \"IntDistribution\", \"attributes\": {\"log\": false, \"step\": 1, \"low\": 0, \"high\": 1}}"}
{"op_code":5,"worker_id":"f581c9a6-5ea3-4c0c-baf4-f197cae88876-139980931965760","trial_id":29,"param_name":"need_ml_2","param_value_internal":1.0,"distribution":"{\"name\": \"IntDistribution\", \"attributes\": {\"log\": false, \"step\": 1, \"low\": 0, \"high\": 1}}"}
{"op_code":5,"worker_id":"f581c9a6-5ea3-4c0c-baf4-f197cae88876-139980931965760","trial_id":29,"param_name":"ml_tau_2","param_value_internal":5,"distribution":"{\"name\": \"CategoricalDistribution\", \"attributes\": {\"choices\": [\"earn\", \"acq\", \"money-fx\", \"grain\", \"crude\", \"trade\", \"interest\", \"ship\", \"wheat\", \"corn\", \"sugar\", \"oilseed\", \"dlr\", \"gnp\", \"coffee\", \"veg-oil\", \"gold\", \"nat-gas\", \"money-supply\", \"livestock\"]}}"}
{"op_code":5,"worker_id":"f581c9a6-5ea3-4c0c-baf4-f197cae88876-139980931965760","trial_id":29,"param_name":"need_label_contains","param_value_internal":1.0,"distribution":"{\"name\": \"IntDistribution\", \"attributes\": {\"log\": false, \"step\": 1, \"low\": 0, \"high\": 1}}"}
{"op_code":5,"worker_id":"f581c9a6-5ea3-4c0c-baf4-f197cae88876-139980931965760","trial_id":29,"param_name":"label_contains_tau","param_value_internal":19,"distribution":"{\"name\": \"CategoricalDistribution\", \"attributes\": {\"choices\": [\"earn\", \"acq\", \"money-fx\", \"grain\", \"crude\", \"trade\", \"interest\", \"ship\", \"wheat\", \"corn\", \"sugar\", \"oilseed\", \"dlr\", \"gnp\", \"coffee\", \"veg-oil\", \"gold\", \"nat-gas\", \"money-supply\", \"livestock\"]}}"}
{"op_code":5,"worker_id":"f581c9a6-5ea3-4c0c-baf4-f197cae88876-139980931965760","trial_id":29,"param_name":"need_label_eq","param_value_internal":1.0,"distribution":"{\"name\": \"IntDistribution\", \"attributes\": {\"log\": false, \"step\": 1, \"low\": 0, \"high\": 1}}"}
{"op_code":5,"worker_id":"f581c9a6-5ea3-4c0c-baf4-f197cae88876-139980931965760","trial_id":29,"param_name":"label_eq_tau","param_value_internal":18,"distribution":"{\"name\": \"CategoricalDistribution\", \"attributes\": {\"choices\": [\"earn\", \"acq\", \"money-fx\", \"grain\", \"crude\", \"trade\", \"interest\", \"ship\", \"wheat\", \"corn\", \"sugar\", \"oilseed\", \"dlr\", \"gnp\", \"coffee\", \"veg-oil\", \"gold\", \"nat-gas\", \"money-supply\", \"livestock\"]}}"}
{"op_code":5,"worker_id":"f581c9a6-5ea3-4c0c-baf4-f197cae88876-139980931965760","trial_id":29,"param_name":"need_label_minus","param_value_internal":0.0,"distribution":"{\"name\": \"IntDistribution\", \"attributes\": {\"log\": false, \"step\": 1, \"low\": 0, \"high\": 1}}"}
{"op_code":5,"worker_id":"f581c9a6-5ea3-4c0c-baf4-f197cae88876-139980931965760","trial_id":29,"param_name":"consequence_label","param_value_internal":0,"distribution":"{\"name\": \"CategoricalDistribution\", \"attributes\": {\"choices\": [\"earn\", \"acq\", \"money-fx\", \"grain\", \"crude\", \"trade\", \"interest\", \"ship\", \"wheat\", \"corn\", \"sugar\", \"oilseed\", \"dlr\", \"gnp\", \"coffee\", \"veg-oil\", \"gold\", \"nat-gas\", \"money-supply\", \"livestock\"]}}"}
{"op_code":6,"worker_id":"f581c9a6-5ea3-4c0c-baf4-f197cae88876-139980931965760","trial_id":29,"state":1,"values":[-1.0],"datetime_complete":"2026-03-21T20:17:38.351602"}
{"op_code":4,"worker_id":"f581c9a6-5ea3-4c0c-baf4-f197cae88876-139980931965760","study_id":0,"datetime_start":"2026-03-21T20:17:38.352801"}
{"op_code":5,"worker_id":"f581c9a6-5ea3-4c0c-baf4-f197cae88876-139980931965760","trial_id":30,"param_name":"body_size","param_value_internal":1.0,"distribution":"{\"name\": \"IntDistribution\", \"attributes\": {\"log\": false, \"step\": 1, \"low\": 1, \"high\": 4}}"}
{"op_code":5,"worker_id":"f581c9a6-5ea3-4c0c-baf4-f197cae88876-139980931965760","trial_id":30,"param_name":"body_pred_idx_0","param_value_internal":39.0,"distribution":"{\"name\": \"IntDistribution\", \"attributes\": {\"log\": false, \"step\": 1, \"low\": 0, \"high\": 99}}"}
{"op_code":5,"worker_id":"f581c9a6-5ea3-4c0c-baf4-f197cae88876-139980931965760","trial_id":30,"param_name":"need_ml_0","param_value_internal":0.0,"distribution":"{\"name\": \"IntDistribution\", \"attributes\": {\"log\": false, \"step\": 1, \"low\": 0, \"high\": 1}}"}
{"op_code":5,"worker_id":"f581c9a6-5ea3-4c0c-baf4-f197cae88876-139980931965760","trial_id":30,"param_name":"need_ml_1","param_value_internal":0.0,"distribution":"{\"name\": \"IntDistribution\", \"attributes\": {\"log\": false, \"step\": 1, \"low\": 0, \"high\": 1}}"}
{"op_code":5,"worker_id":"f581c9a6-5ea3-4c0c-baf4-f197cae88876-139980931965760","trial_id":30,"param_name":"need_ml_2","param_value_internal":0.0,"distribution":"{\"name\": \"IntDistribution\", \"attributes\": {\"log\": false, \"step\": 1, \"low\": 0, \"high\": 1}}"}
{"op_code":5,"worker_id":"f581c9a6-5ea3-4c0c-baf4-f197cae88876-139980931965760","trial_id":30,"param_name":"need_label_contains","param_value_internal":0.0,"distribution":"{\"name\": \"IntDistribution\", \"attributes\": {\"log\": false, \"step\": 1, \"low\": 0, \"high\": 1}}"}
{"op_code":5,"worker_id":"f581c9a6-5ea3-4c0c-baf4-f197cae88876-139980931965760","trial_id":30,"param_name":"need_label_eq","param_value_internal":0.0,"distribution":"{\"name\": \"IntDistribution\", \"attributes\": {\"log\": false, \"step\": 1, \"low\": 0, \"high\": 1}}"}
{"op_code":5,"worker_id":"f581c9a6-5ea3-4c0c-baf4-f197cae88876-139980931965760","trial_id":30,"param_name":"need_label_minus","param_value_internal":0.0,"distribution":"{\"name\": \"IntDistribution\", \"attributes\": {\"log\": false, \"step\": 1, \"low\": 0, \"high\": 1}}"}
{"op_code":5,"worker_id":"f581c9a6-5ea3-4c0c-baf4-f197cae88876-139980931965760","trial_id":30,"param_name":"consequence_label","param_value_internal":8,"distribution":"{\"name\": \"CategoricalDistribution\", \"attributes\": {\"choices\": [\"earn\", \"acq\", \"money-fx\", \"grain\", \"crude\", \"trade\", \"interest\", \"ship\", \"wheat\", \"corn\", \"sugar\", \"oilseed\", \"dlr\", \"gnp\", \"coffee\", \"veg-oil\", \"gold\", \"nat-gas\", \"money-supply\", \"livestock\"]}}"}
{"op_code":6,"worker_id":"f581c9a6-5ea3-4c0c-baf4-f197cae88876-139980931965760","trial_id":30,"state":1,"values":[0.0],"datetime_complete":"2026-03-21T20:17:38.396588"}
{"op_code":4,"worker_id":"f581c9a6-5ea3-4c0c-baf4-f197cae88876-139980931965760","study_id":0,"datetime_start":"2026-03-21T20:17:38.397310"}
{"op_code":5,"worker_id":"f581c9a6-5ea3-4c0c-baf4-f197cae88876-139980931965760","trial_id":31,"param_name":"body_size","param_value_internal":1.0,"distribution":"{\"name\": \"IntDistribution\", \"attributes\": {\"log\": false, \"step\": 1, \"low\": 1, \"high\": 4}}"}
{"op_code":5,"worker_id":"f581c9a6-5ea3-4c0c-baf4-f197cae88876-139980931965760","trial_id":31,"param_name":"body_pred_idx_0","param_value_internal":36.0,"distribution":"{\"name\": \"IntDistribution\", \"attributes\": {\"log\": false, \"step\": 1, \"low\": 0, \"high\": 99}}"}
{"op_code":5,"worker_id":"f581c9a6-5ea3-4c0c-baf4-f197cae88876-139980931965760","trial_id":31,"param_name":"need_ml_0","param_value_internal":0.0,"distribution":"{\"name\": \"IntDistribution\", \"attributes\": {\"log\": false, \"step\": 1, \"low\": 0, \"high\": 1}}"}
{"op_code":5,"worker_id":"f581c9a6-5ea3-4c0c-baf4-f197cae88876-139980931965760","trial_id":31,"param_name":"need_ml_1","param_value_internal":0.0,"distribution":"{\"name\": \"IntDistribution\", \"attributes\": {\"log\": false, \"step\": 1, \"low\": 0, \"high\": 1}}"}
{"op_code":5,"worker_id":"f581c9a6-5ea3-4c0c-baf4-f197cae88876-139980931965760","trial_id":31,"param_name":"need_ml_2","param_value_internal":0.0,"distribution":"{\"name\": \"IntDistribution\", \"attributes\": {\"log\": false, \"step\": 1, \"low\": 0, \"high\": 1}}"}
{"op_code":5,"worker_id":"f581c9a6-5ea3-4c0c-baf4-f197cae88876-139980931965760","trial_id":31,"param_name":"need_label_contains","param_value_internal":1.0,"distribution":"{\"name\": \"IntDistribution\", \"attributes\": {\"log\": false, \"step\": 1, \"low\": 0, \"high\": 1}}"}
{"op_code":5,"worker_id":"f581c9a6-5ea3-4c0c-baf4-f197cae88876-139980931965760","trial_id":31,"param_name":"label_contains_tau","param_value_internal":0,"distribution":"{\"name\": \"CategoricalDistribution\", \"attributes\": {\"choices\": [\"earn\", \"acq\", \"money-fx\", \"grain\", \"crude\", \"trade\", \"interest\", \"ship\", \"wheat\", \"corn\", \"sugar\", \"oilseed\", \"dlr\", \"gnp\", \"coffee\", \"veg-oil\", \"gold\", \"nat-gas\", \"money-supply\", \"livestock\"]}}"}
{"op_code":5,"worker_id":"f581c9a6-5ea3-4c0c-baf4-f197cae88876-139980931965760","trial_id":31,"param_name":"need_label_eq","param_value_internal":0.0,"distribution":"{\"name\": \"IntDistribution\", \"attributes\": {\"log\": false, \"step\": 1, \"low\": 0, \"high\": 1}}"}
{"op_code":5,"worker_id":"f581c9a6-5ea3-4c0c-baf4-f197cae88876-139980931965760","trial_id":31,"param_name":"need_label_minus","param_value_internal":0.0,"distribution":"{\"name\": \"IntDistribution\", \"attributes\": {\"log\": false, \"step\": 1, \"low\": 0, \"high\": 1}}"}
{"op_code":5,"worker_id":"f581c9a6-5ea3-4c0c-baf4-f197cae88876-139980931965760","trial_id":31,"param_name":"consequence_label","param_value_internal":3,"distribution":"{\"name\": \"CategoricalDistribution\", \"attributes\": {\"choices\": [\"earn\", \"acq\", \"money-fx\", \"grain\", \"crude\", \"trade\", \"interest\", \"ship\", \"wheat\", \"corn\", \"sugar\", \"oilseed\", \"dlr\", \"gnp\", \"coffee\", \"veg-oil\", \"gold\", \"nat-gas\", \"money-supply\", \"livestock\"]}}"}
{"op_code":6,"worker_id":"f581c9a6-5ea3-4c0c-baf4-f197cae88876-139980931965760","trial_id":31,"state":1,"values":[0.0],"datetime_complete":"2026-03-21T20:17:38.431724"}
{"op_code":4,"worker_id":"f581c9a6-5ea3-4c0c-baf4-f197cae88876-139980931965760","study_id":0,"datetime_start":"2026-03-21T20:17:38.432437"}
{"op_code":5,"worker_id":"f581c9a6-5ea3-4c0c-baf4-f197cae88876-139980931965760","trial_id":32,"param_name":"body_size","param_value_internal":1.0,"distribution":"{\"name\": \"IntDistribution\", \"attributes\": {\"log\": false, \"step\": 1, \"low\": 1, \"high\": 4}}"}
{"op_code":5,"worker_id":"f581c9a6-5ea3-4c0c-baf4-f197cae88876-139980931965760","trial_id":32,"param_name":"body_pred_idx_0","param_value_internal":13.0,"distribution":"{\"name\": \"IntDistribution\", \"attributes\": {\"log\": false, \"step\": 1, \"low\": 0, \"high\": 99}}"}
{"op_code":5,"worker_id":"f581c9a6-5ea3-4c0c-baf4-f197cae88876-139980931965760","trial_id":32,"param_name":"eta_13","param_value_internal":2.0,"distribution":"{\"name\": \"IntDistribution\", \"attributes\": {\"log\": false, \"step\": 1, \"low\": 1, \"high\": 20}}"}
{"op_code":5,"worker_id":"f581c9a6-5ea3-4c0c-baf4-f197cae88876-139980931965760","trial_id":32,"param_name":"op_13","param_value_internal":2,"distribution":"{\"name\": \"CategoricalDistribution\", \"attributes\": {\"choices\": [\">=\", \"<=\", \"==\", \">\", \"<\"]}}"}
{"op_code":5,"worker_id":"f581c9a6-5ea3-4c0c-baf4-f197cae88876-139980931965760","trial_id":32,"param_name":"need_ml_0","param_value_internal":0.0,"distribution":"{\"name\": \"IntDistribution\", \"attributes\": {\"log\": false, \"step\": 1, \"low\": 0, \"high\": 1}}"}
{"op_code":5,"worker_id":"f581c9a6-5ea3-4c0c-baf4-f197cae88876-139980931965760","trial_id":32,"param_name":"need_ml_1","param_value_internal":0.0,"distribution":"{\"name\": \"IntDistribution\", \"attributes\": {\"log\": false, \"step\": 1, \"low\": 0, \"high\": 1}}"}
{"op_code":5,"worker_id":"f581c9a6-5ea3-4c0c-baf4-f197cae88876-139980931965760","trial_id":32,"param_name":"need_ml_2","param_value_internal":0.0,"distribution":"{\"name\": \"IntDistribution\", \"attributes\": {\"log\": false, \"step\": 1, \"low\": 0, \"high\": 1}}"}
{"op_code":5,"worker_id":"f581c9a6-5ea3-4c0c-baf4-f197cae88876-139980931965760","trial_id":32,"param_name":"need_label_contains","param_value_internal":1.0,"distribution":"{\"name\": \"IntDistribution\", \"attributes\": {\"log\": false, \"step\": 1, \"low\": 0, \"high\": 1}}"}
{"op_code":5,"worker_id":"f581c9a6-5ea3-4c0c-baf4-f197cae88876-139980931965760","trial_id":32,"param_name":"label_contains_tau","param_value_internal":16,"distribution":"{\"name\": \"CategoricalDistribution\", \"attributes\": {\"choices\": [\"earn\", \"acq\", \"money-fx\", \"grain\", \"crude\", \"trade\", \"interest\", \"ship\", \"wheat\", \"corn\", \"sugar\", \"oilseed\", \"dlr\", \"gnp\", \"coffee\", \"veg-oil\", \"gold\", \"nat-gas\", \"money-supply\", \"livestock\"]}}"}
{"op_code":5,"worker_id":"f581c9a6-5ea3-4c0c-baf4-f197cae88876-139980931965760","trial_id":32,"param_name":"need_label_eq","param_value_internal":0.0,"distribution":"{\"name\": \"IntDistribution\", \"attributes\": {\"log\": false, \"step\": 1, \"low\": 0, \"high\": 1}}"}
{"op_code":5,"worker_id":"f581c9a6-5ea3-4c0c-baf4-f197cae88876-139980931965760","trial_id":32,"param_name":"need_label_minus","param_value_internal":0.0,"distribution":"{\"name\": \"IntDistribution\", \"attributes\": {\"log\": false, \"step\": 1, \"low\": 0, \"high\": 1}}"}
{"op_code":5,"worker_id":"f581c9a6-5ea3-4c0c-baf4-f197cae88876-139980931965760","trial_id":32,"param_name":"consequence_label","param_value_internal":3,"distribution":"{\"name\": \"CategoricalDistribution\", \"attributes\": {\"choices\": [\"earn\", \"acq\", \"money-fx\", \"grain\", \"crude\", \"trade\", \"interest\", \"ship\", \"wheat\", \"corn\", \"sugar\", \"oilseed\", \"dlr\", \"gnp\", \"coffee\", \"veg-oil\", \"gold\", \"nat-gas\", \"money-supply\", \"livestock\"]}}"}
{"op_code":6,"worker_id":"f581c9a6-5ea3-4c0c-baf4-f197cae88876-139980931965760","trial_id":32,"state":1,"values":[-1.0],"datetime_complete":"2026-03-21T20:17:38.459124"}
{"op_code":4,"worker_id":"f581c9a6-5ea3-4c0c-baf4-f197cae88876-139980931965760","study_id":0,"datetime_start":"2026-03-21T20:17:38.459643"}
{"op_code":5,"worker_id":"f581c9a6-5ea3-4c0c-baf4-f197cae88876-139980931965760","trial_id":33,"param_name":"body_size","param_value_internal":2.0,"distribution":"{\"name\": \"IntDistribution\", \"attributes\": {\"log\": false, \"step\": 1, \"low\": 1, \"high\": 4}}"}
{"op_code":5,"worker_id":"f581c9a6-5ea3-4c0c-baf4-f197cae88876-139980931965760","trial_id":33,"param_name":"body_pred_idx_0","param_value_internal":30.0,"distribution":"{\"name\": \"IntDistribution\", \"attributes\": {\"log\": false, \"step\": 1, \"low\": 0, \"high\": 99}}"}
{"op_code":5,"worker_id":"f581c9a6-5ea3-4c0c-baf4-f197cae88876-139980931965760","trial_id":33,"param_name":"body_pred_idx_1","param_value_internal":86.0,"distribution":"{\"name\": \"IntDistribution\", \"attributes\": {\"log\": false, \"step\": 1, \"low\": 0, \"high\": 99}}"}
{"op_code":5,"worker_id":"f581c9a6-5ea3-4c0c-baf4-f197cae88876-139980931965760","trial_id":33,"param_name":"need_ml_0","param_value_internal":0.0,"distribution":"{\"name\": \"IntDistribution\", \"attributes\": {\"log\": false, \"step\": 1, \"low\": 0, \"high\": 1}}"}
{"op_code":5,"worker_id":"f581c9a6-5ea3-4c0c-baf4-f197cae88876-139980931965760","trial_id":33,"param_name":"need_ml_1","param_value_internal":0.0,"distribution":"{\"name\": \"IntDistribution\", \"attributes\": {\"log\": false, \"step\": 1, \"low\": 0, \"high\": 1}}"}
{"op_code":5,"worker_id":"f581c9a6-5ea3-4c0c-baf4-f197cae88876-139980931965760","trial_id":33,"param_name":"need_ml_2","param_value_internal":0.0,"distribution":"{\"name\": \"IntDistribution\", \"attributes\": {\"log\": false, \"step\": 1, \"low\": 0, \"high\": 1}}"}
{"op_code":5,"worker_id":"f581c9a6-5ea3-4c0c-baf4-f197cae88876-139980931965760","trial_id":33,"param_name":"need_label_contains","param_value_internal":1.0,"distribution":"{\"name\": \"IntDistribution\", \"attributes\": {\"log\": false, \"step\": 1, \"low\": 0, \"high\": 1}}"}
{"op_code":5,"worker_id":"f581c9a6-5ea3-4c0c-baf4-f197cae88876-139980931965760","trial_id":33,"param_name":"label_contains_tau","param_value_internal":4,"distribution":"{\"name\": \"CategoricalDistribution\", \"attributes\": {\"choices\": [\"earn\", \"acq\", \"money-fx\", \"grain\", \"crude\", \"trade\", \"interest\", \"ship\", \"wheat\", \"corn\", \"sugar\", \"oilseed\", \"dlr\", \"gnp\", \"coffee\", \"veg-oil\", \"gold\", \"nat-gas\", \"money-supply\", \"livestock\"]}}"}
{"op_code":5,"worker_id":"f581c9a6-5ea3-4c0c-baf4-f197cae88876-139980931965760","trial_id":33,"param_name":"need_label_eq","param_value_internal":0.0,"distribution":"{\"name\": \"IntDistribution\", \"attributes\": {\"log\": false, \"step\": 1, \"low\": 0, \"high\": 1}}"}
{"op_code":5,"worker_id":"f581c9a6-5ea3-4c0c-baf4-f197cae88876-139980931965760","trial_id":33,"param_name":"need_label_minus","param_value_internal":0.0,"distribution":"{\"name\": \"IntDistribution\", \"attributes\": {\"log\": false, \"step\": 1, \"low\": 0, \"high\": 1}}"}
{"op_code":5,"worker_id":"f581c9a6-5ea3-4c0c-baf4-f197cae88876-139980931965760","trial_id":33,"param_name":"consequence_label","param_value_internal":3,"distribution":"{\"name\": \"CategoricalDistribution\", \"attributes\": {\"choices\": [\"earn\", \"acq\", \"money-fx\", \"grain\", \"crude\", \"trade\", \"interest\", \"ship\", \"wheat\", \"corn\", \"sugar\", \"oilseed\", \"dlr\", \"gnp\", \"coffee\", \"veg-oil\", \"gold\", \"nat-gas\", \"money-supply\", \"livestock\"]}}"}
{"op_code":6,"worker_id":"f581c9a6-5ea3-4c0c-baf4-f197cae88876-139980931965760","trial_id":33,"state":1,"values":[-1.0],"datetime_complete":"2026-03-21T20:17:38.496848"}
{"op_code":4,"worker_id":"f581c9a6-5ea3-4c0c-baf4-f197cae88876-139980931965760","study_id":0,"datetime_start":"2026-03-21T20:17:38.498281"}
{"op_code":5,"worker_id":"f581c9a6-5ea3-4c0c-baf4-f197cae88876-139980931965760","trial_id":34,"param_name":"body_size","param_value_internal":1.0,"distribution":"{\"name\": \"IntDistribution\", \"attributes\": {\"log\": false, \"step\": 1, \"low\": 1, \"high\": 4}}"}
{"op_code":5,"worker_id":"f581c9a6-5ea3-4c0c-baf4-f197cae88876-139980931965760","trial_id":34,"param_name":"body_pred_idx_0","param_value_internal":15.0,"distribution":"{\"name\": \"IntDistribution\", \"attributes\": {\"log\": false, \"step\": 1, \"low\": 0, \"high\": 99}}"}
{"op_code":5,"worker_id":"f581c9a6-5ea3-4c0c-baf4-f197cae88876-139980931965760","trial_id":34,"param_name":"eta_15","param_value_internal":19.0,"distribution":"{\"name\": \"IntDistribution\", \"attributes\": {\"log\": false, \"step\": 1, \"low\": 1, \"high\": 20}}"}
{"op_code":5,"worker_id":"f581c9a6-5ea3-4c0c-baf4-f197cae88876-139980931965760","trial_id":34,"param_name":"op_15","param_value_internal":3,"distribution":"{\"name\": \"CategoricalDistribution\", \"attributes\": {\"choices\": [\">=\", \"<=\", \"==\", \">\", \"<\"]}}"}
{"op_code":5,"worker_id":"f581c9a6-5ea3-4c0c-baf4-f197cae88876-139980931965760","trial_id":34,"param_name":"need_ml_0","param_value_internal":0.0,"distribution":"{\"name\": \"IntDistribution\", \"attributes\": {\"log\": false, \"step\": 1, \"low\": 0, \"high\": 1}}"}
{"op_code":5,"worker_id":"f581c9a6-5ea3-4c0c-baf4-f197cae88876-139980931965760","trial_id":34,"param_name":"need_ml_1","param_value_internal":0.0,"distribution":"{\"name\": \"IntDistribution\", \"attributes\": {\"log\": false, \"step\": 1, \"low\": 0, \"high\": 1}}"}
{"op_code":5,"worker_id":"f581c9a6-5ea3-4c0c-baf4-f197cae88876-139980931965760","trial_id":34,"param_name":"need_ml_2","param_value_internal":0.0,"distribution":"{\"name\": \"IntDistribution\", \"attributes\": {\"log\": false, \"step\": 1, \"low\": 0, \"high\": 1}}"}
{"op_code":5,"worker_id":"f581c9a6-5ea3-4c0c-baf4-f197cae88876-139980931965760","trial_id":34,"param_name":"need_label_contains","param_value_internal":1.0,"distribution":"{\"name\": \"IntDistribution\", \"attributes\": {\"log\": false, \"step\": 1, \"low\": 0, \"high\": 1}}"}
{"op_code":5,"worker_id":"f581c9a6-5ea3-4c0c-baf4-f197cae88876-139980931965760","trial_id":34,"param_name":"label_contains_tau","param_value_internal":0,"distribution":"{\"name\": \"CategoricalDistribution\", \"attributes\": {\"choices\": [\"earn\", \"acq\", \"money-fx\", \"grain\", \"crude\", \"trade\", \"interest\", \"ship\", \"wheat\", \"corn\", \"sugar\", \"oilseed\", \"dlr\", \"gnp\", \"coffee\", \"veg-oil\", \"gold\", \"nat-gas\", \"money-supply\", \"livestock\"]}}"}
{"op_code":5,"worker_id":"f581c9a6-5ea3-4c0c-baf4-f197cae88876-139980931965760","trial_id":34,"param_name":"need_label_eq","param_value_internal":0.0,"distribution":"{\"name\": \"IntDistribution\", \"attributes\": {\"log\": false, \"step\": 1, \"low\": 0, \"high\": 1}}"}
{"op_code":5,"worker_id":"f581c9a6-5ea3-4c0c-baf4-f197cae88876-139980931965760","trial_id":34,"param_name":"need_label_minus","param_value_internal":0.0,"distribution":"{\"name\": \"IntDistribution\", \"attributes\": {\"log\": false, \"step\": 1, \"low\": 0, \"high\": 1}}"}
{"op_code":5,"worker_id":"f581c9a6-5ea3-4c0c-baf4-f197cae88876-139980931965760","trial_id":34,"param_name":"consequence_label","param_value_internal":15,"distribution":"{\"name\": \"CategoricalDistribution\", \"attributes\": {\"choices\": [\"earn\", \"acq\", \"money-fx\", \"grain\", \"crude\", \"trade\", \"interest\", \"ship\", \"wheat\", \"corn\", \"sugar\", \"oilseed\", \"dlr\", \"gnp\", \"coffee\", \"veg-oil\", \"gold\", \"nat-gas\", \"money-supply\", \"livestock\"]}}"}
{"op_code":6,"worker_id":"f581c9a6-5ea3-4c0c-baf4-f197cae88876-139980931965760","trial_id":34,"state":1,"values":[-1.0],"datetime_complete":"2026-03-21T20:17:38.525947"}
{"op_code":4,"worker_id":"f581c9a6-5ea3-4c0c-baf4-f197cae88876-139980931965760","study_id":0,"datetime_start":"2026-03-21T20:17:38.526519"}
{"op_code":5,"worker_id":"f581c9a6-5ea3-4c0c-baf4-f197cae88876-139980931965760","trial_id":35,"param_name":"body_size","param_value_internal":2.0,"distribution":"{\"name\": \"IntDistribution\", \"attributes\": {\"log\": false, \"step\": 1, \"low\": 1, \"high\": 4}}"}
{"op_code":5,"worker_id":"f581c9a6-5ea3-4c0c-baf4-f197cae88876-139980931965760","trial_id":35,"param_name":"body_pred_idx_0","param_value_internal":57.0,"distribution":"{\"name\": \"IntDistribution\", \"attributes\": {\"log\": false, \"step\": 1, \"low\": 0, \"high\": 99}}"}
{"op_code":5,"worker_id":"f581c9a6-5ea3-4c0c-baf4-f197cae88876-139980931965760","trial_id":35,"param_name":"body_pred_idx_1","param_value_internal":24.0,"distribution":"{\"name\": \"IntDistribution\", \"attributes\": {\"log\": false, \"step\": 1, \"low\": 0, \"high\": 99}}"}
{"op_code":5,"worker_id":"f581c9a6-5ea3-4c0c-baf4-f197cae88876-139980931965760","trial_id":35,"param_name":"eta_24","param_value_internal":9.0,"distribution":"{\"name\": \"IntDistribution\", \"attributes\": {\"log\": false, \"step\": 1, \"low\": 1, \"high\": 20}}"}
{"op_code":5,"worker_id":"f581c9a6-5ea3-4c0c-baf4-f197cae88876-139980931965760","trial_id":35,"param_name":"op_24","param_value_internal":0,"distribution":"{\"name\": \"CategoricalDistribution\", \"attributes\": {\"choices\": [\">=\", \"<=\", \"==\", \">\", \"<\"]}}"}
{"op_code":5,"worker_id":"f581c9a6-5ea3-4c0c-baf4-f197cae88876-139980931965760","trial_id":35,"param_name":"need_ml_0","param_value_internal":0.0,"distribution":"{\"name\": \"IntDistribution\", \"attributes\": {\"log\": false, \"step\": 1, \"low\": 0, \"high\": 1}}"}
{"op_code":5,"worker_id":"f581c9a6-5ea3-4c0c-baf4-f197cae88876-139980931965760","trial_id":35,"param_name":"need_ml_1","param_value_internal":0.0,"distribution":"{\"name\": \"IntDistribution\", \"attributes\": {\"log\": false, \"step\": 1, \"low\": 0, \"high\": 1}}"}
{"op_code":5,"worker_id":"f581c9a6-5ea3-4c0c-baf4-f197cae88876-139980931965760","trial_id":35,"param_name":"need_ml_2","param_value_internal":0.0,"distribution":"{\"name\": \"IntDistribution\", \"attributes\": {\"log\": false, \"step\": 1, \"low\": 0, \"high\": 1}}"}
{"op_code":5,"worker_id":"f581c9a6-5ea3-4c0c-baf4-f197cae88876-139980931965760","trial_id":35,"param_name":"need_label_contains","param_value_internal":1.0,"distribution":"{\"name\": \"IntDistribution\", \"attributes\": {\"log\": false, \"step\": 1, \"low\": 0, \"high\": 1}}"}
{"op_code":5,"worker_id":"f581c9a6-5ea3-4c0c-baf4-f197cae88876-139980931965760","trial_id":35,"param_name":"label_contains_tau","param_value_internal":13,"distribution":"{\"name\": \"CategoricalDistribution\", \"attributes\": {\"choices\": [\"earn\", \"acq\", \"money-fx\", \"grain\", \"crude\", \"trade\", \"interest\", \"ship\", \"wheat\", \"corn\", \"sugar\", \"oilseed\", \"dlr\", \"gnp\", \"coffee\", \"veg-oil\", \"gold\", \"nat-gas\", \"money-supply\", \"livestock\"]}}"}
{"op_code":5,"worker_id":"f581c9a6-5ea3-4c0c-baf4-f197cae88876-139980931965760","trial_id":35,"param_name":"need_label_eq","param_value_internal":0.0,"distribution":"{\"name\": \"IntDistribution\", \"attributes\": {\"log\": false, \"step\": 1, \"low\": 0, \"high\": 1}}"}
{"op_code":5,"worker_id":"f581c9a6-5ea3-4c0c-baf4-f197cae88876-139980931965760","trial_id":35,"param_name":"need_label_minus","param_value_internal":0.0,"distribution":"{\"name\": \"IntDistribution\", \"attributes\": {\"log\": false, \"step\": 1, \"low\": 0, \"high\": 1}}"}
{"op_code":5,"worker_id":"f581c9a6-5ea3-4c0c-baf4-f197cae88876-139980931965760","trial_id":35,"param_name":"consequence_label","param_value_internal":16,"distribution":"{\"name\": \"CategoricalDistribution\", \"attributes\": {\"choices\": [\"earn\", \"acq\", \"money-fx\", \"grain\", \"crude\", \"trade\", \"interest\", \"ship\", \"wheat\", \"corn\", \"sugar\", \"oilseed\", \"dlr\", \"gnp\", \"coffee\", \"veg-oil\", \"gold\", \"nat-gas\", \"money-supply\", \"livestock\"]}}"}
{"op_code":6,"worker_id":"f581c9a6-5ea3-4c0c-baf4-f197cae88876-139980931965760","trial_id":35,"state":1,"values":[-1.0],"datetime_complete":"2026-03-21T20:17:38.563886"}
{"op_code":4,"worker_id":"f581c9a6-5ea3-4c0c-baf4-f197cae88876-139980931965760","study_id":0,"datetime_start":"2026-03-21T20:17:38.574897"}
{"op_code":5,"worker_id":"f581c9a6-5ea3-4c0c-baf4-f197cae88876-139980931965760","trial_id":36,"param_name":"body_size","param_value_internal":1.0,"distribution":"{\"name\": \"IntDistribution\", \"attributes\": {\"log\": false, \"step\": 1, \"low\": 1, \"high\": 4}}"}
{"op_code":5,"worker_id":"f581c9a6-5ea3-4c0c-baf4-f197cae88876-139980931965760","trial_id":36,"param_name":"body_pred_idx_0","param_value_internal":19.0,"distribution":"{\"name\": \"IntDistribution\", \"attributes\": {\"log\": false, \"step\": 1, \"low\": 0, \"high\": 99}}"}
{"op_code":5,"worker_id":"f581c9a6-5ea3-4c0c-baf4-f197cae88876-139980931965760","trial_id":36,"param_name":"eta_19","param_value_internal":18.0,"distribution":"{\"name\": \"IntDistribution\", \"attributes\": {\"log\": false, \"step\": 1, \"low\": 1, \"high\": 20}}"}
{"op_code":5,"worker_id":"f581c9a6-5ea3-4c0c-baf4-f197cae88876-139980931965760","trial_id":36,"param_name":"op_19","param_value_internal":2,"distribution":"{\"name\": \"CategoricalDistribution\", \"attributes\": {\"choices\": [\">=\", \"<=\", \"==\", \">\", \"<\"]}}"}
{"op_code":5,"worker_id":"f581c9a6-5ea3-4c0c-baf4-f197cae88876-139980931965760","trial_id":36,"param_name":"need_ml_0","param_value_internal":0.0,"distribution":"{\"name\": \"IntDistribution\", \"attributes\": {\"log\": false, \"step\": 1, \"low\": 0, \"high\": 1}}"}
{"op_code":5,"worker_id":"f581c9a6-5ea3-4c0c-baf4-f197cae88876-139980931965760","trial_id":36,"param_name":"need_ml_1","param_value_internal":0.0,"distribution":"{\"name\": \"IntDistribution\", \"attributes\": {\"log\": false, \"step\": 1, \"low\": 0, \"high\": 1}}"}
{"op_code":5,"worker_id":"f581c9a6-5ea3-4c0c-baf4-f197cae88876-139980931965760","trial_id":36,"param_name":"need_ml_2","param_value_internal":1.0,"distribution":"{\"name\": \"IntDistribution\", \"attributes\": {\"log\": false, \"step\": 1, \"low\": 0, \"high\": 1}}"}
{"op_code":5,"worker_id":"f581c9a6-5ea3-4c0c-baf4-f197cae88876-139980931965760","trial_id":36,"param_name":"ml_tau_2","param_value_internal":0,"distribution":"{\"name\": \"CategoricalDistribution\", \"attributes\": {\"choices\": [\"earn\", \"acq\", \"money-fx\", \"grain\", \"crude\", \"trade\", \"interest\", \"ship\", \"wheat\", \"corn\", \"sugar\", \"oilseed\", \"dlr\", \"gnp\", \"coffee\", \"veg-oil\", \"gold\", \"nat-gas\", \"money-supply\", \"livestock\"]}}"}
{"op_code":5,"worker_id":"f581c9a6-5ea3-4c0c-baf4-f197cae88876-139980931965760","trial_id":36,"param_name":"need_label_contains","param_value_internal":1.0,"distribution":"{\"name\": \"IntDistribution\", \"attributes\": {\"log\": false, \"step\": 1, \"low\": 0, \"high\": 1}}"}
{"op_code":5,"worker_id":"f581c9a6-5ea3-4c0c-baf4-f197cae88876-139980931965760","trial_id":36,"param_name":"label_contains_tau","param_value_internal":5,"distribution":"{\"name\": \"CategoricalDistribution\", \"attributes\": {\"choices\": [\"earn\", \"acq\", \"money-fx\", \"grain\", \"crude\", \"trade\", \"interest\", \"ship\", \"wheat\", \"corn\", \"sugar\", \"oilseed\", \"dlr\", \"gnp\", \"coffee\", \"veg-oil\", \"gold\", \"nat-gas\", \"money-supply\", \"livestock\"]}}"}
{"op_code":5,"worker_id":"f581c9a6-5ea3-4c0c-baf4-f197cae88876-139980931965760","trial_id":36,"param_name":"need_label_eq","param_value_internal":0.0,"distribution":"{\"name\": \"IntDistribution\", \"attributes\": {\"log\": false, \"step\": 1, \"low\": 0, \"high\": 1}}"}
{"op_code":5,"worker_id":"f581c9a6-5ea3-4c0c-baf4-f197cae88876-139980931965760","trial_id":36,"param_name":"need_label_minus","param_value_internal":0.0,"distribution":"{\"name\": \"IntDistribution\", \"attributes\": {\"log\": false, \"step\": 1, \"low\": 0, \"high\": 1}}"}
{"op_code":5,"worker_id":"f581c9a6-5ea3-4c0c-baf4-f197cae88876-139980931965760","trial_id":36,"param_name":"consequence_label","param_value_internal":1,"distribution":"{\"name\": \"CategoricalDistribution\", \"attributes\": {\"choices\": [\"earn\", \"acq\", \"money-fx\", \"grain\", \"crude\", \"trade\", \"interest\", \"ship\", \"wheat\", \"corn\", \"sugar\", \"oilseed\", \"dlr\", \"gnp\", \"coffee\", \"veg-oil\", \"gold\", \"nat-gas\", \"money-supply\", \"livestock\"]}}"}
{"op_code":6,"worker_id":"f581c9a6-5ea3-4c0c-baf4-f197cae88876-139980931965760","trial_id":36,"state":1,"values":[-1.0],"datetime_complete":"2026-03-21T20:17:38.603152"}
{"op_code":4,"worker_id":"f581c9a6-5ea3-4c0c-baf4-f197cae88876-139980931965760","study_id":0,"datetime_start":"2026-03-21T20:17:38.603667"}
{"op_code":5,"worker_id":"f581c9a6-5ea3-4c0c-baf4-f197cae88876-139980931965760","trial_id":37,"param_name":"body_size","param_value_internal":2.0,"distribution":"{\"name\": \"IntDistribution\", \"attributes\": {\"log\": false, \"step\": 1, \"low\": 1, \"high\": 4}}"}
{"op_code":5,"worker_id":"f581c9a6-5ea3-4c0c-baf4-f197cae88876-139980931965760","trial_id":37,"param_name":"body_pred_idx_0","param_value_internal":7.0,"distribution":"{\"name\": \"IntDistribution\", \"attributes\": {\"log\": false, \"step\": 1, \"low\": 0, \"high\": 99}}"}
{"op_code":5,"worker_id":"f581c9a6-5ea3-4c0c-baf4-f197cae88876-139980931965760","trial_id":37,"param_name":"body_pred_idx_1","param_value_internal":2.0,"distribution":"{\"name\": \"IntDistribution\", \"attributes\": {\"log\": false, \"step\": 1, \"low\": 0, \"high\": 99}}"}
{"op_code":5,"worker_id":"f581c9a6-5ea3-4c0c-baf4-f197cae88876-139980931965760","trial_id":37,"param_name":"need_ml_0","param_value_internal":1.0,"distribution":"{\"name\": \"IntDistribution\", \"attributes\": {\"log\": false, \"step\": 1, \"low\": 0, \"high\": 1}}"}
{"op_code":5,"worker_id":"f581c9a6-5ea3-4c0c-baf4-f197cae88876-139980931965760","trial_id":37,"param_name":"ml_tau_0","param_value_internal":18,"distribution":"{\"name\": \"CategoricalDistribution\", \"attributes\": {\"choices\": [\"earn\", \"acq\", \"money-fx\", \"grain\", \"crude\", \"trade\", \"interest\", \"ship\", \"wheat\", \"corn\", \"sugar\", \"oilseed\", \"dlr\", \"gnp\", \"coffee\", \"veg-oil\", \"gold\", \"nat-gas\", \"money-supply\", \"livestock\"]}}"}
{"op_code":5,"worker_id":"f581c9a6-5ea3-4c0c-baf4-f197cae88876-139980931965760","trial_id":37,"param_name":"need_ml_1","param_value_internal":1.0,"distribution":"{\"name\": \"IntDistribution\", \"attributes\": {\"log\": false, \"step\": 1, \"low\": 0, \"high\": 1}}"}
{"op_code":5,"worker_id":"f581c9a6-5ea3-4c0c-baf4-f197cae88876-139980931965760","trial_id":37,"param_name":"ml_tau_1","param_value_internal":7,"distribution":"{\"name\": \"CategoricalDistribution\", \"attributes\": {\"choices\": [\"earn\", \"acq\", \"money-fx\", \"grain\", \"crude\", \"trade\", \"interest\", \"ship\", \"wheat\", \"corn\", \"sugar\", \"oilseed\", \"dlr\", \"gnp\", \"coffee\", \"veg-oil\", \"gold\", \"nat-gas\", \"money-supply\", \"livestock\"]}}"}
{"op_code":5,"worker_id":"f581c9a6-5ea3-4c0c-baf4-f197cae88876-139980931965760","trial_id":37,"param_name":"need_ml_2","param_value_internal":0.0,"distribution":"{\"name\": \"IntDistribution\", \"attributes\": {\"log\": false, \"step\": 1, \"low\": 0, \"high\": 1}}"}
{"op_code":5,"worker_id":"f581c9a6-5ea3-4c0c-baf4-f197cae88876-139980931965760","trial_id":37,"param_name":"need_label_contains","param_value_internal":0.0,"distribution":"{\"name\": \"IntDistribution\", \"attributes\": {\"log\": false, \"step\": 1, \"low\": 0, \"high\": 1}}"}
{"op_code":5,"worker_id":"f581c9a6-5ea3-4c0c-baf4-f197cae88876-139980931965760","trial_id":37,"param_name":"need_label_eq","param_value_internal":0.0,"distribution":"{\"name\": \"IntDistribution\", \"attributes\": {\"log\": false, \"step\": 1, \"low\": 0, \"high\": 1}}"}
{"op_code":5,"worker_id":"f581c9a6-5ea3-4c0c-baf4-f197cae88876-139980931965760","trial_id":37,"param_name":"need_label_minus","param_value_internal":1.0,"distribution":"{\"name\": \"IntDistribution\", \"attributes\": {\"log\": false, \"step\": 1, \"low\": 0, \"high\": 1}}"}
{"op_code":5,"worker_id":"f581c9a6-5ea3-4c0c-baf4-f197cae88876-139980931965760","trial_id":37,"param_name":"label_minus_tau","param_value_internal":10,"distribution":"{\"name\": \"CategoricalDistribution\", \"attributes\": {\"choices\": [\"earn\", \"acq\", \"money-fx\", \"grain\", \"crude\", \"trade\", \"interest\", \"ship\", \"wheat\", \"corn\", \"sugar\", \"oilseed\", \"dlr\", \"gnp\", \"coffee\", \"veg-oil\", \"gold\", \"nat-gas\", \"money-supply\", \"livestock\"]}}"}
{"op_code":5,"worker_id":"f581c9a6-5ea3-4c0c-baf4-f197cae88876-139980931965760","trial_id":37,"param_name":"consequence_label","param_value_internal":2,"distribution":"{\"name\": \"CategoricalDistribution\", \"attributes\": {\"choices\": [\"earn\", \"acq\", \"money-fx\", \"grain\", \"crude\", \"trade\", \"interest\", \"ship\", \"wheat\", \"corn\", \"sugar\", \"oilseed\", \"dlr\", \"gnp\", \"coffee\", \"veg-oil\", \"gold\", \"nat-gas\", \"money-supply\", \"livestock\"]}}"}
{"op_code":6,"worker_id":"f581c9a6-5ea3-4c0c-baf4-f197cae88876-139980931965760","trial_id":37,"state":1,"values":[-1.0],"datetime_complete":"2026-03-21T20:17:38.638609"}
{"op_code":4,"worker_id":"f581c9a6-5ea3-4c0c-baf4-f197cae88876-139980931965760","study_id":0,"datetime_start":"2026-03-21T20:17:38.639200"}
{"op_code":5,"worker_id":"f581c9a6-5ea3-4c0c-baf4-f197cae88876-139980931965760","trial_id":38,"param_name":"body_size","param_value_internal":4.0,"distribution":"{\"name\": \"IntDistribution\", \"attributes\": {\"log\": false, \"step\": 1, \"low\": 1, \"high\": 4}}"}
{"op_code":5,"worker_id":"f581c9a6-5ea3-4c0c-baf4-f197cae88876-139980931965760","trial_id":38,"param_name":"body_pred_idx_0","param_value_internal":26.0,"distribution":"{\"name\": \"IntDistribution\", \"attributes\": {\"log\": false, \"step\": 1, \"low\": 0, \"high\": 99}}"}
{"op_code":5,"worker_id":"f581c9a6-5ea3-4c0c-baf4-f197cae88876-139980931965760","trial_id":38,"param_name":"body_pred_idx_1","param_value_internal":47.0,"distribution":"{\"name\": \"IntDistribution\", \"attributes\": {\"log\": false, \"step\": 1, \"low\": 0, \"high\": 99}}"}
{"op_code":5,"worker_id":"f581c9a6-5ea3-4c0c-baf4-f197cae88876-139980931965760","trial_id":38,"param_name":"body_pred_idx_2","param_value_internal":89.0,"distribution":"{\"name\": \"IntDistribution\", \"attributes\": {\"log\": false, \"step\": 1, \"low\": 0, \"high\": 99}}"}
{"op_code":5,"worker_id":"f581c9a6-5ea3-4c0c-baf4-f197cae88876-139980931965760","trial_id":38,"param_name":"body_pred_idx_3","param_value_internal":5.0,"distribution":"{\"name\": \"IntDistribution\", \"attributes\": {\"log\": false, \"step\": 1, \"low\": 0, \"high\": 99}}"}
{"op_code":5,"worker_id":"f581c9a6-5ea3-4c0c-baf4-f197cae88876-139980931965760","trial_id":38,"param_name":"need_ml_0","param_value_internal":0.0,"distribution":"{\"name\": \"IntDistribution\", \"attributes\": {\"log\": false, \"step\": 1, \"low\": 0, \"high\": 1}}"}
{"op_code":5,"worker_id":"f581c9a6-5ea3-4c0c-baf4-f197cae88876-139980931965760","trial_id":38,"param_name":"need_ml_1","param_value_internal":0.0,"distribution":"{\"name\": \"IntDistribution\", \"attributes\": {\"log\": false, \"step\": 1, \"low\": 0, \"high\": 1}}"}
{"op_code":5,"worker_id":"f581c9a6-5ea3-4c0c-baf4-f197cae88876-139980931965760","trial_id":38,"param_name":"need_ml_2","param_value_internal":0.0,"distribution":"{\"name\": \"IntDistribution\", \"attributes\": {\"log\": false, \"step\": 1, \"low\": 0, \"high\": 1}}"}
{"op_code":5,"worker_id":"f581c9a6-5ea3-4c0c-baf4-f197cae88876-139980931965760","trial_id":38,"param_name":"need_label_contains","param_value_internal":1.0,"distribution":"{\"name\": \"IntDistribution\", \"attributes\": {\"log\": false, \"step\": 1, \"low\": 0, \"high\": 1}}"}
{"op_code":5,"worker_id":"f581c9a6-5ea3-4c0c-baf4-f197cae88876-139980931965760","trial_id":38,"param_name":"label_contains_tau","param_value_internal":17,"distribution":"{\"name\": \"CategoricalDistribution\", \"attributes\": {\"choices\": [\"earn\", \"acq\", \"money-fx\", \"grain\", \"crude\", \"trade\", \"interest\", \"ship\", \"wheat\", \"corn\", \"sugar\", \"oilseed\", \"dlr\", \"gnp\", \"coffee\", \"veg-oil\", \"gold\", \"nat-gas\", \"money-supply\", \"livestock\"]}}"}
{"op_code":5,"worker_id":"f581c9a6-5ea3-4c0c-baf4-f197cae88876-139980931965760","trial_id":38,"param_name":"need_label_eq","param_value_internal":1.0,"distribution":"{\"name\": \"IntDistribution\", \"attributes\": {\"log\": false, \"step\": 1, \"low\": 0, \"high\": 1}}"}
{"op_code":5,"worker_id":"f581c9a6-5ea3-4c0c-baf4-f197cae88876-139980931965760","trial_id":38,"param_name":"label_eq_tau","param_value_internal":12,"distribution":"{\"name\": \"CategoricalDistribution\", \"attributes\": {\"choices\": [\"earn\", \"acq\", \"money-fx\", \"grain\", \"crude\", \"trade\", \"interest\", \"ship\", \"wheat\", \"corn\", \"sugar\", \"oilseed\", \"dlr\", \"gnp\", \"coffee\", \"veg-oil\", \"gold\", \"nat-gas\", \"money-supply\", \"livestock\"]}}"}
{"op_code":5,"worker_id":"f581c9a6-5ea3-4c0c-baf4-f197cae88876-139980931965760","trial_id":38,"param_name":"need_label_minus","param_value_internal":0.0,"distribution":"{\"name\": \"IntDistribution\", \"attributes\": {\"log\": false, \"step\": 1, \"low\": 0, \"high\": 1}}"}
{"op_code":5,"worker_id":"f581c9a6-5ea3-4c0c-baf4-f197cae88876-139980931965760","trial_id":38,"param_name":"consequence_label","param_value_internal":11,"distribution":"{\"name\": \"CategoricalDistribution\", \"attributes\": {\"choices\": [\"earn\", \"acq\", \"money-fx\", \"grain\", \"crude\", \"trade\", \"interest\", \"ship\", \"wheat\", \"corn\", \"sugar\", \"oilseed\", \"dlr\", \"gnp\", \"coffee\", \"veg-oil\", \"gold\", \"nat-gas\", \"money-supply\", \"livestock\"]}}"}
{"op_code":6,"worker_id":"f581c9a6-5ea3-4c0c-baf4-f197cae88876-139980931965760","trial_id":38,"state":1,"values":[-1.0],"datetime_complete":"2026-03-21T20:17:38.686484"}
{"op_code":4,"worker_id":"f581c9a6-5ea3-4c0c-baf4-f197cae88876-139980931965760","study_id":0,"datetime_start":"2026-03-21T20:17:38.687173"}
{"op_code":5,"worker_id":"f581c9a6-5ea3-4c0c-baf4-f197cae88876-139980931965760","trial_id":39,"param_name":"body_size","param_value_internal":1.0,"distribution":"{\"name\": \"IntDistribution\", \"attributes\": {\"log\": false, \"step\": 1, \"low\": 1, \"high\": 4}}"}
{"op_code":5,"worker_id":"f581c9a6-5ea3-4c0c-baf4-f197cae88876-139980931965760","trial_id":39,"param_name":"body_pred_idx_0","param_value_internal":89.0,"distribution":"{\"name\": \"IntDistribution\", \"attributes\": {\"log\": false, \"step\": 1, \"low\": 0, \"high\": 99}}"}
{"op_code":5,"worker_id":"f581c9a6-5ea3-4c0c-baf4-f197cae88876-139980931965760","trial_id":39,"param_name":"need_ml_0","param_value_internal":1.0,"distribution":"{\"name\": \"IntDistribution\", \"attributes\": {\"log\": false, \"step\": 1, \"low\": 0, \"high\": 1}}"}
{"op_code":5,"worker_id":"f581c9a6-5ea3-4c0c-baf4-f197cae88876-139980931965760","trial_id":39,"param_name":"ml_tau_0","param_value_internal":11,"distribution":"{\"name\": \"CategoricalDistribution\", \"attributes\": {\"choices\": [\"earn\", \"acq\", \"money-fx\", \"grain\", \"crude\", \"trade\", \"interest\", \"ship\", \"wheat\", \"corn\", \"sugar\", \"oilseed\", \"dlr\", \"gnp\", \"coffee\", \"veg-oil\", \"gold\", \"nat-gas\", \"money-supply\", \"livestock\"]}}"}
{"op_code":5,"worker_id":"f581c9a6-5ea3-4c0c-baf4-f197cae88876-139980931965760","trial_id":39,"param_name":"need_ml_1","param_value_internal":0.0,"distribution":"{\"name\": \"IntDistribution\", \"attributes\": {\"log\": false, \"step\": 1, \"low\": 0, \"high\": 1}}"}
{"op_code":5,"worker_id":"f581c9a6-5ea3-4c0c-baf4-f197cae88876-139980931965760","trial_id":39,"param_name":"need_ml_2","param_value_internal":1.0,"distribution":"{\"name\": \"IntDistribution\", \"attributes\": {\"log\": false, \"step\": 1, \"low\": 0, \"high\": 1}}"}
{"op_code":5,"worker_id":"f581c9a6-5ea3-4c0c-baf4-f197cae88876-139980931965760","trial_id":39,"param_name":"ml_tau_2","param_value_internal":15,"distribution":"{\"name\": \"CategoricalDistribution\", \"attributes\": {\"choices\": [\"earn\", \"acq\", \"money-fx\", \"grain\", \"crude\", \"trade\", \"interest\", \"ship\", \"wheat\", \"corn\", \"sugar\", \"oilseed\", \"dlr\", \"gnp\", \"coffee\", \"veg-oil\", \"gold\", \"nat-gas\", \"money-supply\", \"livestock\"]}}"}
{"op_code":5,"worker_id":"f581c9a6-5ea3-4c0c-baf4-f197cae88876-139980931965760","trial_id":39,"param_name":"need_label_contains","param_value_internal":0.0,"distribution":"{\"name\": \"IntDistribution\", \"attributes\": {\"log\": false, \"step\": 1, \"low\": 0, \"high\": 1}}"}
{"op_code":5,"worker_id":"f581c9a6-5ea3-4c0c-baf4-f197cae88876-139980931965760","trial_id":39,"param_name":"need_label_eq","param_value_internal":0.0,"distribution":"{\"name\": \"IntDistribution\", \"attributes\": {\"log\": false, \"step\": 1, \"low\": 0, \"high\": 1}}"}
{"op_code":5,"worker_id":"f581c9a6-5ea3-4c0c-baf4-f197cae88876-139980931965760","trial_id":39,"param_name":"need_label_minus","param_value_internal":0.0,"distribution":"{\"name\": \"IntDistribution\", \"attributes\": {\"log\": false, \"step\": 1, \"low\": 0, \"high\": 1}}"}
{"op_code":5,"worker_id":"f581c9a6-5ea3-4c0c-baf4-f197cae88876-139980931965760","trial_id":39,"param_name":"consequence_label","param_value_internal":8,"distribution":"{\"name\": \"CategoricalDistribution\", \"attributes\": {\"choices\": [\"earn\", \"acq\", \"money-fx\", \"grain\", \"crude\", \"trade\", \"interest\", \"ship\", \"wheat\", \"corn\", \"sugar\", \"oilseed\", \"dlr\", \"gnp\", \"coffee\", \"veg-oil\", \"gold\", \"nat-gas\", \"money-supply\", \"livestock\"]}}"}
{"op_code":6,"worker_id":"f581c9a6-5ea3-4c0c-baf4-f197cae88876-139980931965760","trial_id":39,"state":1,"values":[-1.0],"datetime_complete":"2026-03-21T20:17:39.237142"}
{"op_code":4,"worker_id":"f581c9a6-5ea3-4c0c-baf4-f197cae88876-139980931965760","study_id":0,"datetime_start":"2026-03-21T20:17:39.238194"}
{"op_code":5,"worker_id":"f581c9a6-5ea3-4c0c-baf4-f197cae88876-139980931965760","trial_id":40,"param_name":"body_size","param_value_internal":2.0,"distribution":"{\"name\": \"IntDistribution\", \"attributes\": {\"log\": false, \"step\": 1, \"low\": 1, \"high\": 4}}"}
{"op_code":5,"worker_id":"f581c9a6-5ea3-4c0c-baf4-f197cae88876-139980931965760","trial_id":40,"param_name":"body_pred_idx_0","param_value_internal":49.0,"distribution":"{\"name\": \"IntDistribution\", \"attributes\": {\"log\": false, \"step\": 1, \"low\": 0, \"high\": 99}}"}
{"op_code":5,"worker_id":"f581c9a6-5ea3-4c0c-baf4-f197cae88876-139980931965760","trial_id":40,"param_name":"body_pred_idx_1","param_value_internal":67.0,"distribution":"{\"name\": \"IntDistribution\", \"attributes\": {\"log\": false, \"step\": 1, \"low\": 0, \"high\": 99}}"}
{"op_code":5,"worker_id":"f581c9a6-5ea3-4c0c-baf4-f197cae88876-139980931965760","trial_id":40,"param_name":"need_ml_0","param_value_internal":0.0,"distribution":"{\"name\": \"IntDistribution\", \"attributes\": {\"log\": false, \"step\": 1, \"low\": 0, \"high\": 1}}"}
{"op_code":5,"worker_id":"f581c9a6-5ea3-4c0c-baf4-f197cae88876-139980931965760","trial_id":40,"param_name":"need_ml_1","param_value_internal":1.0,"distribution":"{\"name\": \"IntDistribution\", \"attributes\": {\"log\": false, \"step\": 1, \"low\": 0, \"high\": 1}}"}
{"op_code":5,"worker_id":"f581c9a6-5ea3-4c0c-baf4-f197cae88876-139980931965760","trial_id":40,"param_name":"ml_tau_1","param_value_internal":12,"distribution":"{\"name\": \"CategoricalDistribution\", \"attributes\": {\"choices\": [\"earn\", \"acq\", \"money-fx\", \"grain\", \"crude\", \"trade\", \"interest\", \"ship\", \"wheat\", \"corn\", \"sugar\", \"oilseed\", \"dlr\", \"gnp\", \"coffee\", \"veg-oil\", \"gold\", \"nat-gas\", \"money-supply\", \"livestock\"]}}"}
{"op_code":5,"worker_id":"f581c9a6-5ea3-4c0c-baf4-f197cae88876-139980931965760","trial_id":40,"param_name":"need_ml_2","param_value_internal":0.0,"distribution":"{\"name\": \"IntDistribution\", \"attributes\": {\"log\": false, \"step\": 1, \"low\": 0, \"high\": 1}}"}
{"op_code":5,"worker_id":"f581c9a6-5ea3-4c0c-baf4-f197cae88876-139980931965760","trial_id":40,"param_name":"need_label_contains","param_value_internal":1.0,"distribution":"{\"name\": \"IntDistribution\", \"attributes\": {\"log\": false, \"step\": 1, \"low\": 0, \"high\": 1}}"}
{"op_code":5,"worker_id":"f581c9a6-5ea3-4c0c-baf4-f197cae88876-139980931965760","trial_id":40,"param_name":"label_contains_tau","param_value_internal":14,"distribution":"{\"name\": \"CategoricalDistribution\", \"attributes\": {\"choices\": [\"earn\", \"acq\", \"money-fx\", \"grain\", \"crude\", \"trade\", \"interest\", \"ship\", \"wheat\", \"corn\", \"sugar\", \"oilseed\", \"dlr\", \"gnp\", \"coffee\", \"veg-oil\", \"gold\", \"nat-gas\", \"money-supply\", \"livestock\"]}}"}
{"op_code":5,"worker_id":"f581c9a6-5ea3-4c0c-baf4-f197cae88876-139980931965760","trial_id":40,"param_name":"need_label_eq","param_value_internal":0.0,"distribution":"{\"name\": \"IntDistribution\", \"attributes\": {\"log\": false, \"step\": 1, \"low\": 0, \"high\": 1}}"}
{"op_code":5,"worker_id":"f581c9a6-5ea3-4c0c-baf4-f197cae88876-139980931965760","trial_id":40,"param_name":"need_label_minus","param_value_internal":1.0,"distribution":"{\"name\": \"IntDistribution\", \"attributes\": {\"log\": false, \"step\": 1, \"low\": 0, \"high\": 1}}"}
{"op_code":5,"worker_id":"f581c9a6-5ea3-4c0c-baf4-f197cae88876-139980931965760","trial_id":40,"param_name":"label_minus_tau","param_value_internal":18,"distribution":"{\"name\": \"CategoricalDistribution\", \"attributes\": {\"choices\": [\"earn\", \"acq\", \"money-fx\", \"grain\", \"crude\", \"trade\", \"interest\", \"ship\", \"wheat\", \"corn\", \"sugar\", \"oilseed\", \"dlr\", \"gnp\", \"coffee\", \"veg-oil\", \"gold\", \"nat-gas\", \"money-supply\", \"livestock\"]}}"}
{"op_code":5,"worker_id":"f581c9a6-5ea3-4c0c-baf4-f197cae88876-139980931965760","trial_id":40,"param_name":"consequence_label","param_value_internal":10,"distribution":"{\"name\": \"CategoricalDistribution\", \"attributes\": {\"choices\": [\"earn\", \"acq\", \"money-fx\", \"grain\", \"crude\", \"trade\", \"interest\", \"ship\", \"wheat\", \"corn\", \"sugar\", \"oilseed\", \"dlr\", \"gnp\", \"coffee\", \"veg-oil\", \"gold\", \"nat-gas\", \"money-supply\", \"livestock\"]}}"}
{"op_code":6,"worker_id":"f581c9a6-5ea3-4c0c-baf4-f197cae88876-139980931965760","trial_id":40,"state":1,"values":[-1.0],"datetime_complete":"2026-03-21T20:17:39.280848"}
{"op_code":4,"worker_id":"f581c9a6-5ea3-4c0c-baf4-f197cae88876-139980931965760","study_id":0,"datetime_start":"2026-03-21T20:17:39.281748"}
{"op_code":5,"worker_id":"f581c9a6-5ea3-4c0c-baf4-f197cae88876-139980931965760","trial_id":41,"param_name":"body_size","param_value_internal":1.0,"distribution":"{\"name\": \"IntDistribution\", \"attributes\": {\"log\": false, \"step\": 1, \"low\": 1, \"high\": 4}}"}
{"op_code":5,"worker_id":"f581c9a6-5ea3-4c0c-baf4-f197cae88876-139980931965760","trial_id":41,"param_name":"body_pred_idx_0","param_value_internal":24.0,"distribution":"{\"name\": \"IntDistribution\", \"attributes\": {\"log\": false, \"step\": 1, \"low\": 0, \"high\": 99}}"}
{"op_code":5,"worker_id":"f581c9a6-5ea3-4c0c-baf4-f197cae88876-139980931965760","trial_id":41,"param_name":"eta_24","param_value_internal":20.0,"distribution":"{\"name\": \"IntDistribution\", \"attributes\": {\"log\": false, \"step\": 1, \"low\": 1, \"high\": 20}}"}
{"op_code":5,"worker_id":"f581c9a6-5ea3-4c0c-baf4-f197cae88876-139980931965760","trial_id":41,"param_name":"op_24","param_value_internal":3,"distribution":"{\"name\": \"CategoricalDistribution\", \"attributes\": {\"choices\": [\">=\", \"<=\", \"==\", \">\", \"<\"]}}"}
{"op_code":5,"worker_id":"f581c9a6-5ea3-4c0c-baf4-f197cae88876-139980931965760","trial_id":41,"param_name":"need_ml_0","param_value_internal":0.0,"distribution":"{\"name\": \"IntDistribution\", \"attributes\": {\"log\": false, \"step\": 1, \"low\": 0, \"high\": 1}}"}
{"op_code":5,"worker_id":"f581c9a6-5ea3-4c0c-baf4-f197cae88876-139980931965760","trial_id":41,"param_name":"need_ml_1","param_value_internal":0.0,"distribution":"{\"name\": \"IntDistribution\", \"attributes\": {\"log\": false, \"step\": 1, \"low\": 0, \"high\": 1}}"}
{"op_code":5,"worker_id":"f581c9a6-5ea3-4c0c-baf4-f197cae88876-139980931965760","trial_id":41,"param_name":"need_ml_2","param_value_internal":0.0,"distribution":"{\"name\": \"IntDistribution\", \"attributes\": {\"log\": false, \"step\": 1, \"low\": 0, \"high\": 1}}"}
{"op_code":5,"worker_id":"f581c9a6-5ea3-4c0c-baf4-f197cae88876-139980931965760","trial_id":41,"param_name":"need_label_contains","param_value_internal":0.0,"distribution":"{\"name\": \"IntDistribution\", \"attributes\": {\"log\": false, \"step\": 1, \"low\": 0, \"high\": 1}}"}
{"op_code":5,"worker_id":"f581c9a6-5ea3-4c0c-baf4-f197cae88876-139980931965760","trial_id":41,"param_name":"need_label_eq","param_value_internal":0.0,"distribution":"{\"name\": \"IntDistribution\", \"attributes\": {\"log\": false, \"step\": 1, \"low\": 0, \"high\": 1}}"}
{"op_code":5,"worker_id":"f581c9a6-5ea3-4c0c-baf4-f197cae88876-139980931965760","trial_id":41,"param_name":"need_label_minus","param_value_internal":0.0,"distribution":"{\"name\": \"IntDistribution\", \"attributes\": {\"log\": false, \"step\": 1, \"low\": 0, \"high\": 1}}"}
{"op_code":5,"worker_id":"f581c9a6-5ea3-4c0c-baf4-f197cae88876-139980931965760","trial_id":41,"param_name":"consequence_label","param_value_internal":12,"distribution":"{\"name\": \"CategoricalDistribution\", \"attributes\": {\"choices\": [\"earn\", \"acq\", \"money-fx\", \"grain\", \"crude\", \"trade\", \"interest\", \"ship\", \"wheat\", \"corn\", \"sugar\", \"oilseed\", \"dlr\", \"gnp\", \"coffee\", \"veg-oil\", \"gold\", \"nat-gas\", \"money-supply\", \"livestock\"]}}"}
{"op_code":6,"worker_id":"f581c9a6-5ea3-4c0c-baf4-f197cae88876-139980931965760","trial_id":41,"state":1,"values":[-1.0],"datetime_complete":"2026-03-21T20:17:39.315283"}
{"op_code":4,"worker_id":"f581c9a6-5ea3-4c0c-baf4-f197cae88876-139980931965760","study_id":0,"datetime_start":"2026-03-21T20:17:39.324599"}
{"op_code":5,"worker_id":"f581c9a6-5ea3-4c0c-baf4-f197cae88876-139980931965760","trial_id":42,"param_name":"body_size","param_value_internal":1.0,"distribution":"{\"name\": \"IntDistribution\", \"attributes\": {\"log\": false, \"step\": 1, \"low\": 1, \"high\": 4}}"}
{"op_code":5,"worker_id":"f581c9a6-5ea3-4c0c-baf4-f197cae88876-139980931965760","trial_id":42,"param_name":"body_pred_idx_0","param_value_internal":21.0,"distribution":"{\"name\": \"IntDistribution\", \"attributes\": {\"log\": false, \"step\": 1, \"low\": 0, \"high\": 99}}"}
{"op_code":5,"worker_id":"f581c9a6-5ea3-4c0c-baf4-f197cae88876-139980931965760","trial_id":42,"param_name":"need_ml_0","param_value_internal":0.0,"distribution":"{\"name\": \"IntDistribution\", \"attributes\": {\"log\": false, \"step\": 1, \"low\": 0, \"high\": 1}}"}
{"op_code":5,"worker_id":"f581c9a6-5ea3-4c0c-baf4-f197cae88876-139980931965760","trial_id":42,"param_name":"need_ml_1","param_value_internal":0.0,"distribution":"{\"name\": \"IntDistribution\", \"attributes\": {\"log\": false, \"step\": 1, \"low\": 0, \"high\": 1}}"}
{"op_code":5,"worker_id":"f581c9a6-5ea3-4c0c-baf4-f197cae88876-139980931965760","trial_id":42,"param_name":"need_ml_2","param_value_internal":0.0,"distribution":"{\"name\": \"IntDistribution\", \"attributes\": {\"log\": false, \"step\": 1, \"low\": 0, \"high\": 1}}"}
{"op_code":5,"worker_id":"f581c9a6-5ea3-4c0c-baf4-f197cae88876-139980931965760","trial_id":42,"param_name":"need_label_contains","param_value_internal":0.0,"distribution":"{\"name\": \"IntDistribution\", \"attributes\": {\"log\": false, \"step\": 1, \"low\": 0, \"high\": 1}}"}
{"op_code":5,"worker_id":"f581c9a6-5ea3-4c0c-baf4-f197cae88876-139980931965760","trial_id":42,"param_name":"need_label_eq","param_value_internal":0.0,"distribution":"{\"name\": \"IntDistribution\", \"attributes\": {\"log\": false, \"step\": 1, \"low\": 0, \"high\": 1}}"}
{"op_code":5,"worker_id":"f581c9a6-5ea3-4c0c-baf4-f197cae88876-139980931965760","trial_id":42,"param_name":"need_label_minus","param_value_internal":0.0,"distribution":"{\"name\": \"IntDistribution\", \"attributes\": {\"log\": false, \"step\": 1, \"low\": 0, \"high\": 1}}"}
{"op_code":5,"worker_id":"f581c9a6-5ea3-4c0c-baf4-f197cae88876-139980931965760","trial_id":42,"param_name":"consequence_label","param_value_internal":12,"distribution":"{\"name\": \"CategoricalDistribution\", \"attributes\": {\"choices\": [\"earn\", \"acq\", \"money-fx\", \"grain\", \"crude\", \"trade\", \"interest\", \"ship\", \"wheat\", \"corn\", \"sugar\", \"oilseed\", \"dlr\", \"gnp\", \"coffee\", \"veg-oil\", \"gold\", \"nat-gas\", \"money-supply\", \"livestock\"]}}"}
{"op_code":6,"worker_id":"f581c9a6-5ea3-4c0c-baf4-f197cae88876-139980931965760","trial_id":42,"state":1,"values":[0.0],"datetime_complete":"2026-03-21T20:17:39.352879"}
{"op_code":4,"worker_id":"f581c9a6-5ea3-4c0c-baf4-f197cae88876-139980931965760","study_id":0,"datetime_start":"2026-03-21T20:17:39.353489"}
{"op_code":5,"worker_id":"f581c9a6-5ea3-4c0c-baf4-f197cae88876-139980931965760","trial_id":43,"param_name":"body_size","param_value_internal":1.0,"distribution":"{\"name\": \"IntDistribution\", \"attributes\": {\"log\": false, \"step\": 1, \"low\": 1, \"high\": 4}}"}
{"op_code":5,"worker_id":"f581c9a6-5ea3-4c0c-baf4-f197cae88876-139980931965760","trial_id":43,"param_name":"body_pred_idx_0","param_value_internal":33.0,"distribution":"{\"name\": \"IntDistribution\", \"attributes\": {\"log\": false, \"step\": 1, \"low\": 0, \"high\": 99}}"}
{"op_code":5,"worker_id":"f581c9a6-5ea3-4c0c-baf4-f197cae88876-139980931965760","trial_id":43,"param_name":"need_ml_0","param_value_internal":0.0,"distribution":"{\"name\": \"IntDistribution\", \"attributes\": {\"log\": false, \"step\": 1, \"low\": 0, \"high\": 1}}"}
{"op_code":5,"worker_id":"f581c9a6-5ea3-4c0c-baf4-f197cae88876-139980931965760","trial_id":43,"param_name":"need_ml_1","param_value_internal":0.0,"distribution":"{\"name\": \"IntDistribution\", \"attributes\": {\"log\": false, \"step\": 1, \"low\": 0, \"high\": 1}}"}
{"op_code":5,"worker_id":"f581c9a6-5ea3-4c0c-baf4-f197cae88876-139980931965760","trial_id":43,"param_name":"need_ml_2","param_value_internal":0.0,"distribution":"{\"name\": \"IntDistribution\", \"attributes\": {\"log\": false, \"step\": 1, \"low\": 0, \"high\": 1}}"}
{"op_code":5,"worker_id":"f581c9a6-5ea3-4c0c-baf4-f197cae88876-139980931965760","trial_id":43,"param_name":"need_label_contains","param_value_internal":0.0,"distribution":"{\"name\": \"IntDistribution\", \"attributes\": {\"log\": false, \"step\": 1, \"low\": 0, \"high\": 1}}"}
{"op_code":5,"worker_id":"f581c9a6-5ea3-4c0c-baf4-f197cae88876-139980931965760","trial_id":43,"param_name":"need_label_eq","param_value_internal":0.0,"distribution":"{\"name\": \"IntDistribution\", \"attributes\": {\"log\": false, \"step\": 1, \"low\": 0, \"high\": 1}}"}
{"op_code":5,"worker_id":"f581c9a6-5ea3-4c0c-baf4-f197cae88876-139980931965760","trial_id":43,"param_name":"need_label_minus","param_value_internal":0.0,"distribution":"{\"name\": \"IntDistribution\", \"attributes\": {\"log\": false, \"step\": 1, \"low\": 0, \"high\": 1}}"}
{"op_code":5,"worker_id":"f581c9a6-5ea3-4c0c-baf4-f197cae88876-139980931965760","trial_id":43,"param_name":"consequence_label","param_value_internal":12,"distribution":"{\"name\": \"CategoricalDistribution\", \"attributes\": {\"choices\": [\"earn\", \"acq\", \"money-fx\", \"grain\", \"crude\", \"trade\", \"interest\", \"ship\", \"wheat\", \"corn\", \"sugar\", \"oilseed\", \"dlr\", \"gnp\", \"coffee\", \"veg-oil\", \"gold\", \"nat-gas\", \"money-supply\", \"livestock\"]}}"}
{"op_code":6,"worker_id":"f581c9a6-5ea3-4c0c-baf4-f197cae88876-139980931965760","trial_id":43,"state":1,"values":[0.0],"datetime_complete":"2026-03-21T20:17:39.391470"}
{"op_code":4,"worker_id":"f581c9a6-5ea3-4c0c-baf4-f197cae88876-139980931965760","study_id":0,"datetime_start":"2026-03-21T20:17:39.392319"}
{"op_code":5,"worker_id":"f581c9a6-5ea3-4c0c-baf4-f197cae88876-139980931965760","trial_id":44,"param_name":"body_size","param_value_internal":1.0,"distribution":"{\"name\": \"IntDistribution\", \"attributes\": {\"log\": false, \"step\": 1, \"low\": 1, \"high\": 4}}"}
{"op_code":5,"worker_id":"f581c9a6-5ea3-4c0c-baf4-f197cae88876-139980931965760","trial_id":44,"param_name":"body_pred_idx_0","param_value_internal":40.0,"distribution":"{\"name\": \"IntDistribution\", \"attributes\": {\"log\": false, \"step\": 1, \"low\": 0, \"high\": 99}}"}
{"op_code":5,"worker_id":"f581c9a6-5ea3-4c0c-baf4-f197cae88876-139980931965760","trial_id":44,"param_name":"need_ml_0","param_value_internal":0.0,"distribution":"{\"name\": \"IntDistribution\", \"attributes\": {\"log\": false, \"step\": 1, \"low\": 0, \"high\": 1}}"}
{"op_code":5,"worker_id":"f581c9a6-5ea3-4c0c-baf4-f197cae88876-139980931965760","trial_id":44,"param_name":"need_ml_1","param_value_internal":0.0,"distribution":"{\"name\": \"IntDistribution\", \"attributes\": {\"log\": false, \"step\": 1, \"low\": 0, \"high\": 1}}"}
{"op_code":5,"worker_id":"f581c9a6-5ea3-4c0c-baf4-f197cae88876-139980931965760","trial_id":44,"param_name":"need_ml_2","param_value_internal":0.0,"distribution":"{\"name\": \"IntDistribution\", \"attributes\": {\"log\": false, \"step\": 1, \"low\": 0, \"high\": 1}}"}
{"op_code":5,"worker_id":"f581c9a6-5ea3-4c0c-baf4-f197cae88876-139980931965760","trial_id":44,"param_name":"need_label_contains","param_value_internal":0.0,"distribution":"{\"name\": \"IntDistribution\", \"attributes\": {\"log\": false, \"step\": 1, \"low\": 0, \"high\": 1}}"}
{"op_code":5,"worker_id":"f581c9a6-5ea3-4c0c-baf4-f197cae88876-139980931965760","trial_id":44,"param_name":"need_label_eq","param_value_internal":0.0,"distribution":"{\"name\": \"IntDistribution\", \"attributes\": {\"log\": false, \"step\": 1, \"low\": 0, \"high\": 1}}"}
{"op_code":5,"worker_id":"f581c9a6-5ea3-4c0c-baf4-f197cae88876-139980931965760","trial_id":44,"param_name":"need_label_minus","param_value_internal":0.0,"distribution":"{\"name\": \"IntDistribution\", \"attributes\": {\"log\": false, \"step\": 1, \"low\": 0, \"high\": 1}}"}
{"op_code":5,"worker_id":"f581c9a6-5ea3-4c0c-baf4-f197cae88876-139980931965760","trial_id":44,"param_name":"consequence_label","param_value_internal":9,"distribution":"{\"name\": \"CategoricalDistribution\", \"attributes\": {\"choices\": [\"earn\", \"acq\", \"money-fx\", \"grain\", \"crude\", \"trade\", \"interest\", \"ship\", \"wheat\", \"corn\", \"sugar\", \"oilseed\", \"dlr\", \"gnp\", \"coffee\", \"veg-oil\", \"gold\", \"nat-gas\", \"money-supply\", \"livestock\"]}}"}
{"op_code":6,"worker_id":"f581c9a6-5ea3-4c0c-baf4-f197cae88876-139980931965760","trial_id":44,"state":1,"values":[0.0],"datetime_complete":"2026-03-21T20:17:39.431344"}
{"op_code":4,"worker_id":"f581c9a6-5ea3-4c0c-baf4-f197cae88876-139980931965760","study_id":0,"datetime_start":"2026-03-21T20:17:39.432277"}
{"op_code":5,"worker_id":"f581c9a6-5ea3-4c0c-baf4-f197cae88876-139980931965760","trial_id":45,"param_name":"body_size","param_value_internal":1.0,"distribution":"{\"name\": \"IntDistribution\", \"attributes\": {\"log\": false, \"step\": 1, \"low\": 1, \"high\": 4}}"}
{"op_code":5,"worker_id":"f581c9a6-5ea3-4c0c-baf4-f197cae88876-139980931965760","trial_id":45,"param_name":"body_pred_idx_0","param_value_internal":24.0,"distribution":"{\"name\": \"IntDistribution\", \"attributes\": {\"log\": false, \"step\": 1, \"low\": 0, \"high\": 99}}"}
{"op_code":5,"worker_id":"f581c9a6-5ea3-4c0c-baf4-f197cae88876-139980931965760","trial_id":45,"param_name":"eta_24","param_value_internal":1.0,"distribution":"{\"name\": \"IntDistribution\", \"attributes\": {\"log\": false, \"step\": 1, \"low\": 1, \"high\": 20}}"}
{"op_code":5,"worker_id":"f581c9a6-5ea3-4c0c-baf4-f197cae88876-139980931965760","trial_id":45,"param_name":"op_24","param_value_internal":4,"distribution":"{\"name\": \"CategoricalDistribution\", \"attributes\": {\"choices\": [\">=\", \"<=\", \"==\", \">\", \"<\"]}}"}
{"op_code":5,"worker_id":"f581c9a6-5ea3-4c0c-baf4-f197cae88876-139980931965760","trial_id":45,"param_name":"need_ml_0","param_value_internal":0.0,"distribution":"{\"name\": \"IntDistribution\", \"attributes\": {\"log\": false, \"step\": 1, \"low\": 0, \"high\": 1}}"}
{"op_code":5,"worker_id":"f581c9a6-5ea3-4c0c-baf4-f197cae88876-139980931965760","trial_id":45,"param_name":"need_ml_1","param_value_internal":0.0,"distribution":"{\"name\": \"IntDistribution\", \"attributes\": {\"log\": false, \"step\": 1, \"low\": 0, \"high\": 1}}"}
{"op_code":5,"worker_id":"f581c9a6-5ea3-4c0c-baf4-f197cae88876-139980931965760","trial_id":45,"param_name":"need_ml_2","param_value_internal":0.0,"distribution":"{\"name\": \"IntDistribution\", \"attributes\": {\"log\": false, \"step\": 1, \"low\": 0, \"high\": 1}}"}
{"op_code":5,"worker_id":"f581c9a6-5ea3-4c0c-baf4-f197cae88876-139980931965760","trial_id":45,"param_name":"need_label_contains","param_value_internal":0.0,"distribution":"{\"name\": \"IntDistribution\", \"attributes\": {\"log\": false, \"step\": 1, \"low\": 0, \"high\": 1}}"}
{"op_code":5,"worker_id":"f581c9a6-5ea3-4c0c-baf4-f197cae88876-139980931965760","trial_id":45,"param_name":"need_label_eq","param_value_internal":0.0,"distribution":"{\"name\": \"IntDistribution\", \"attributes\": {\"log\": false, \"step\": 1, \"low\": 0, \"high\": 1}}"}
{"op_code":5,"worker_id":"f581c9a6-5ea3-4c0c-baf4-f197cae88876-139980931965760","trial_id":45,"param_name":"need_label_minus","param_value_internal":0.0,"distribution":"{\"name\": \"IntDistribution\", \"attributes\": {\"log\": false, \"step\": 1, \"low\": 0, \"high\": 1}}"}
{"op_code":5,"worker_id":"f581c9a6-5ea3-4c0c-baf4-f197cae88876-139980931965760","trial_id":45,"param_name":"consequence_label","param_value_internal":18,"distribution":"{\"name\": \"CategoricalDistribution\", \"attributes\": {\"choices\": [\"earn\", \"acq\", \"money-fx\", \"grain\", \"crude\", \"trade\", \"interest\", \"ship\", \"wheat\", \"corn\", \"sugar\", \"oilseed\", \"dlr\", \"gnp\", \"coffee\", \"veg-oil\", \"gold\", \"nat-gas\", \"money-supply\", \"livestock\"]}}"}
{"op_code":6,"worker_id":"f581c9a6-5ea3-4c0c-baf4-f197cae88876-139980931965760","trial_id":45,"state":1,"values":[0.0021052631578947372],"datetime_complete":"2026-03-21T20:17:39.470567"}
{"op_code":4,"worker_id":"f581c9a6-5ea3-4c0c-baf4-f197cae88876-139980931965760","study_id":0,"datetime_start":"2026-03-21T20:17:39.471935"}
{"op_code":5,"worker_id":"f581c9a6-5ea3-4c0c-baf4-f197cae88876-139980931965760","trial_id":46,"param_name":"body_size","param_value_internal":1.0,"distribution":"{\"name\": \"IntDistribution\", \"attributes\": {\"log\": false, \"step\": 1, \"low\": 1, \"high\": 4}}"}
{"op_code":5,"worker_id":"f581c9a6-5ea3-4c0c-baf4-f197cae88876-139980931965760","trial_id":46,"param_name":"body_pred_idx_0","param_value_internal":17.0,"distribution":"{\"name\": \"IntDistribution\", \"attributes\": {\"log\": false, \"step\": 1, \"low\": 0, \"high\": 99}}"}
{"op_code":5,"worker_id":"f581c9a6-5ea3-4c0c-baf4-f197cae88876-139980931965760","trial_id":46,"param_name":"eta_17","param_value_internal":1.0,"distribution":"{\"name\": \"IntDistribution\", \"attributes\": {\"log\": false, \"step\": 1, \"low\": 1, \"high\": 20}}"}
{"op_code":5,"worker_id":"f581c9a6-5ea3-4c0c-baf4-f197cae88876-139980931965760","trial_id":46,"param_name":"op_17","param_value_internal":0,"distribution":"{\"name\": \"CategoricalDistribution\", \"attributes\": {\"choices\": [\">=\", \"<=\", \"==\", \">\", \"<\"]}}"}
{"op_code":5,"worker_id":"f581c9a6-5ea3-4c0c-baf4-f197cae88876-139980931965760","trial_id":46,"param_name":"need_ml_0","param_value_internal":0.0,"distribution":"{\"name\": \"IntDistribution\", \"attributes\": {\"log\": false, \"step\": 1, \"low\": 0, \"high\": 1}}"}
{"op_code":5,"worker_id":"f581c9a6-5ea3-4c0c-baf4-f197cae88876-139980931965760","trial_id":46,"param_name":"need_ml_1","param_value_internal":0.0,"distribution":"{\"name\": \"IntDistribution\", \"attributes\": {\"log\": false, \"step\": 1, \"low\": 0, \"high\": 1}}"}
{"op_code":5,"worker_id":"f581c9a6-5ea3-4c0c-baf4-f197cae88876-139980931965760","trial_id":46,"param_name":"need_ml_2","param_value_internal":0.0,"distribution":"{\"name\": \"IntDistribution\", \"attributes\": {\"log\": false, \"step\": 1, \"low\": 0, \"high\": 1}}"}
{"op_code":5,"worker_id":"f581c9a6-5ea3-4c0c-baf4-f197cae88876-139980931965760","trial_id":46,"param_name":"need_label_contains","param_value_internal":0.0,"distribution":"{\"name\": \"IntDistribution\", \"attributes\": {\"log\": false, \"step\": 1, \"low\": 0, \"high\": 1}}"}
{"op_code":5,"worker_id":"f581c9a6-5ea3-4c0c-baf4-f197cae88876-139980931965760","trial_id":46,"param_name":"need_label_eq","param_value_internal":0.0,"distribution":"{\"name\": \"IntDistribution\", \"attributes\": {\"log\": false, \"step\": 1, \"low\": 0, \"high\": 1}}"}
{"op_code":5,"worker_id":"f581c9a6-5ea3-4c0c-baf4-f197cae88876-139980931965760","trial_id":46,"param_name":"need_label_minus","param_value_internal":0.0,"distribution":"{\"name\": \"IntDistribution\", \"attributes\": {\"log\": false, \"step\": 1, \"low\": 0, \"high\": 1}}"}
{"op_code":5,"worker_id":"f581c9a6-5ea3-4c0c-baf4-f197cae88876-139980931965760","trial_id":46,"param_name":"consequence_label","param_value_internal":18,"distribution":"{\"name\": \"CategoricalDistribution\", \"attributes\": {\"choices\": [\"earn\", \"acq\", \"money-fx\", \"grain\", \"crude\", \"trade\", \"interest\", \"ship\", \"wheat\", \"corn\", \"sugar\", \"oilseed\", \"dlr\", \"gnp\", \"coffee\", \"veg-oil\", \"gold\", \"nat-gas\", \"money-supply\", \"livestock\"]}}"}
{"op_code":6,"worker_id":"f581c9a6-5ea3-4c0c-baf4-f197cae88876-139980931965760","trial_id":46,"state":1,"values":[0.0],"datetime_complete":"2026-03-21T20:17:39.506330"}
{"op_code":4,"worker_id":"f581c9a6-5ea3-4c0c-baf4-f197cae88876-139980931965760","study_id":0,"datetime_start":"2026-03-21T20:17:39.506977"}
{"op_code":5,"worker_id":"f581c9a6-5ea3-4c0c-baf4-f197cae88876-139980931965760","trial_id":47,"param_name":"body_size","param_value_internal":1.0,"distribution":"{\"name\": \"IntDistribution\", \"attributes\": {\"log\": false, \"step\": 1, \"low\": 1, \"high\": 4}}"}
{"op_code":5,"worker_id":"f581c9a6-5ea3-4c0c-baf4-f197cae88876-139980931965760","trial_id":47,"param_name":"body_pred_idx_0","param_value_internal":5.0,"distribution":"{\"name\": \"IntDistribution\", \"attributes\": {\"log\": false, \"step\": 1, \"low\": 0, \"high\": 99}}"}
{"op_code":5,"worker_id":"f581c9a6-5ea3-4c0c-baf4-f197cae88876-139980931965760","trial_id":47,"param_name":"need_ml_0","param_value_internal":0.0,"distribution":"{\"name\": \"IntDistribution\", \"attributes\": {\"log\": false, \"step\": 1, \"low\": 0, \"high\": 1}}"}
{"op_code":5,"worker_id":"f581c9a6-5ea3-4c0c-baf4-f197cae88876-139980931965760","trial_id":47,"param_name":"need_ml_1","param_value_internal":0.0,"distribution":"{\"name\": \"IntDistribution\", \"attributes\": {\"log\": false, \"step\": 1, \"low\": 0, \"high\": 1}}"}
{"op_code":5,"worker_id":"f581c9a6-5ea3-4c0c-baf4-f197cae88876-139980931965760","trial_id":47,"param_name":"need_ml_2","param_value_internal":0.0,"distribution":"{\"name\": \"IntDistribution\", \"attributes\": {\"log\": false, \"step\": 1, \"low\": 0, \"high\": 1}}"}
{"op_code":5,"worker_id":"f581c9a6-5ea3-4c0c-baf4-f197cae88876-139980931965760","trial_id":47,"param_name":"need_label_contains","param_value_internal":0.0,"distribution":"{\"name\": \"IntDistribution\", \"attributes\": {\"log\": false, \"step\": 1, \"low\": 0, \"high\": 1}}"}
{"op_code":5,"worker_id":"f581c9a6-5ea3-4c0c-baf4-f197cae88876-139980931965760","trial_id":47,"param_name":"need_label_eq","param_value_internal":0.0,"distribution":"{\"name\": \"IntDistribution\", \"attributes\": {\"log\": false, \"step\": 1, \"low\": 0, \"high\": 1}}"}
{"op_code":5,"worker_id":"f581c9a6-5ea3-4c0c-baf4-f197cae88876-139980931965760","trial_id":47,"param_name":"need_label_minus","param_value_internal":0.0,"distribution":"{\"name\": \"IntDistribution\", \"attributes\": {\"log\": false, \"step\": 1, \"low\": 0, \"high\": 1}}"}
{"op_code":5,"worker_id":"f581c9a6-5ea3-4c0c-baf4-f197cae88876-139980931965760","trial_id":47,"param_name":"consequence_label","param_value_internal":18,"distribution":"{\"name\": \"CategoricalDistribution\", \"attributes\": {\"choices\": [\"earn\", \"acq\", \"money-fx\", \"grain\", \"crude\", \"trade\", \"interest\", \"ship\", \"wheat\", \"corn\", \"sugar\", \"oilseed\", \"dlr\", \"gnp\", \"coffee\", \"veg-oil\", \"gold\", \"nat-gas\", \"money-supply\", \"livestock\"]}}"}
{"op_code":6,"worker_id":"f581c9a6-5ea3-4c0c-baf4-f197cae88876-139980931965760","trial_id":47,"state":1,"values":[0.0],"datetime_complete":"2026-03-21T20:17:39.544296"}
{"op_code":4,"worker_id":"f581c9a6-5ea3-4c0c-baf4-f197cae88876-139980931965760","study_id":0,"datetime_start":"2026-03-21T20:17:39.545022"}
{"op_code":5,"worker_id":"f581c9a6-5ea3-4c0c-baf4-f197cae88876-139980931965760","trial_id":48,"param_name":"body_size","param_value_internal":2.0,"distribution":"{\"name\": \"IntDistribution\", \"attributes\": {\"log\": false, \"step\": 1, \"low\": 1, \"high\": 4}}"}
{"op_code":5,"worker_id":"f581c9a6-5ea3-4c0c-baf4-f197cae88876-139980931965760","trial_id":48,"param_name":"body_pred_idx_0","param_value_internal":29.0,"distribution":"{\"name\": \"IntDistribution\", \"attributes\": {\"log\": false, \"step\": 1, \"low\": 0, \"high\": 99}}"}
{"op_code":5,"worker_id":"f581c9a6-5ea3-4c0c-baf4-f197cae88876-139980931965760","trial_id":48,"param_name":"body_pred_idx_1","param_value_internal":86.0,"distribution":"{\"name\": \"IntDistribution\", \"attributes\": {\"log\": false, \"step\": 1, \"low\": 0, \"high\": 99}}"}
{"op_code":5,"worker_id":"f581c9a6-5ea3-4c0c-baf4-f197cae88876-139980931965760","trial_id":48,"param_name":"need_ml_0","param_value_internal":0.0,"distribution":"{\"name\": \"IntDistribution\", \"attributes\": {\"log\": false, \"step\": 1, \"low\": 0, \"high\": 1}}"}
{"op_code":5,"worker_id":"f581c9a6-5ea3-4c0c-baf4-f197cae88876-139980931965760","trial_id":48,"param_name":"need_ml_1","param_value_internal":0.0,"distribution":"{\"name\": \"IntDistribution\", \"attributes\": {\"log\": false, \"step\": 1, \"low\": 0, \"high\": 1}}"}
{"op_code":5,"worker_id":"f581c9a6-5ea3-4c0c-baf4-f197cae88876-139980931965760","trial_id":48,"param_name":"need_ml_2","param_value_internal":0.0,"distribution":"{\"name\": \"IntDistribution\", \"attributes\": {\"log\": false, \"step\": 1, \"low\": 0, \"high\": 1}}"}
{"op_code":5,"worker_id":"f581c9a6-5ea3-4c0c-baf4-f197cae88876-139980931965760","trial_id":48,"param_name":"need_label_contains","param_value_internal":1.0,"distribution":"{\"name\": \"IntDistribution\", \"attributes\": {\"log\": false, \"step\": 1, \"low\": 0, \"high\": 1}}"}
{"op_code":5,"worker_id":"f581c9a6-5ea3-4c0c-baf4-f197cae88876-139980931965760","trial_id":48,"param_name":"label_contains_tau","param_value_internal":0,"distribution":"{\"name\": \"CategoricalDistribution\", \"attributes\": {\"choices\": [\"earn\", \"acq\", \"money-fx\", \"grain\", \"crude\", \"trade\", \"interest\", \"ship\", \"wheat\", \"corn\", \"sugar\", \"oilseed\", \"dlr\", \"gnp\", \"coffee\", \"veg-oil\", \"gold\", \"nat-gas\", \"money-supply\", \"livestock\"]}}"}
{"op_code":5,"worker_id":"f581c9a6-5ea3-4c0c-baf4-f197cae88876-139980931965760","trial_id":48,"param_name":"need_label_eq","param_value_internal":1.0,"distribution":"{\"name\": \"IntDistribution\", \"attributes\": {\"log\": false, \"step\": 1, \"low\": 0, \"high\": 1}}"}
{"op_code":5,"worker_id":"f581c9a6-5ea3-4c0c-baf4-f197cae88876-139980931965760","trial_id":48,"param_name":"label_eq_tau","param_value_internal":5,"distribution":"{\"name\": \"CategoricalDistribution\", \"attributes\": {\"choices\": [\"earn\", \"acq\", \"money-fx\", \"grain\", \"crude\", \"trade\", \"interest\", \"ship\", \"wheat\", \"corn\", \"sugar\", \"oilseed\", \"dlr\", \"gnp\", \"coffee\", \"veg-oil\", \"gold\", \"nat-gas\", \"money-supply\", \"livestock\"]}}"}
{"op_code":5,"worker_id":"f581c9a6-5ea3-4c0c-baf4-f197cae88876-139980931965760","trial_id":48,"param_name":"need_label_minus","param_value_internal":0.0,"distribution":"{\"name\": \"IntDistribution\", \"attributes\": {\"log\": false, \"step\": 1, \"low\": 0, \"high\": 1}}"}
{"op_code":5,"worker_id":"f581c9a6-5ea3-4c0c-baf4-f197cae88876-139980931965760","trial_id":48,"param_name":"consequence_label","param_value_internal":7,"distribution":"{\"name\": \"CategoricalDistribution\", \"attributes\": {\"choices\": [\"earn\", \"acq\", \"money-fx\", \"grain\", \"crude\", \"trade\", \"interest\", \"ship\", \"wheat\", \"corn\", \"sugar\", \"oilseed\", \"dlr\", \"gnp\", \"coffee\", \"veg-oil\", \"gold\", \"nat-gas\", \"money-supply\", \"livestock\"]}}"}
{"op_code":6,"worker_id":"f581c9a6-5ea3-4c0c-baf4-f197cae88876-139980931965760","trial_id":48,"state":1,"values":[-1.0],"datetime_complete":"2026-03-21T20:17:39.584630"}
{"op_code":4,"worker_id":"f581c9a6-5ea3-4c0c-baf4-f197cae88876-139980931965760","study_id":0,"datetime_start":"2026-03-21T20:17:39.585427"}
{"op_code":5,"worker_id":"f581c9a6-5ea3-4c0c-baf4-f197cae88876-139980931965760","trial_id":49,"param_name":"body_size","param_value_internal":1.0,"distribution":"{\"name\": \"IntDistribution\", \"attributes\": {\"log\": false, \"step\": 1, \"low\": 1, \"high\": 4}}"}
{"op_code":5,"worker_id":"f581c9a6-5ea3-4c0c-baf4-f197cae88876-139980931965760","trial_id":49,"param_name":"body_pred_idx_0","param_value_internal":35.0,"distribution":"{\"name\": \"IntDistribution\", \"attributes\": {\"log\": false, \"step\": 1, \"low\": 0, \"high\": 99}}"}
{"op_code":5,"worker_id":"f581c9a6-5ea3-4c0c-baf4-f197cae88876-139980931965760","trial_id":49,"param_name":"need_ml_0","param_value_internal":1.0,"distribution":"{\"name\": \"IntDistribution\", \"attributes\": {\"log\": false, \"step\": 1, \"low\": 0, \"high\": 1}}"}
{"op_code":5,"worker_id":"f581c9a6-5ea3-4c0c-baf4-f197cae88876-139980931965760","trial_id":49,"param_name":"ml_tau_0","param_value_internal":9,"distribution":"{\"name\": \"CategoricalDistribution\", \"attributes\": {\"choices\": [\"earn\", \"acq\", \"money-fx\", \"grain\", \"crude\", \"trade\", \"interest\", \"ship\", \"wheat\", \"corn\", \"sugar\", \"oilseed\", \"dlr\", \"gnp\", \"coffee\", \"veg-oil\", \"gold\", \"nat-gas\", \"money-supply\", \"livestock\"]}}"}
{"op_code":5,"worker_id":"f581c9a6-5ea3-4c0c-baf4-f197cae88876-139980931965760","trial_id":49,"param_name":"need_ml_1","param_value_internal":0.0,"distribution":"{\"name\": \"IntDistribution\", \"attributes\": {\"log\": false, \"step\": 1, \"low\": 0, \"high\": 1}}"}
{"op_code":5,"worker_id":"f581c9a6-5ea3-4c0c-baf4-f197cae88876-139980931965760","trial_id":49,"param_name":"need_ml_2","param_value_internal":1.0,"distribution":"{\"name\": \"IntDistribution\", \"attributes\": {\"log\": false, \"step\": 1, \"low\": 0, \"high\": 1}}"}
{"op_code":5,"worker_id":"f581c9a6-5ea3-4c0c-baf4-f197cae88876-139980931965760","trial_id":49,"param_name":"ml_tau_2","param_value_internal":12,"distribution":"{\"name\": \"CategoricalDistribution\", \"attributes\": {\"choices\": [\"earn\", \"acq\", \"money-fx\", \"grain\", \"crude\", \"trade\", \"interest\", \"ship\", \"wheat\", \"corn\", \"sugar\", \"oilseed\", \"dlr\", \"gnp\", \"coffee\", \"veg-oil\", \"gold\", \"nat-gas\", \"money-supply\", \"livestock\"]}}"}
{"op_code":5,"worker_id":"f581c9a6-5ea3-4c0c-baf4-f197cae88876-139980931965760","trial_id":49,"param_name":"need_label_contains","param_value_internal":0.0,"distribution":"{\"name\": \"IntDistribution\", \"attributes\": {\"log\": false, \"step\": 1, \"low\": 0, \"high\": 1}}"}
{"op_code":5,"worker_id":"f581c9a6-5ea3-4c0c-baf4-f197cae88876-139980931965760","trial_id":49,"param_name":"need_label_eq","param_value_internal":0.0,"distribution":"{\"name\": \"IntDistribution\", \"attributes\": {\"log\": false, \"step\": 1, \"low\": 0, \"high\": 1}}"}
{"op_code":5,"worker_id":"f581c9a6-5ea3-4c0c-baf4-f197cae88876-139980931965760","trial_id":49,"param_name":"need_label_minus","param_value_internal":0.0,"distribution":"{\"name\": \"IntDistribution\", \"attributes\": {\"log\": false, \"step\": 1, \"low\": 0, \"high\": 1}}"}
{"op_code":5,"worker_id":"f581c9a6-5ea3-4c0c-baf4-f197cae88876-139980931965760","trial_id":49,"param_name":"consequence_label","param_value_internal":19,"distribution":"{\"name\": \"CategoricalDistribution\", \"attributes\": {\"choices\": [\"earn\", \"acq\", \"money-fx\", \"grain\", \"crude\", \"trade\", \"interest\", \"ship\", \"wheat\", \"corn\", \"sugar\", \"oilseed\", \"dlr\", \"gnp\", \"coffee\", \"veg-oil\", \"gold\", \"nat-gas\", \"money-supply\", \"livestock\"]}}"}
{"op_code":6,"worker_id":"f581c9a6-5ea3-4c0c-baf4-f197cae88876-139980931965760","trial_id":49,"state":1,"values":[-1.0],"datetime_complete":"2026-03-21T20:17:40.250033"}
{"op_code":4,"worker_id":"f581c9a6-5ea3-4c0c-baf4-f197cae88876-139980931965760","study_id":0,"datetime_start":"2026-03-21T20:17:40.251068"}
{"op_code":5,"worker_id":"f581c9a6-5ea3-4c0c-baf4-f197cae88876-139980931965760","trial_id":50,"param_name":"body_size","param_value_internal":4.0,"distribution":"{\"name\": \"IntDistribution\", \"attributes\": {\"log\": false, \"step\": 1, \"low\": 1, \"high\": 4}}"}
{"op_code":5,"worker_id":"f581c9a6-5ea3-4c0c-baf4-f197cae88876-139980931965760","trial_id":50,"param_name":"body_pred_idx_0","param_value_internal":14.0,"distribution":"{\"name\": \"IntDistribution\", \"attributes\": {\"log\": false, \"step\": 1, \"low\": 0, \"high\": 99}}"}
{"op_code":5,"worker_id":"f581c9a6-5ea3-4c0c-baf4-f197cae88876-139980931965760","trial_id":50,"param_name":"body_pred_idx_1","param_value_internal":33.0,"distribution":"{\"name\": \"IntDistribution\", \"attributes\": {\"log\": false, \"step\": 1, \"low\": 0, \"high\": 99}}"}
{"op_code":5,"worker_id":"f581c9a6-5ea3-4c0c-baf4-f197cae88876-139980931965760","trial_id":50,"param_name":"body_pred_idx_2","param_value_internal":67.0,"distribution":"{\"name\": \"IntDistribution\", \"attributes\": {\"log\": false, \"step\": 1, \"low\": 0, \"high\": 99}}"}
{"op_code":5,"worker_id":"f581c9a6-5ea3-4c0c-baf4-f197cae88876-139980931965760","trial_id":50,"param_name":"body_pred_idx_3","param_value_internal":16.0,"distribution":"{\"name\": \"IntDistribution\", \"attributes\": {\"log\": false, \"step\": 1, \"low\": 0, \"high\": 99}}"}
{"op_code":5,"worker_id":"f581c9a6-5ea3-4c0c-baf4-f197cae88876-139980931965760","trial_id":50,"param_name":"need_ml_0","param_value_internal":0.0,"distribution":"{\"name\": \"IntDistribution\", \"attributes\": {\"log\": false, \"step\": 1, \"low\": 0, \"high\": 1}}"}
{"op_code":5,"worker_id":"f581c9a6-5ea3-4c0c-baf4-f197cae88876-139980931965760","trial_id":50,"param_name":"need_ml_1","param_value_internal":1.0,"distribution":"{\"name\": \"IntDistribution\", \"attributes\": {\"log\": false, \"step\": 1, \"low\": 0, \"high\": 1}}"}
{"op_code":5,"worker_id":"f581c9a6-5ea3-4c0c-baf4-f197cae88876-139980931965760","trial_id":50,"param_name":"ml_tau_1","param_value_internal":15,"distribution":"{\"name\": \"CategoricalDistribution\", \"attributes\": {\"choices\": [\"earn\", \"acq\", \"money-fx\", \"grain\", \"crude\", \"trade\", \"interest\", \"ship\", \"wheat\", \"corn\", \"sugar\", \"oilseed\", \"dlr\", \"gnp\", \"coffee\", \"veg-oil\", \"gold\", \"nat-gas\", \"money-supply\", \"livestock\"]}}"}
{"op_code":5,"worker_id":"f581c9a6-5ea3-4c0c-baf4-f197cae88876-139980931965760","trial_id":50,"param_name":"need_ml_2","param_value_internal":0.0,"distribution":"{\"name\": \"IntDistribution\", \"attributes\": {\"log\": false, \"step\": 1, \"low\": 0, \"high\": 1}}"}
{"op_code":5,"worker_id":"f581c9a6-5ea3-4c0c-baf4-f197cae88876-139980931965760","trial_id":50,"param_name":"need_label_contains","param_value_internal":1.0,"distribution":"{\"name\": \"IntDistribution\", \"attributes\": {\"log\": false, \"step\": 1, \"low\": 0, \"high\": 1}}"}
{"op_code":5,"worker_id":"f581c9a6-5ea3-4c0c-baf4-f197cae88876-139980931965760","trial_id":50,"param_name":"label_contains_tau","param_value_internal":0,"distribution":"{\"name\": \"CategoricalDistribution\", \"attributes\": {\"choices\": [\"earn\", \"acq\", \"money-fx\", \"grain\", \"crude\", \"trade\", \"interest\", \"ship\", \"wheat\", \"corn\", \"sugar\", \"oilseed\", \"dlr\", \"gnp\", \"coffee\", \"veg-oil\", \"gold\", \"nat-gas\", \"money-supply\", \"livestock\"]}}"}
{"op_code":5,"worker_id":"f581c9a6-5ea3-4c0c-baf4-f197cae88876-139980931965760","trial_id":50,"param_name":"need_label_eq","param_value_internal":0.0,"distribution":"{\"name\": \"IntDistribution\", \"attributes\": {\"log\": false, \"step\": 1, \"low\": 0, \"high\": 1}}"}
{"op_code":5,"worker_id":"f581c9a6-5ea3-4c0c-baf4-f197cae88876-139980931965760","trial_id":50,"param_name":"need_label_minus","param_value_internal":1.0,"distribution":"{\"name\": \"IntDistribution\", \"attributes\": {\"log\": false, \"step\": 1, \"low\": 0, \"high\": 1}}"}
{"op_code":5,"worker_id":"f581c9a6-5ea3-4c0c-baf4-f197cae88876-139980931965760","trial_id":50,"param_name":"label_minus_tau","param_value_internal":11,"distribution":"{\"name\": \"CategoricalDistribution\", \"attributes\": {\"choices\": [\"earn\", \"acq\", \"money-fx\", \"grain\", \"crude\", \"trade\", \"interest\", \"ship\", \"wheat\", \"corn\", \"sugar\", \"oilseed\", \"dlr\", \"gnp\", \"coffee\", \"veg-oil\", \"gold\", \"nat-gas\", \"money-supply\", \"livestock\"]}}"}
{"op_code":5,"worker_id":"f581c9a6-5ea3-4c0c-baf4-f197cae88876-139980931965760","trial_id":50,"param_name":"consequence_label","param_value_internal":14,"distribution":"{\"name\": \"CategoricalDistribution\", \"attributes\": {\"choices\": [\"earn\", \"acq\", \"money-fx\", \"grain\", \"crude\", \"trade\", \"interest\", \"ship\", \"wheat\", \"corn\", \"sugar\", \"oilseed\", \"dlr\", \"gnp\", \"coffee\", \"veg-oil\", \"gold\", \"nat-gas\", \"money-supply\", \"livestock\"]}}"}
{"op_code":6,"worker_id":"f581c9a6-5ea3-4c0c-baf4-f197cae88876-139980931965760","trial_id":50,"state":1,"values":[-1.0],"datetime_complete":"2026-03-21T20:17:40.325268"}
{"op_code":4,"worker_id":"f581c9a6-5ea3-4c0c-baf4-f197cae88876-139980931965760","study_id":0,"datetime_start":"2026-03-21T20:17:40.326031"}
{"op_code":5,"worker_id":"f581c9a6-5ea3-4c0c-baf4-f197cae88876-139980931965760","trial_id":51,"param_name":"body_size","param_value_internal":1.0,"distribution":"{\"name\": \"IntDistribution\", \"attributes\": {\"log\": false, \"step\": 1, \"low\": 1, \"high\": 4}}"}
{"op_code":5,"worker_id":"f581c9a6-5ea3-4c0c-baf4-f197cae88876-139980931965760","trial_id":51,"param_name":"body_pred_idx_0","param_value_internal":23.0,"distribution":"{\"name\": \"IntDistribution\", \"attributes\": {\"log\": false, \"step\": 1, \"low\": 0, \"high\": 99}}"}
{"op_code":5,"worker_id":"f581c9a6-5ea3-4c0c-baf4-f197cae88876-139980931965760","trial_id":51,"param_name":"need_ml_0","param_value_internal":0.0,"distribution":"{\"name\": \"IntDistribution\", \"attributes\": {\"log\": false, \"step\": 1, \"low\": 0, \"high\": 1}}"}
{"op_code":5,"worker_id":"f581c9a6-5ea3-4c0c-baf4-f197cae88876-139980931965760","trial_id":51,"param_name":"need_ml_1","param_value_internal":0.0,"distribution":"{\"name\": \"IntDistribution\", \"attributes\": {\"log\": false, \"step\": 1, \"low\": 0, \"high\": 1}}"}
{"op_code":5,"worker_id":"f581c9a6-5ea3-4c0c-baf4-f197cae88876-139980931965760","trial_id":51,"param_name":"need_ml_2","param_value_internal":0.0,"distribution":"{\"name\": \"IntDistribution\", \"attributes\": {\"log\": false, \"step\": 1, \"low\": 0, \"high\": 1}}"}
{"op_code":5,"worker_id":"f581c9a6-5ea3-4c0c-baf4-f197cae88876-139980931965760","trial_id":51,"param_name":"need_label_contains","param_value_internal":0.0,"distribution":"{\"name\": \"IntDistribution\", \"attributes\": {\"log\": false, \"step\": 1, \"low\": 0, \"high\": 1}}"}
{"op_code":5,"worker_id":"f581c9a6-5ea3-4c0c-baf4-f197cae88876-139980931965760","trial_id":51,"param_name":"need_label_eq","param_value_internal":0.0,"distribution":"{\"name\": \"IntDistribution\", \"attributes\": {\"log\": false, \"step\": 1, \"low\": 0, \"high\": 1}}"}
{"op_code":5,"worker_id":"f581c9a6-5ea3-4c0c-baf4-f197cae88876-139980931965760","trial_id":51,"param_name":"need_label_minus","param_value_internal":0.0,"distribution":"{\"name\": \"IntDistribution\", \"attributes\": {\"log\": false, \"step\": 1, \"low\": 0, \"high\": 1}}"}
{"op_code":5,"worker_id":"f581c9a6-5ea3-4c0c-baf4-f197cae88876-139980931965760","trial_id":51,"param_name":"consequence_label","param_value_internal":6,"distribution":"{\"name\": \"CategoricalDistribution\", \"attributes\": {\"choices\": [\"earn\", \"acq\", \"money-fx\", \"grain\", \"crude\", \"trade\", \"interest\", \"ship\", \"wheat\", \"corn\", \"sugar\", \"oilseed\", \"dlr\", \"gnp\", \"coffee\", \"veg-oil\", \"gold\", \"nat-gas\", \"money-supply\", \"livestock\"]}}"}
{"op_code":6,"worker_id":"f581c9a6-5ea3-4c0c-baf4-f197cae88876-139980931965760","trial_id":51,"state":1,"values":[0.0],"datetime_complete":"2026-03-21T20:17:40.359865"}
{"op_code":4,"worker_id":"f581c9a6-5ea3-4c0c-baf4-f197cae88876-139980931965760","study_id":0,"datetime_start":"2026-03-21T20:17:40.360416"}
{"op_code":5,"worker_id":"f581c9a6-5ea3-4c0c-baf4-f197cae88876-139980931965760","trial_id":52,"param_name":"body_size","param_value_internal":1.0,"distribution":"{\"name\": \"IntDistribution\", \"attributes\": {\"log\": false, \"step\": 1, \"low\": 1, \"high\": 4}}"}
{"op_code":5,"worker_id":"f581c9a6-5ea3-4c0c-baf4-f197cae88876-139980931965760","trial_id":52,"param_name":"body_pred_idx_0","param_value_internal":24.0,"distribution":"{\"name\": \"IntDistribution\", \"attributes\": {\"log\": false, \"step\": 1, \"low\": 0, \"high\": 99}}"}
{"op_code":5,"worker_id":"f581c9a6-5ea3-4c0c-baf4-f197cae88876-139980931965760","trial_id":52,"param_name":"eta_24","param_value_internal":4.0,"distribution":"{\"name\": \"IntDistribution\", \"attributes\": {\"log\": false, \"step\": 1, \"low\": 1, \"high\": 20}}"}
{"op_code":5,"worker_id":"f581c9a6-5ea3-4c0c-baf4-f197cae88876-139980931965760","trial_id":52,"param_name":"op_24","param_value_internal":4,"distribution":"{\"name\": \"CategoricalDistribution\", \"attributes\": {\"choices\": [\">=\", \"<=\", \"==\", \">\", \"<\"]}}"}
{"op_code":5,"worker_id":"f581c9a6-5ea3-4c0c-baf4-f197cae88876-139980931965760","trial_id":52,"param_name":"need_ml_0","param_value_internal":0.0,"distribution":"{\"name\": \"IntDistribution\", \"attributes\": {\"log\": false, \"step\": 1, \"low\": 0, \"high\": 1}}"}
{"op_code":5,"worker_id":"f581c9a6-5ea3-4c0c-baf4-f197cae88876-139980931965760","trial_id":52,"param_name":"need_ml_1","param_value_internal":0.0,"distribution":"{\"name\": \"IntDistribution\", \"attributes\": {\"log\": false, \"step\": 1, \"low\": 0, \"high\": 1}}"}
{"op_code":5,"worker_id":"f581c9a6-5ea3-4c0c-baf4-f197cae88876-139980931965760","trial_id":52,"param_name":"need_ml_2","param_value_internal":0.0,"distribution":"{\"name\": \"IntDistribution\", \"attributes\": {\"log\": false, \"step\": 1, \"low\": 0, \"high\": 1}}"}
{"op_code":5,"worker_id":"f581c9a6-5ea3-4c0c-baf4-f197cae88876-139980931965760","trial_id":52,"param_name":"need_label_contains","param_value_internal":0.0,"distribution":"{\"name\": \"IntDistribution\", \"attributes\": {\"log\": false, \"step\": 1, \"low\": 0, \"high\": 1}}"}
{"op_code":5,"worker_id":"f581c9a6-5ea3-4c0c-baf4-f197cae88876-139980931965760","trial_id":52,"param_name":"need_label_eq","param_value_internal":0.0,"distribution":"{\"name\": \"IntDistribution\", \"attributes\": {\"log\": false, \"step\": 1, \"low\": 0, \"high\": 1}}"}
{"op_code":5,"worker_id":"f581c9a6-5ea3-4c0c-baf4-f197cae88876-139980931965760","trial_id":52,"param_name":"need_label_minus","param_value_internal":0.0,"distribution":"{\"name\": \"IntDistribution\", \"attributes\": {\"log\": false, \"step\": 1, \"low\": 0, \"high\": 1}}"}
{"op_code":5,"worker_id":"f581c9a6-5ea3-4c0c-baf4-f197cae88876-139980931965760","trial_id":52,"param_name":"consequence_label","param_value_internal":8,"distribution":"{\"name\": \"CategoricalDistribution\", \"attributes\": {\"choices\": [\"earn\", \"acq\", \"money-fx\", \"grain\", \"crude\", \"trade\", \"interest\", \"ship\", \"wheat\", \"corn\", \"sugar\", \"oilseed\", \"dlr\", \"gnp\", \"coffee\", \"veg-oil\", \"gold\", \"nat-gas\", \"money-supply\", \"livestock\"]}}"}
{"op_code":6,"worker_id":"f581c9a6-5ea3-4c0c-baf4-f197cae88876-139980931965760","trial_id":52,"state":1,"values":[0.002200488997555012],"datetime_complete":"2026-03-21T20:17:40.399236"}
{"op_code":4,"worker_id":"f581c9a6-5ea3-4c0c-baf4-f197cae88876-139980931965760","study_id":0,"datetime_start":"2026-03-21T20:17:40.400014"}
{"op_code":5,"worker_id":"f581c9a6-5ea3-4c0c-baf4-f197cae88876-139980931965760","trial_id":53,"param_name":"body_size","param_value_internal":1.0,"distribution":"{\"name\": \"IntDistribution\", \"attributes\": {\"log\": false, \"step\": 1, \"low\": 1, \"high\": 4}}"}
{"op_code":5,"worker_id":"f581c9a6-5ea3-4c0c-baf4-f197cae88876-139980931965760","trial_id":53,"param_name":"body_pred_idx_0","param_value_internal":41.0,"distribution":"{\"name\": \"IntDistribution\", \"attributes\": {\"log\": false, \"step\": 1, \"low\": 0, \"high\": 99}}"}
{"op_code":5,"worker_id":"f581c9a6-5ea3-4c0c-baf4-f197cae88876-139980931965760","trial_id":53,"param_name":"need_ml_0","param_value_internal":0.0,"distribution":"{\"name\": \"IntDistribution\", \"attributes\": {\"log\": false, \"step\": 1, \"low\": 0, \"high\": 1}}"}
{"op_code":5,"worker_id":"f581c9a6-5ea3-4c0c-baf4-f197cae88876-139980931965760","trial_id":53,"param_name":"need_ml_1","param_value_internal":0.0,"distribution":"{\"name\": \"IntDistribution\", \"attributes\": {\"log\": false, \"step\": 1, \"low\": 0, \"high\": 1}}"}
{"op_code":5,"worker_id":"f581c9a6-5ea3-4c0c-baf4-f197cae88876-139980931965760","trial_id":53,"param_name":"need_ml_2","param_value_internal":0.0,"distribution":"{\"name\": \"IntDistribution\", \"attributes\": {\"log\": false, \"step\": 1, \"low\": 0, \"high\": 1}}"}
{"op_code":5,"worker_id":"f581c9a6-5ea3-4c0c-baf4-f197cae88876-139980931965760","trial_id":53,"param_name":"need_label_contains","param_value_internal":0.0,"distribution":"{\"name\": \"IntDistribution\", \"attributes\": {\"log\": false, \"step\": 1, \"low\": 0, \"high\": 1}}"}
{"op_code":5,"worker_id":"f581c9a6-5ea3-4c0c-baf4-f197cae88876-139980931965760","trial_id":53,"param_name":"need_label_eq","param_value_internal":0.0,"distribution":"{\"name\": \"IntDistribution\", \"attributes\": {\"log\": false, \"step\": 1, \"low\": 0, \"high\": 1}}"}
{"op_code":5,"worker_id":"f581c9a6-5ea3-4c0c-baf4-f197cae88876-139980931965760","trial_id":53,"param_name":"need_label_minus","param_value_internal":0.0,"distribution":"{\"name\": \"IntDistribution\", \"attributes\": {\"log\": false, \"step\": 1, \"low\": 0, \"high\": 1}}"}
{"op_code":5,"worker_id":"f581c9a6-5ea3-4c0c-baf4-f197cae88876-139980931965760","trial_id":53,"param_name":"consequence_label","param_value_internal":8,"distribution":"{\"name\": \"CategoricalDistribution\", \"attributes\": {\"choices\": [\"earn\", \"acq\", \"money-fx\", \"grain\", \"crude\", \"trade\", \"interest\", \"ship\", \"wheat\", \"corn\", \"sugar\", \"oilseed\", \"dlr\", \"gnp\", \"coffee\", \"veg-oil\", \"gold\", \"nat-gas\", \"money-supply\", \"livestock\"]}}"}
{"op_code":6,"worker_id":"f581c9a6-5ea3-4c0c-baf4-f197cae88876-139980931965760","trial_id":53,"state":1,"values":[0.0],"datetime_complete":"2026-03-21T20:17:40.435765"}
{"op_code":4,"worker_id":"f581c9a6-5ea3-4c0c-baf4-f197cae88876-139980931965760","study_id":0,"datetime_start":"2026-03-21T20:17:40.436414"}
{"op_code":5,"worker_id":"f581c9a6-5ea3-4c0c-baf4-f197cae88876-139980931965760","trial_id":54,"param_name":"body_size","param_value_internal":3.0,"distribution":"{\"name\": \"IntDistribution\", \"attributes\": {\"log\": false, \"step\": 1, \"low\": 1, \"high\": 4}}"}
{"op_code":5,"worker_id":"f581c9a6-5ea3-4c0c-baf4-f197cae88876-139980931965760","trial_id":54,"param_name":"body_pred_idx_0","param_value_internal":99.0,"distribution":"{\"name\": \"IntDistribution\", \"attributes\": {\"log\": false, \"step\": 1, \"low\": 0, \"high\": 99}}"}
{"op_code":5,"worker_id":"f581c9a6-5ea3-4c0c-baf4-f197cae88876-139980931965760","trial_id":54,"param_name":"body_pred_idx_1","param_value_internal":15.0,"distribution":"{\"name\": \"IntDistribution\", \"attributes\": {\"log\": false, \"step\": 1, \"low\": 0, \"high\": 99}}"}
{"op_code":5,"worker_id":"f581c9a6-5ea3-4c0c-baf4-f197cae88876-139980931965760","trial_id":54,"param_name":"body_pred_idx_2","param_value_internal":25.0,"distribution":"{\"name\": \"IntDistribution\", \"attributes\": {\"log\": false, \"step\": 1, \"low\": 0, \"high\": 99}}"}
{"op_code":5,"worker_id":"f581c9a6-5ea3-4c0c-baf4-f197cae88876-139980931965760","trial_id":54,"param_name":"eta_15","param_value_internal":1.0,"distribution":"{\"name\": \"IntDistribution\", \"attributes\": {\"log\": false, \"step\": 1, \"low\": 1, \"high\": 20}}"}
{"op_code":5,"worker_id":"f581c9a6-5ea3-4c0c-baf4-f197cae88876-139980931965760","trial_id":54,"param_name":"op_15","param_value_internal":2,"distribution":"{\"name\": \"CategoricalDistribution\", \"attributes\": {\"choices\": [\">=\", \"<=\", \"==\", \">\", \"<\"]}}"}
{"op_code":5,"worker_id":"f581c9a6-5ea3-4c0c-baf4-f197cae88876-139980931965760","trial_id":54,"param_name":"need_ml_0","param_value_internal":0.0,"distribution":"{\"name\": \"IntDistribution\", \"attributes\": {\"log\": false, \"step\": 1, \"low\": 0, \"high\": 1}}"}
{"op_code":5,"worker_id":"f581c9a6-5ea3-4c0c-baf4-f197cae88876-139980931965760","trial_id":54,"param_name":"need_ml_1","param_value_internal":0.0,"distribution":"{\"name\": \"IntDistribution\", \"attributes\": {\"log\": false, \"step\": 1, \"low\": 0, \"high\": 1}}"}
{"op_code":5,"worker_id":"f581c9a6-5ea3-4c0c-baf4-f197cae88876-139980931965760","trial_id":54,"param_name":"need_ml_2","param_value_internal":0.0,"distribution":"{\"name\": \"IntDistribution\", \"attributes\": {\"log\": false, \"step\": 1, \"low\": 0, \"high\": 1}}"}
{"op_code":5,"worker_id":"f581c9a6-5ea3-4c0c-baf4-f197cae88876-139980931965760","trial_id":54,"param_name":"need_label_contains","param_value_internal":0.0,"distribution":"{\"name\": \"IntDistribution\", \"attributes\": {\"log\": false, \"step\": 1, \"low\": 0, \"high\": 1}}"}
{"op_code":5,"worker_id":"f581c9a6-5ea3-4c0c-baf4-f197cae88876-139980931965760","trial_id":54,"param_name":"need_label_eq","param_value_internal":0.0,"distribution":"{\"name\": \"IntDistribution\", \"attributes\": {\"log\": false, \"step\": 1, \"low\": 0, \"high\": 1}}"}
{"op_code":5,"worker_id":"f581c9a6-5ea3-4c0c-baf4-f197cae88876-139980931965760","trial_id":54,"param_name":"need_label_minus","param_value_internal":0.0,"distribution":"{\"name\": \"IntDistribution\", \"attributes\": {\"log\": false, \"step\": 1, \"low\": 0, \"high\": 1}}"}
{"op_code":5,"worker_id":"f581c9a6-5ea3-4c0c-baf4-f197cae88876-139980931965760","trial_id":54,"param_name":"consequence_label","param_value_internal":8,"distribution":"{\"name\": \"CategoricalDistribution\", \"attributes\": {\"choices\": [\"earn\", \"acq\", \"money-fx\", \"grain\", \"crude\", \"trade\", \"interest\", \"ship\", \"wheat\", \"corn\", \"sugar\", \"oilseed\", \"dlr\", \"gnp\", \"coffee\", \"veg-oil\", \"gold\", \"nat-gas\", \"money-supply\", \"livestock\"]}}"}
{"op_code":6,"worker_id":"f581c9a6-5ea3-4c0c-baf4-f197cae88876-139980931965760","trial_id":54,"state":1,"values":[-1.0],"datetime_complete":"2026-03-21T20:17:40.470644"}
{"op_code":4,"worker_id":"f581c9a6-5ea3-4c0c-baf4-f197cae88876-139980931965760","study_id":0,"datetime_start":"2026-03-21T20:17:40.471307"}
{"op_code":5,"worker_id":"f581c9a6-5ea3-4c0c-baf4-f197cae88876-139980931965760","trial_id":55,"param_name":"body_size","param_value_internal":1.0,"distribution":"{\"name\": \"IntDistribution\", \"attributes\": {\"log\": false, \"step\": 1, \"low\": 1, \"high\": 4}}"}
{"op_code":5,"worker_id":"f581c9a6-5ea3-4c0c-baf4-f197cae88876-139980931965760","trial_id":55,"param_name":"body_pred_idx_0","param_value_internal":32.0,"distribution":"{\"name\": \"IntDistribution\", \"attributes\": {\"log\": false, \"step\": 1, \"low\": 0, \"high\": 99}}"}
{"op_code":5,"worker_id":"f581c9a6-5ea3-4c0c-baf4-f197cae88876-139980931965760","trial_id":55,"param_name":"need_ml_0","param_value_internal":0.0,"distribution":"{\"name\": \"IntDistribution\", \"attributes\": {\"log\": false, \"step\": 1, \"low\": 0, \"high\": 1}}"}
{"op_code":5,"worker_id":"f581c9a6-5ea3-4c0c-baf4-f197cae88876-139980931965760","trial_id":55,"param_name":"need_ml_1","param_value_internal":0.0,"distribution":"{\"name\": \"IntDistribution\", \"attributes\": {\"log\": false, \"step\": 1, \"low\": 0, \"high\": 1}}"}
{"op_code":5,"worker_id":"f581c9a6-5ea3-4c0c-baf4-f197cae88876-139980931965760","trial_id":55,"param_name":"need_ml_2","param_value_internal":0.0,"distribution":"{\"name\": \"IntDistribution\", \"attributes\": {\"log\": false, \"step\": 1, \"low\": 0, \"high\": 1}}"}
{"op_code":5,"worker_id":"f581c9a6-5ea3-4c0c-baf4-f197cae88876-139980931965760","trial_id":55,"param_name":"need_label_contains","param_value_internal":0.0,"distribution":"{\"name\": \"IntDistribution\", \"attributes\": {\"log\": false, \"step\": 1, \"low\": 0, \"high\": 1}}"}
{"op_code":5,"worker_id":"f581c9a6-5ea3-4c0c-baf4-f197cae88876-139980931965760","trial_id":55,"param_name":"need_label_eq","param_value_internal":0.0,"distribution":"{\"name\": \"IntDistribution\", \"attributes\": {\"log\": false, \"step\": 1, \"low\": 0, \"high\": 1}}"}
{"op_code":5,"worker_id":"f581c9a6-5ea3-4c0c-baf4-f197cae88876-139980931965760","trial_id":55,"param_name":"need_label_minus","param_value_internal":0.0,"distribution":"{\"name\": \"IntDistribution\", \"attributes\": {\"log\": false, \"step\": 1, \"low\": 0, \"high\": 1}}"}
{"op_code":5,"worker_id":"f581c9a6-5ea3-4c0c-baf4-f197cae88876-139980931965760","trial_id":55,"param_name":"consequence_label","param_value_internal":13,"distribution":"{\"name\": \"CategoricalDistribution\", \"attributes\": {\"choices\": [\"earn\", \"acq\", \"money-fx\", \"grain\", \"crude\", \"trade\", \"interest\", \"ship\", \"wheat\", \"corn\", \"sugar\", \"oilseed\", \"dlr\", \"gnp\", \"coffee\", \"veg-oil\", \"gold\", \"nat-gas\", \"money-supply\", \"livestock\"]}}"}
{"op_code":6,"worker_id":"f581c9a6-5ea3-4c0c-baf4-f197cae88876-139980931965760","trial_id":55,"state":1,"values":[0.0],"datetime_complete":"2026-03-21T20:17:40.507107"}
{"op_code":4,"worker_id":"f581c9a6-5ea3-4c0c-baf4-f197cae88876-139980931965760","study_id":0,"datetime_start":"2026-03-21T20:17:40.507929"}
{"op_code":5,"worker_id":"f581c9a6-5ea3-4c0c-baf4-f197cae88876-139980931965760","trial_id":56,"param_name":"body_size","param_value_internal":1.0,"distribution":"{\"name\": \"IntDistribution\", \"attributes\": {\"log\": false, \"step\": 1, \"low\": 1, \"high\": 4}}"}
{"op_code":5,"worker_id":"f581c9a6-5ea3-4c0c-baf4-f197cae88876-139980931965760","trial_id":56,"param_name":"body_pred_idx_0","param_value_internal":25.0,"distribution":"{\"name\": \"IntDistribution\", \"attributes\": {\"log\": false, \"step\": 1, \"low\": 0, \"high\": 99}}"}
{"op_code":5,"worker_id":"f581c9a6-5ea3-4c0c-baf4-f197cae88876-139980931965760","trial_id":56,"param_name":"need_ml_0","param_value_internal":0.0,"distribution":"{\"name\": \"IntDistribution\", \"attributes\": {\"log\": false, \"step\": 1, \"low\": 0, \"high\": 1}}"}
{"op_code":5,"worker_id":"f581c9a6-5ea3-4c0c-baf4-f197cae88876-139980931965760","trial_id":56,"param_name":"need_ml_1","param_value_internal":0.0,"distribution":"{\"name\": \"IntDistribution\", \"attributes\": {\"log\": false, \"step\": 1, \"low\": 0, \"high\": 1}}"}
{"op_code":5,"worker_id":"f581c9a6-5ea3-4c0c-baf4-f197cae88876-139980931965760","trial_id":56,"param_name":"need_ml_2","param_value_internal":0.0,"distribution":"{\"name\": \"IntDistribution\", \"attributes\": {\"log\": false, \"step\": 1, \"low\": 0, \"high\": 1}}"}
{"op_code":5,"worker_id":"f581c9a6-5ea3-4c0c-baf4-f197cae88876-139980931965760","trial_id":56,"param_name":"need_label_contains","param_value_internal":0.0,"distribution":"{\"name\": \"IntDistribution\", \"attributes\": {\"log\": false, \"step\": 1, \"low\": 0, \"high\": 1}}"}
{"op_code":5,"worker_id":"f581c9a6-5ea3-4c0c-baf4-f197cae88876-139980931965760","trial_id":56,"param_name":"need_label_eq","param_value_internal":0.0,"distribution":"{\"name\": \"IntDistribution\", \"attributes\": {\"log\": false, \"step\": 1, \"low\": 0, \"high\": 1}}"}
{"op_code":5,"worker_id":"f581c9a6-5ea3-4c0c-baf4-f197cae88876-139980931965760","trial_id":56,"param_name":"need_label_minus","param_value_internal":0.0,"distribution":"{\"name\": \"IntDistribution\", \"attributes\": {\"log\": false, \"step\": 1, \"low\": 0, \"high\": 1}}"}
{"op_code":5,"worker_id":"f581c9a6-5ea3-4c0c-baf4-f197cae88876-139980931965760","trial_id":56,"param_name":"consequence_label","param_value_internal":4,"distribution":"{\"name\": \"CategoricalDistribution\", \"attributes\": {\"choices\": [\"earn\", \"acq\", \"money-fx\", \"grain\", \"crude\", \"trade\", \"interest\", \"ship\", \"wheat\", \"corn\", \"sugar\", \"oilseed\", \"dlr\", \"gnp\", \"coffee\", \"veg-oil\", \"gold\", \"nat-gas\", \"money-supply\", \"livestock\"]}}"}
{"op_code":6,"worker_id":"f581c9a6-5ea3-4c0c-baf4-f197cae88876-139980931965760","trial_id":56,"state":1,"values":[0.0],"datetime_complete":"2026-03-21T20:17:40.537005"}
{"op_code":4,"worker_id":"f581c9a6-5ea3-4c0c-baf4-f197cae88876-139980931965760","study_id":0,"datetime_start":"2026-03-21T20:17:40.537736"}
{"op_code":5,"worker_id":"f581c9a6-5ea3-4c0c-baf4-f197cae88876-139980931965760","trial_id":57,"param_name":"body_size","param_value_internal":1.0,"distribution":"{\"name\": \"IntDistribution\", \"attributes\": {\"log\": false, \"step\": 1, \"low\": 1, \"high\": 4}}"}
{"op_code":5,"worker_id":"f581c9a6-5ea3-4c0c-baf4-f197cae88876-139980931965760","trial_id":57,"param_name":"body_pred_idx_0","param_value_internal":17.0,"distribution":"{\"name\": \"IntDistribution\", \"attributes\": {\"log\": false, \"step\": 1, \"low\": 0, \"high\": 99}}"}
{"op_code":5,"worker_id":"f581c9a6-5ea3-4c0c-baf4-f197cae88876-139980931965760","trial_id":57,"param_name":"eta_17","param_value_internal":20.0,"distribution":"{\"name\": \"IntDistribution\", \"attributes\": {\"log\": false, \"step\": 1, \"low\": 1, \"high\": 20}}"}
{"op_code":5,"worker_id":"f581c9a6-5ea3-4c0c-baf4-f197cae88876-139980931965760","trial_id":57,"param_name":"op_17","param_value_internal":4,"distribution":"{\"name\": \"CategoricalDistribution\", \"attributes\": {\"choices\": [\">=\", \"<=\", \"==\", \">\", \"<\"]}}"}
{"op_code":5,"worker_id":"f581c9a6-5ea3-4c0c-baf4-f197cae88876-139980931965760","trial_id":57,"param_name":"need_ml_0","param_value_internal":0.0,"distribution":"{\"name\": \"IntDistribution\", \"attributes\": {\"log\": false, \"step\": 1, \"low\": 0, \"high\": 1}}"}
{"op_code":5,"worker_id":"f581c9a6-5ea3-4c0c-baf4-f197cae88876-139980931965760","trial_id":57,"param_name":"need_ml_1","param_value_internal":0.0,"distribution":"{\"name\": \"IntDistribution\", \"attributes\": {\"log\": false, \"step\": 1, \"low\": 0, \"high\": 1}}"}
{"op_code":5,"worker_id":"f581c9a6-5ea3-4c0c-baf4-f197cae88876-139980931965760","trial_id":57,"param_name":"need_ml_2","param_value_internal":0.0,"distribution":"{\"name\": \"IntDistribution\", \"attributes\": {\"log\": false, \"step\": 1, \"low\": 0, \"high\": 1}}"}
{"op_code":5,"worker_id":"f581c9a6-5ea3-4c0c-baf4-f197cae88876-139980931965760","trial_id":57,"param_name":"need_label_contains","param_value_internal":0.0,"distribution":"{\"name\": \"IntDistribution\", \"attributes\": {\"log\": false, \"step\": 1, \"low\": 0, \"high\": 1}}"}
{"op_code":5,"worker_id":"f581c9a6-5ea3-4c0c-baf4-f197cae88876-139980931965760","trial_id":57,"param_name":"need_label_eq","param_value_internal":0.0,"distribution":"{\"name\": \"IntDistribution\", \"attributes\": {\"log\": false, \"step\": 1, \"low\": 0, \"high\": 1}}"}
{"op_code":5,"worker_id":"f581c9a6-5ea3-4c0c-baf4-f197cae88876-139980931965760","trial_id":57,"param_name":"need_label_minus","param_value_internal":0.0,"distribution":"{\"name\": \"IntDistribution\", \"attributes\": {\"log\": false, \"step\": 1, \"low\": 0, \"high\": 1}}"}
{"op_code":5,"worker_id":"f581c9a6-5ea3-4c0c-baf4-f197cae88876-139980931965760","trial_id":57,"param_name":"consequence_label","param_value_internal":5,"distribution":"{\"name\": \"CategoricalDistribution\", \"attributes\": {\"choices\": [\"earn\", \"acq\", \"money-fx\", \"grain\", \"crude\", \"trade\", \"interest\", \"ship\", \"wheat\", \"corn\", \"sugar\", \"oilseed\", \"dlr\", \"gnp\", \"coffee\", \"veg-oil\", \"gold\", \"nat-gas\", \"money-supply\", \"livestock\"]}}"}
{"op_code":6,"worker_id":"f581c9a6-5ea3-4c0c-baf4-f197cae88876-139980931965760","trial_id":57,"state":1,"values":[0.0058823529411764705],"datetime_complete":"2026-03-21T20:17:40.570523"}
{"op_code":4,"worker_id":"f581c9a6-5ea3-4c0c-baf4-f197cae88876-139980931965760","study_id":0,"datetime_start":"2026-03-21T20:17:40.571082"}
{"op_code":5,"worker_id":"f581c9a6-5ea3-4c0c-baf4-f197cae88876-139980931965760","trial_id":58,"param_name":"body_size","param_value_internal":1.0,"distribution":"{\"name\": \"IntDistribution\", \"attributes\": {\"log\": false, \"step\": 1, \"low\": 1, \"high\": 4}}"}
{"op_code":5,"worker_id":"f581c9a6-5ea3-4c0c-baf4-f197cae88876-139980931965760","trial_id":58,"param_name":"body_pred_idx_0","param_value_internal":8.0,"distribution":"{\"name\": \"IntDistribution\", \"attributes\": {\"log\": false, \"step\": 1, \"low\": 0, \"high\": 99}}"}
{"op_code":5,"worker_id":"f581c9a6-5ea3-4c0c-baf4-f197cae88876-139980931965760","trial_id":58,"param_name":"eta_8","param_value_internal":19.0,"distribution":"{\"name\": \"IntDistribution\", \"attributes\": {\"log\": false, \"step\": 1, \"low\": 1, \"high\": 20}}"}
{"op_code":5,"worker_id":"f581c9a6-5ea3-4c0c-baf4-f197cae88876-139980931965760","trial_id":58,"param_name":"op_8","param_value_internal":3,"distribution":"{\"name\": \"CategoricalDistribution\", \"attributes\": {\"choices\": [\">=\", \"<=\", \"==\", \">\", \"<\"]}}"}
{"op_code":5,"worker_id":"f581c9a6-5ea3-4c0c-baf4-f197cae88876-139980931965760","trial_id":58,"param_name":"need_ml_0","param_value_internal":0.0,"distribution":"{\"name\": \"IntDistribution\", \"attributes\": {\"log\": false, \"step\": 1, \"low\": 0, \"high\": 1}}"}
{"op_code":5,"worker_id":"f581c9a6-5ea3-4c0c-baf4-f197cae88876-139980931965760","trial_id":58,"param_name":"need_ml_1","param_value_internal":0.0,"distribution":"{\"name\": \"IntDistribution\", \"attributes\": {\"log\": false, \"step\": 1, \"low\": 0, \"high\": 1}}"}
{"op_code":5,"worker_id":"f581c9a6-5ea3-4c0c-baf4-f197cae88876-139980931965760","trial_id":58,"param_name":"need_ml_2","param_value_internal":0.0,"distribution":"{\"name\": \"IntDistribution\", \"attributes\": {\"log\": false, \"step\": 1, \"low\": 0, \"high\": 1}}"}
{"op_code":5,"worker_id":"f581c9a6-5ea3-4c0c-baf4-f197cae88876-139980931965760","trial_id":58,"param_name":"need_label_contains","param_value_internal":0.0,"distribution":"{\"name\": \"IntDistribution\", \"attributes\": {\"log\": false, \"step\": 1, \"low\": 0, \"high\": 1}}"}
{"op_code":5,"worker_id":"f581c9a6-5ea3-4c0c-baf4-f197cae88876-139980931965760","trial_id":58,"param_name":"need_label_eq","param_value_internal":0.0,"distribution":"{\"name\": \"IntDistribution\", \"attributes\": {\"log\": false, \"step\": 1, \"low\": 0, \"high\": 1}}"}
{"op_code":5,"worker_id":"f581c9a6-5ea3-4c0c-baf4-f197cae88876-139980931965760","trial_id":58,"param_name":"need_label_minus","param_value_internal":0.0,"distribution":"{\"name\": \"IntDistribution\", \"attributes\": {\"log\": false, \"step\": 1, \"low\": 0, \"high\": 1}}"}
{"op_code":5,"worker_id":"f581c9a6-5ea3-4c0c-baf4-f197cae88876-139980931965760","trial_id":58,"param_name":"consequence_label","param_value_internal":5,"distribution":"{\"name\": \"CategoricalDistribution\", \"attributes\": {\"choices\": [\"earn\", \"acq\", \"money-fx\", \"grain\", \"crude\", \"trade\", \"interest\", \"ship\", \"wheat\", \"corn\", \"sugar\", \"oilseed\", \"dlr\", \"gnp\", \"coffee\", \"veg-oil\", \"gold\", \"nat-gas\", \"money-supply\", \"livestock\"]}}"}
{"op_code":6,"worker_id":"f581c9a6-5ea3-4c0c-baf4-f197cae88876-139980931965760","trial_id":58,"state":1,"values":[-1.0],"datetime_complete":"2026-03-21T20:17:40.605339"}
{"op_code":4,"worker_id":"f581c9a6-5ea3-4c0c-baf4-f197cae88876-139980931965760","study_id":0,"datetime_start":"2026-03-21T20:17:40.606647"}
{"op_code":5,"worker_id":"f581c9a6-5ea3-4c0c-baf4-f197cae88876-139980931965760","trial_id":59,"param_name":"body_size","param_value_internal":1.0,"distribution":"{\"name\": \"IntDistribution\", \"attributes\": {\"log\": false, \"step\": 1, \"low\": 1, \"high\": 4}}"}
{"op_code":5,"worker_id":"f581c9a6-5ea3-4c0c-baf4-f197cae88876-139980931965760","trial_id":59,"param_name":"body_pred_idx_0","param_value_internal":16.0,"distribution":"{\"name\": \"IntDistribution\", \"attributes\": {\"log\": false, \"step\": 1, \"low\": 0, \"high\": 99}}"}
{"op_code":5,"worker_id":"f581c9a6-5ea3-4c0c-baf4-f197cae88876-139980931965760","trial_id":59,"param_name":"need_ml_0","param_value_internal":0.0,"distribution":"{\"name\": \"IntDistribution\", \"attributes\": {\"log\": false, \"step\": 1, \"low\": 0, \"high\": 1}}"}
{"op_code":5,"worker_id":"f581c9a6-5ea3-4c0c-baf4-f197cae88876-139980931965760","trial_id":59,"param_name":"need_ml_1","param_value_internal":0.0,"distribution":"{\"name\": \"IntDistribution\", \"attributes\": {\"log\": false, \"step\": 1, \"low\": 0, \"high\": 1}}"}
{"op_code":5,"worker_id":"f581c9a6-5ea3-4c0c-baf4-f197cae88876-139980931965760","trial_id":59,"param_name":"need_ml_2","param_value_internal":0.0,"distribution":"{\"name\": \"IntDistribution\", \"attributes\": {\"log\": false, \"step\": 1, \"low\": 0, \"high\": 1}}"}
{"op_code":5,"worker_id":"f581c9a6-5ea3-4c0c-baf4-f197cae88876-139980931965760","trial_id":59,"param_name":"need_label_contains","param_value_internal":0.0,"distribution":"{\"name\": \"IntDistribution\", \"attributes\": {\"log\": false, \"step\": 1, \"low\": 0, \"high\": 1}}"}
{"op_code":5,"worker_id":"f581c9a6-5ea3-4c0c-baf4-f197cae88876-139980931965760","trial_id":59,"param_name":"need_label_eq","param_value_internal":0.0,"distribution":"{\"name\": \"IntDistribution\", \"attributes\": {\"log\": false, \"step\": 1, \"low\": 0, \"high\": 1}}"}
{"op_code":5,"worker_id":"f581c9a6-5ea3-4c0c-baf4-f197cae88876-139980931965760","trial_id":59,"param_name":"need_label_minus","param_value_internal":0.0,"distribution":"{\"name\": \"IntDistribution\", \"attributes\": {\"log\": false, \"step\": 1, \"low\": 0, \"high\": 1}}"}
{"op_code":5,"worker_id":"f581c9a6-5ea3-4c0c-baf4-f197cae88876-139980931965760","trial_id":59,"param_name":"consequence_label","param_value_internal":5,"distribution":"{\"name\": \"CategoricalDistribution\", \"attributes\": {\"choices\": [\"earn\", \"acq\", \"money-fx\", \"grain\", \"crude\", \"trade\", \"interest\", \"ship\", \"wheat\", \"corn\", \"sugar\", \"oilseed\", \"dlr\", \"gnp\", \"coffee\", \"veg-oil\", \"gold\", \"nat-gas\", \"money-supply\", \"livestock\"]}}"}
{"op_code":6,"worker_id":"f581c9a6-5ea3-4c0c-baf4-f197cae88876-139980931965760","trial_id":59,"state":1,"values":[0.0],"datetime_complete":"2026-03-21T20:17:40.636408"}
{"op_code":4,"worker_id":"f581c9a6-5ea3-4c0c-baf4-f197cae88876-139980931965760","study_id":0,"datetime_start":"2026-03-21T20:17:40.637039"}
{"op_code":5,"worker_id":"f581c9a6-5ea3-4c0c-baf4-f197cae88876-139980931965760","trial_id":60,"param_name":"body_size","param_value_internal":1.0,"distribution":"{\"name\": \"IntDistribution\", \"attributes\": {\"log\": false, \"step\": 1, \"low\": 1, \"high\": 4}}"}
{"op_code":5,"worker_id":"f581c9a6-5ea3-4c0c-baf4-f197cae88876-139980931965760","trial_id":60,"param_name":"body_pred_idx_0","param_value_internal":12.0,"distribution":"{\"name\": \"IntDistribution\", \"attributes\": {\"log\": false, \"step\": 1, \"low\": 0, \"high\": 99}}"}
{"op_code":5,"worker_id":"f581c9a6-5ea3-4c0c-baf4-f197cae88876-139980931965760","trial_id":60,"param_name":"need_ml_0","param_value_internal":0.0,"distribution":"{\"name\": \"IntDistribution\", \"attributes\": {\"log\": false, \"step\": 1, \"low\": 0, \"high\": 1}}"}
{"op_code":5,"worker_id":"f581c9a6-5ea3-4c0c-baf4-f197cae88876-139980931965760","trial_id":60,"param_name":"need_ml_1","param_value_internal":0.0,"distribution":"{\"name\": \"IntDistribution\", \"attributes\": {\"log\": false, \"step\": 1, \"low\": 0, \"high\": 1}}"}
{"op_code":5,"worker_id":"f581c9a6-5ea3-4c0c-baf4-f197cae88876-139980931965760","trial_id":60,"param_name":"need_ml_2","param_value_internal":0.0,"distribution":"{\"name\": \"IntDistribution\", \"attributes\": {\"log\": false, \"step\": 1, \"low\": 0, \"high\": 1}}"}
{"op_code":5,"worker_id":"f581c9a6-5ea3-4c0c-baf4-f197cae88876-139980931965760","trial_id":60,"param_name":"need_label_contains","param_value_internal":0.0,"distribution":"{\"name\": \"IntDistribution\", \"attributes\": {\"log\": false, \"step\": 1, \"low\": 0, \"high\": 1}}"}
{"op_code":5,"worker_id":"f581c9a6-5ea3-4c0c-baf4-f197cae88876-139980931965760","trial_id":60,"param_name":"need_label_eq","param_value_internal":0.0,"distribution":"{\"name\": \"IntDistribution\", \"attributes\": {\"log\": false, \"step\": 1, \"low\": 0, \"high\": 1}}"}
{"op_code":5,"worker_id":"f581c9a6-5ea3-4c0c-baf4-f197cae88876-139980931965760","trial_id":60,"param_name":"need_label_minus","param_value_internal":0.0,"distribution":"{\"name\": \"IntDistribution\", \"attributes\": {\"log\": false, \"step\": 1, \"low\": 0, \"high\": 1}}"}
{"op_code":5,"worker_id":"f581c9a6-5ea3-4c0c-baf4-f197cae88876-139980931965760","trial_id":60,"param_name":"consequence_label","param_value_internal":8,"distribution":"{\"name\": \"CategoricalDistribution\", \"attributes\": {\"choices\": [\"earn\", \"acq\", \"money-fx\", \"grain\", \"crude\", \"trade\", \"interest\", \"ship\", \"wheat\", \"corn\", \"sugar\", \"oilseed\", \"dlr\", \"gnp\", \"coffee\", \"veg-oil\", \"gold\", \"nat-gas\", \"money-supply\", \"livestock\"]}}"}
{"op_code":6,"worker_id":"f581c9a6-5ea3-4c0c-baf4-f197cae88876-139980931965760","trial_id":60,"state":1,"values":[0.0],"datetime_complete":"2026-03-21T20:17:40.665828"}
{"op_code":4,"worker_id":"f581c9a6-5ea3-4c0c-baf4-f197cae88876-139980931965760","study_id":0,"datetime_start":"2026-03-21T20:17:40.667283"}
{"op_code":5,"worker_id":"f581c9a6-5ea3-4c0c-baf4-f197cae88876-139980931965760","trial_id":61,"param_name":"body_size","param_value_internal":1.0,"distribution":"{\"name\": \"IntDistribution\", \"attributes\": {\"log\": false, \"step\": 1, \"low\": 1, \"high\": 4}}"}
{"op_code":5,"worker_id":"f581c9a6-5ea3-4c0c-baf4-f197cae88876-139980931965760","trial_id":61,"param_name":"body_pred_idx_0","param_value_internal":21.0,"distribution":"{\"name\": \"IntDistribution\", \"attributes\": {\"log\": false, \"step\": 1, \"low\": 0, \"high\": 99}}"}
{"op_code":5,"worker_id":"f581c9a6-5ea3-4c0c-baf4-f197cae88876-139980931965760","trial_id":61,"param_name":"need_ml_0","param_value_internal":0.0,"distribution":"{\"name\": \"IntDistribution\", \"attributes\": {\"log\": false, \"step\": 1, \"low\": 0, \"high\": 1}}"}
{"op_code":5,"worker_id":"f581c9a6-5ea3-4c0c-baf4-f197cae88876-139980931965760","trial_id":61,"param_name":"need_ml_1","param_value_internal":0.0,"distribution":"{\"name\": \"IntDistribution\", \"attributes\": {\"log\": false, \"step\": 1, \"low\": 0, \"high\": 1}}"}
{"op_code":5,"worker_id":"f581c9a6-5ea3-4c0c-baf4-f197cae88876-139980931965760","trial_id":61,"param_name":"need_ml_2","param_value_internal":0.0,"distribution":"{\"name\": \"IntDistribution\", \"attributes\": {\"log\": false, \"step\": 1, \"low\": 0, \"high\": 1}}"}
{"op_code":5,"worker_id":"f581c9a6-5ea3-4c0c-baf4-f197cae88876-139980931965760","trial_id":61,"param_name":"need_label_contains","param_value_internal":0.0,"distribution":"{\"name\": \"IntDistribution\", \"attributes\": {\"log\": false, \"step\": 1, \"low\": 0, \"high\": 1}}"}
{"op_code":5,"worker_id":"f581c9a6-5ea3-4c0c-baf4-f197cae88876-139980931965760","trial_id":61,"param_name":"need_label_eq","param_value_internal":0.0,"distribution":"{\"name\": \"IntDistribution\", \"attributes\": {\"log\": false, \"step\": 1, \"low\": 0, \"high\": 1}}"}
{"op_code":5,"worker_id":"f581c9a6-5ea3-4c0c-baf4-f197cae88876-139980931965760","trial_id":61,"param_name":"need_label_minus","param_value_internal":0.0,"distribution":"{\"name\": \"IntDistribution\", \"attributes\": {\"log\": false, \"step\": 1, \"low\": 0, \"high\": 1}}"}
{"op_code":5,"worker_id":"f581c9a6-5ea3-4c0c-baf4-f197cae88876-139980931965760","trial_id":61,"param_name":"consequence_label","param_value_internal":17,"distribution":"{\"name\": \"CategoricalDistribution\", \"attributes\": {\"choices\": [\"earn\", \"acq\", \"money-fx\", \"grain\", \"crude\", \"trade\", \"interest\", \"ship\", \"wheat\", \"corn\", \"sugar\", \"oilseed\", \"dlr\", \"gnp\", \"coffee\", \"veg-oil\", \"gold\", \"nat-gas\", \"money-supply\", \"livestock\"]}}"}
{"op_code":6,"worker_id":"f581c9a6-5ea3-4c0c-baf4-f197cae88876-139980931965760","trial_id":61,"state":1,"values":[0.0],"datetime_complete":"2026-03-21T20:17:40.696979"}
{"op_code":4,"worker_id":"f581c9a6-5ea3-4c0c-baf4-f197cae88876-139980931965760","study_id":0,"datetime_start":"2026-03-21T20:17:40.697500"}
{"op_code":5,"worker_id":"f581c9a6-5ea3-4c0c-baf4-f197cae88876-139980931965760","trial_id":62,"param_name":"body_size","param_value_internal":1.0,"distribution":"{\"name\": \"IntDistribution\", \"attributes\": {\"log\": false, \"step\": 1, \"low\": 1, \"high\": 4}}"}
{"op_code":5,"worker_id":"f581c9a6-5ea3-4c0c-baf4-f197cae88876-139980931965760","trial_id":62,"param_name":"body_pred_idx_0","param_value_internal":27.0,"distribution":"{\"name\": \"IntDistribution\", \"attributes\": {\"log\": false, \"step\": 1, \"low\": 0, \"high\": 99}}"}
{"op_code":5,"worker_id":"f581c9a6-5ea3-4c0c-baf4-f197cae88876-139980931965760","trial_id":62,"param_name":"need_ml_0","param_value_internal":0.0,"distribution":"{\"name\": \"IntDistribution\", \"attributes\": {\"log\": false, \"step\": 1, \"low\": 0, \"high\": 1}}"}
{"op_code":5,"worker_id":"f581c9a6-5ea3-4c0c-baf4-f197cae88876-139980931965760","trial_id":62,"param_name":"need_ml_1","param_value_internal":0.0,"distribution":"{\"name\": \"IntDistribution\", \"attributes\": {\"log\": false, \"step\": 1, \"low\": 0, \"high\": 1}}"}
{"op_code":5,"worker_id":"f581c9a6-5ea3-4c0c-baf4-f197cae88876-139980931965760","trial_id":62,"param_name":"need_ml_2","param_value_internal":0.0,"distribution":"{\"name\": \"IntDistribution\", \"attributes\": {\"log\": false, \"step\": 1, \"low\": 0, \"high\": 1}}"}
{"op_code":5,"worker_id":"f581c9a6-5ea3-4c0c-baf4-f197cae88876-139980931965760","trial_id":62,"param_name":"need_label_contains","param_value_internal":0.0,"distribution":"{\"name\": \"IntDistribution\", \"attributes\": {\"log\": false, \"step\": 1, \"low\": 0, \"high\": 1}}"}
{"op_code":5,"worker_id":"f581c9a6-5ea3-4c0c-baf4-f197cae88876-139980931965760","trial_id":62,"param_name":"need_label_eq","param_value_internal":0.0,"distribution":"{\"name\": \"IntDistribution\", \"attributes\": {\"log\": false, \"step\": 1, \"low\": 0, \"high\": 1}}"}
{"op_code":5,"worker_id":"f581c9a6-5ea3-4c0c-baf4-f197cae88876-139980931965760","trial_id":62,"param_name":"need_label_minus","param_value_internal":0.0,"distribution":"{\"name\": \"IntDistribution\", \"attributes\": {\"log\": false, \"step\": 1, \"low\": 0, \"high\": 1}}"}
{"op_code":5,"worker_id":"f581c9a6-5ea3-4c0c-baf4-f197cae88876-139980931965760","trial_id":62,"param_name":"consequence_label","param_value_internal":18,"distribution":"{\"name\": \"CategoricalDistribution\", \"attributes\": {\"choices\": [\"earn\", \"acq\", \"money-fx\", \"grain\", \"crude\", \"trade\", \"interest\", \"ship\", \"wheat\", \"corn\", \"sugar\", \"oilseed\", \"dlr\", \"gnp\", \"coffee\", \"veg-oil\", \"gold\", \"nat-gas\", \"money-supply\", \"livestock\"]}}"}
{"op_code":6,"worker_id":"f581c9a6-5ea3-4c0c-baf4-f197cae88876-139980931965760","trial_id":62,"state":1,"values":[0.0],"datetime_complete":"2026-03-21T20:17:40.734445"}
{"op_code":4,"worker_id":"f581c9a6-5ea3-4c0c-baf4-f197cae88876-139980931965760","study_id":0,"datetime_start":"2026-03-21T20:17:40.736308"}
{"op_code":5,"worker_id":"f581c9a6-5ea3-4c0c-baf4-f197cae88876-139980931965760","trial_id":63,"param_name":"body_size","param_value_internal":1.0,"distribution":"{\"name\": \"IntDistribution\", \"attributes\": {\"log\": false, \"step\": 1, \"low\": 1, \"high\": 4}}"}
{"op_code":5,"worker_id":"f581c9a6-5ea3-4c0c-baf4-f197cae88876-139980931965760","trial_id":63,"param_name":"body_pred_idx_0","param_value_internal":17.0,"distribution":"{\"name\": \"IntDistribution\", \"attributes\": {\"log\": false, \"step\": 1, \"low\": 0, \"high\": 99}}"}
{"op_code":5,"worker_id":"f581c9a6-5ea3-4c0c-baf4-f197cae88876-139980931965760","trial_id":63,"param_name":"eta_17","param_value_internal":19.0,"distribution":"{\"name\": \"IntDistribution\", \"attributes\": {\"log\": false, \"step\": 1, \"low\": 1, \"high\": 20}}"}
{"op_code":5,"worker_id":"f581c9a6-5ea3-4c0c-baf4-f197cae88876-139980931965760","trial_id":63,"param_name":"op_17","param_value_internal":4,"distribution":"{\"name\": \"CategoricalDistribution\", \"attributes\": {\"choices\": [\">=\", \"<=\", \"==\", \">\", \"<\"]}}"}
{"op_code":5,"worker_id":"f581c9a6-5ea3-4c0c-baf4-f197cae88876-139980931965760","trial_id":63,"param_name":"need_ml_0","param_value_internal":0.0,"distribution":"{\"name\": \"IntDistribution\", \"attributes\": {\"log\": false, \"step\": 1, \"low\": 0, \"high\": 1}}"}
{"op_code":5,"worker_id":"f581c9a6-5ea3-4c0c-baf4-f197cae88876-139980931965760","trial_id":63,"param_name":"need_ml_1","param_value_internal":0.0,"distribution":"{\"name\": \"IntDistribution\", \"attributes\": {\"log\": false, \"step\": 1, \"low\": 0, \"high\": 1}}"}
{"op_code":5,"worker_id":"f581c9a6-5ea3-4c0c-baf4-f197cae88876-139980931965760","trial_id":63,"param_name":"need_ml_2","param_value_internal":0.0,"distribution":"{\"name\": \"IntDistribution\", \"attributes\": {\"log\": false, \"step\": 1, \"low\": 0, \"high\": 1}}"}
{"op_code":5,"worker_id":"f581c9a6-5ea3-4c0c-baf4-f197cae88876-139980931965760","trial_id":63,"param_name":"need_label_contains","param_value_internal":1.0,"distribution":"{\"name\": \"IntDistribution\", \"attributes\": {\"log\": false, \"step\": 1, \"low\": 0, \"high\": 1}}"}
{"op_code":5,"worker_id":"f581c9a6-5ea3-4c0c-baf4-f197cae88876-139980931965760","trial_id":63,"param_name":"label_contains_tau","param_value_internal":0,"distribution":"{\"name\": \"CategoricalDistribution\", \"attributes\": {\"choices\": [\"earn\", \"acq\", \"money-fx\", \"grain\", \"crude\", \"trade\", \"interest\", \"ship\", \"wheat\", \"corn\", \"sugar\", \"oilseed\", \"dlr\", \"gnp\", \"coffee\", \"veg-oil\", \"gold\", \"nat-gas\", \"money-supply\", \"livestock\"]}}"}
{"op_code":5,"worker_id":"f581c9a6-5ea3-4c0c-baf4-f197cae88876-139980931965760","trial_id":63,"param_name":"need_label_eq","param_value_internal":0.0,"distribution":"{\"name\": \"IntDistribution\", \"attributes\": {\"log\": false, \"step\": 1, \"low\": 0, \"high\": 1}}"}
{"op_code":5,"worker_id":"f581c9a6-5ea3-4c0c-baf4-f197cae88876-139980931965760","trial_id":63,"param_name":"need_label_minus","param_value_internal":0.0,"distribution":"{\"name\": \"IntDistribution\", \"attributes\": {\"log\": false, \"step\": 1, \"low\": 0, \"high\": 1}}"}
{"op_code":5,"worker_id":"f581c9a6-5ea3-4c0c-baf4-f197cae88876-139980931965760","trial_id":63,"param_name":"consequence_label","param_value_internal":0,"distribution":"{\"name\": \"CategoricalDistribution\", \"attributes\": {\"choices\": [\"earn\", \"acq\", \"money-fx\", \"grain\", \"crude\", \"trade\", \"interest\", \"ship\", \"wheat\", \"corn\", \"sugar\", \"oilseed\", \"dlr\", \"gnp\", \"coffee\", \"veg-oil\", \"gold\", \"nat-gas\", \"money-supply\", \"livestock\"]}}"}
{"op_code":6,"worker_id":"f581c9a6-5ea3-4c0c-baf4-f197cae88876-139980931965760","trial_id":63,"state":1,"values":[0.05],"datetime_complete":"2026-03-21T20:17:40.772277"}
{"op_code":4,"worker_id":"f581c9a6-5ea3-4c0c-baf4-f197cae88876-139980931965760","study_id":0,"datetime_start":"2026-03-21T20:17:40.772814"}
{"op_code":5,"worker_id":"f581c9a6-5ea3-4c0c-baf4-f197cae88876-139980931965760","trial_id":64,"param_name":"body_size","param_value_internal":1.0,"distribution":"{\"name\": \"IntDistribution\", \"attributes\": {\"log\": false, \"step\": 1, \"low\": 1, \"high\": 4}}"}
{"op_code":5,"worker_id":"f581c9a6-5ea3-4c0c-baf4-f197cae88876-139980931965760","trial_id":64,"param_name":"body_pred_idx_0","param_value_internal":18.0,"distribution":"{\"name\": \"IntDistribution\", \"attributes\": {\"log\": false, \"step\": 1, \"low\": 0, \"high\": 99}}"}
{"op_code":5,"worker_id":"f581c9a6-5ea3-4c0c-baf4-f197cae88876-139980931965760","trial_id":64,"param_name":"need_ml_0","param_value_internal":0.0,"distribution":"{\"name\": \"IntDistribution\", \"attributes\": {\"log\": false, \"step\": 1, \"low\": 0, \"high\": 1}}"}
{"op_code":5,"worker_id":"f581c9a6-5ea3-4c0c-baf4-f197cae88876-139980931965760","trial_id":64,"param_name":"need_ml_1","param_value_internal":0.0,"distribution":"{\"name\": \"IntDistribution\", \"attributes\": {\"log\": false, \"step\": 1, \"low\": 0, \"high\": 1}}"}
{"op_code":5,"worker_id":"f581c9a6-5ea3-4c0c-baf4-f197cae88876-139980931965760","trial_id":64,"param_name":"need_ml_2","param_value_internal":0.0,"distribution":"{\"name\": \"IntDistribution\", \"attributes\": {\"log\": false, \"step\": 1, \"low\": 0, \"high\": 1}}"}
{"op_code":5,"worker_id":"f581c9a6-5ea3-4c0c-baf4-f197cae88876-139980931965760","trial_id":64,"param_name":"need_label_contains","param_value_internal":1.0,"distribution":"{\"name\": \"IntDistribution\", \"attributes\": {\"log\": false, \"step\": 1, \"low\": 0, \"high\": 1}}"}
{"op_code":5,"worker_id":"f581c9a6-5ea3-4c0c-baf4-f197cae88876-139980931965760","trial_id":64,"param_name":"label_contains_tau","param_value_internal":10,"distribution":"{\"name\": \"CategoricalDistribution\", \"attributes\": {\"choices\": [\"earn\", \"acq\", \"money-fx\", \"grain\", \"crude\", \"trade\", \"interest\", \"ship\", \"wheat\", \"corn\", \"sugar\", \"oilseed\", \"dlr\", \"gnp\", \"coffee\", \"veg-oil\", \"gold\", \"nat-gas\", \"money-supply\", \"livestock\"]}}"}
{"op_code":5,"worker_id":"f581c9a6-5ea3-4c0c-baf4-f197cae88876-139980931965760","trial_id":64,"param_name":"need_label_eq","param_value_internal":0.0,"distribution":"{\"name\": \"IntDistribution\", \"attributes\": {\"log\": false, \"step\": 1, \"low\": 0, \"high\": 1}}"}
{"op_code":5,"worker_id":"f581c9a6-5ea3-4c0c-baf4-f197cae88876-139980931965760","trial_id":64,"param_name":"need_label_minus","param_value_internal":0.0,"distribution":"{\"name\": \"IntDistribution\", \"attributes\": {\"log\": false, \"step\": 1, \"low\": 0, \"high\": 1}}"}
{"op_code":5,"worker_id":"f581c9a6-5ea3-4c0c-baf4-f197cae88876-139980931965760","trial_id":64,"param_name":"consequence_label","param_value_internal":0,"distribution":"{\"name\": \"CategoricalDistribution\", \"attributes\": {\"choices\": [\"earn\", \"acq\", \"money-fx\", \"grain\", \"crude\", \"trade\", \"interest\", \"ship\", \"wheat\", \"corn\", \"sugar\", \"oilseed\", \"dlr\", \"gnp\", \"coffee\", \"veg-oil\", \"gold\", \"nat-gas\", \"money-supply\", \"livestock\"]}}"}
{"op_code":6,"worker_id":"f581c9a6-5ea3-4c0c-baf4-f197cae88876-139980931965760","trial_id":64,"state":1,"values":[-1.0],"datetime_complete":"2026-03-21T20:17:40.798233"}
{"op_code":4,"worker_id":"f581c9a6-5ea3-4c0c-baf4-f197cae88876-139980931965760","study_id":0,"datetime_start":"2026-03-21T20:17:40.798783"}
{"op_code":5,"worker_id":"f581c9a6-5ea3-4c0c-baf4-f197cae88876-139980931965760","trial_id":65,"param_name":"body_size","param_value_internal":1.0,"distribution":"{\"name\": \"IntDistribution\", \"attributes\": {\"log\": false, \"step\": 1, \"low\": 1, \"high\": 4}}"}
{"op_code":5,"worker_id":"f581c9a6-5ea3-4c0c-baf4-f197cae88876-139980931965760","trial_id":65,"param_name":"body_pred_idx_0","param_value_internal":1.0,"distribution":"{\"name\": \"IntDistribution\", \"attributes\": {\"log\": false, \"step\": 1, \"low\": 0, \"high\": 99}}"}
{"op_code":5,"worker_id":"f581c9a6-5ea3-4c0c-baf4-f197cae88876-139980931965760","trial_id":65,"param_name":"need_ml_0","param_value_internal":0.0,"distribution":"{\"name\": \"IntDistribution\", \"attributes\": {\"log\": false, \"step\": 1, \"low\": 0, \"high\": 1}}"}
{"op_code":5,"worker_id":"f581c9a6-5ea3-4c0c-baf4-f197cae88876-139980931965760","trial_id":65,"param_name":"need_ml_1","param_value_internal":0.0,"distribution":"{\"name\": \"IntDistribution\", \"attributes\": {\"log\": false, \"step\": 1, \"low\": 0, \"high\": 1}}"}
{"op_code":5,"worker_id":"f581c9a6-5ea3-4c0c-baf4-f197cae88876-139980931965760","trial_id":65,"param_name":"need_ml_2","param_value_internal":0.0,"distribution":"{\"name\": \"IntDistribution\", \"attributes\": {\"log\": false, \"step\": 1, \"low\": 0, \"high\": 1}}"}
{"op_code":5,"worker_id":"f581c9a6-5ea3-4c0c-baf4-f197cae88876-139980931965760","trial_id":65,"param_name":"need_label_contains","param_value_internal":0.0,"distribution":"{\"name\": \"IntDistribution\", \"attributes\": {\"log\": false, \"step\": 1, \"low\": 0, \"high\": 1}}"}
{"op_code":5,"worker_id":"f581c9a6-5ea3-4c0c-baf4-f197cae88876-139980931965760","trial_id":65,"param_name":"need_label_eq","param_value_internal":0.0,"distribution":"{\"name\": \"IntDistribution\", \"attributes\": {\"log\": false, \"step\": 1, \"low\": 0, \"high\": 1}}"}
{"op_code":5,"worker_id":"f581c9a6-5ea3-4c0c-baf4-f197cae88876-139980931965760","trial_id":65,"param_name":"need_label_minus","param_value_internal":0.0,"distribution":"{\"name\": \"IntDistribution\", \"attributes\": {\"log\": false, \"step\": 1, \"low\": 0, \"high\": 1}}"}
{"op_code":5,"worker_id":"f581c9a6-5ea3-4c0c-baf4-f197cae88876-139980931965760","trial_id":65,"param_name":"consequence_label","param_value_internal":8,"distribution":"{\"name\": \"CategoricalDistribution\", \"attributes\": {\"choices\": [\"earn\", \"acq\", \"money-fx\", \"grain\", \"crude\", \"trade\", \"interest\", \"ship\", \"wheat\", \"corn\", \"sugar\", \"oilseed\", \"dlr\", \"gnp\", \"coffee\", \"veg-oil\", \"gold\", \"nat-gas\", \"money-supply\", \"livestock\"]}}"}
{"op_code":6,"worker_id":"f581c9a6-5ea3-4c0c-baf4-f197cae88876-139980931965760","trial_id":65,"state":1,"values":[0.0],"datetime_complete":"2026-03-21T20:17:40.830353"}
{"op_code":4,"worker_id":"f581c9a6-5ea3-4c0c-baf4-f197cae88876-139980931965760","study_id":0,"datetime_start":"2026-03-21T20:17:40.830905"}
{"op_code":5,"worker_id":"f581c9a6-5ea3-4c0c-baf4-f197cae88876-139980931965760","trial_id":66,"param_name":"body_size","param_value_internal":1.0,"distribution":"{\"name\": \"IntDistribution\", \"attributes\": {\"log\": false, \"step\": 1, \"low\": 1, \"high\": 4}}"}
{"op_code":5,"worker_id":"f581c9a6-5ea3-4c0c-baf4-f197cae88876-139980931965760","trial_id":66,"param_name":"body_pred_idx_0","param_value_internal":10.0,"distribution":"{\"name\": \"IntDistribution\", \"attributes\": {\"log\": false, \"step\": 1, \"low\": 0, \"high\": 99}}"}
{"op_code":5,"worker_id":"f581c9a6-5ea3-4c0c-baf4-f197cae88876-139980931965760","trial_id":66,"param_name":"need_ml_0","param_value_internal":0.0,"distribution":"{\"name\": \"IntDistribution\", \"attributes\": {\"log\": false, \"step\": 1, \"low\": 0, \"high\": 1}}"}
{"op_code":5,"worker_id":"f581c9a6-5ea3-4c0c-baf4-f197cae88876-139980931965760","trial_id":66,"param_name":"need_ml_1","param_value_internal":0.0,"distribution":"{\"name\": \"IntDistribution\", \"attributes\": {\"log\": false, \"step\": 1, \"low\": 0, \"high\": 1}}"}
{"op_code":5,"worker_id":"f581c9a6-5ea3-4c0c-baf4-f197cae88876-139980931965760","trial_id":66,"param_name":"need_ml_2","param_value_internal":0.0,"distribution":"{\"name\": \"IntDistribution\", \"attributes\": {\"log\": false, \"step\": 1, \"low\": 0, \"high\": 1}}"}
{"op_code":5,"worker_id":"f581c9a6-5ea3-4c0c-baf4-f197cae88876-139980931965760","trial_id":66,"param_name":"need_label_contains","param_value_internal":1.0,"distribution":"{\"name\": \"IntDistribution\", \"attributes\": {\"log\": false, \"step\": 1, \"low\": 0, \"high\": 1}}"}
{"op_code":5,"worker_id":"f581c9a6-5ea3-4c0c-baf4-f197cae88876-139980931965760","trial_id":66,"param_name":"label_contains_tau","param_value_internal":4,"distribution":"{\"name\": \"CategoricalDistribution\", \"attributes\": {\"choices\": [\"earn\", \"acq\", \"money-fx\", \"grain\", \"crude\", \"trade\", \"interest\", \"ship\", \"wheat\", \"corn\", \"sugar\", \"oilseed\", \"dlr\", \"gnp\", \"coffee\", \"veg-oil\", \"gold\", \"nat-gas\", \"money-supply\", \"livestock\"]}}"}
{"op_code":5,"worker_id":"f581c9a6-5ea3-4c0c-baf4-f197cae88876-139980931965760","trial_id":66,"param_name":"need_label_eq","param_value_internal":0.0,"distribution":"{\"name\": \"IntDistribution\", \"attributes\": {\"log\": false, \"step\": 1, \"low\": 0, \"high\": 1}}"}
{"op_code":5,"worker_id":"f581c9a6-5ea3-4c0c-baf4-f197cae88876-139980931965760","trial_id":66,"param_name":"need_label_minus","param_value_internal":0.0,"distribution":"{\"name\": \"IntDistribution\", \"attributes\": {\"log\": false, \"step\": 1, \"low\": 0, \"high\": 1}}"}
{"op_code":5,"worker_id":"f581c9a6-5ea3-4c0c-baf4-f197cae88876-139980931965760","trial_id":66,"param_name":"consequence_label","param_value_internal":0,"distribution":"{\"name\": \"CategoricalDistribution\", \"attributes\": {\"choices\": [\"earn\", \"acq\", \"money-fx\", \"grain\", \"crude\", \"trade\", \"interest\", \"ship\", \"wheat\", \"corn\", \"sugar\", \"oilseed\", \"dlr\", \"gnp\", \"coffee\", \"veg-oil\", \"gold\", \"nat-gas\", \"money-supply\", \"livestock\"]}}"}
{"op_code":6,"worker_id":"f581c9a6-5ea3-4c0c-baf4-f197cae88876-139980931965760","trial_id":66,"state":1,"values":[-1.0],"datetime_complete":"2026-03-21T20:17:40.863780"}
{"op_code":4,"worker_id":"f581c9a6-5ea3-4c0c-baf4-f197cae88876-139980931965760","study_id":0,"datetime_start":"2026-03-21T20:17:40.864434"}
{"op_code":5,"worker_id":"f581c9a6-5ea3-4c0c-baf4-f197cae88876-139980931965760","trial_id":67,"param_name":"body_size","param_value_internal":2.0,"distribution":"{\"name\": \"IntDistribution\", \"attributes\": {\"log\": false, \"step\": 1, \"low\": 1, \"high\": 4}}"}
{"op_code":5,"worker_id":"f581c9a6-5ea3-4c0c-baf4-f197cae88876-139980931965760","trial_id":67,"param_name":"body_pred_idx_0","param_value_internal":22.0,"distribution":"{\"name\": \"IntDistribution\", \"attributes\": {\"log\": false, \"step\": 1, \"low\": 0, \"high\": 99}}"}
{"op_code":5,"worker_id":"f581c9a6-5ea3-4c0c-baf4-f197cae88876-139980931965760","trial_id":67,"param_name":"body_pred_idx_1","param_value_internal":84.0,"distribution":"{\"name\": \"IntDistribution\", \"attributes\": {\"log\": false, \"step\": 1, \"low\": 0, \"high\": 99}}"}
{"op_code":5,"worker_id":"f581c9a6-5ea3-4c0c-baf4-f197cae88876-139980931965760","trial_id":67,"param_name":"need_ml_0","param_value_internal":0.0,"distribution":"{\"name\": \"IntDistribution\", \"attributes\": {\"log\": false, \"step\": 1, \"low\": 0, \"high\": 1}}"}
{"op_code":5,"worker_id":"f581c9a6-5ea3-4c0c-baf4-f197cae88876-139980931965760","trial_id":67,"param_name":"need_ml_1","param_value_internal":0.0,"distribution":"{\"name\": \"IntDistribution\", \"attributes\": {\"log\": false, \"step\": 1, \"low\": 0, \"high\": 1}}"}
{"op_code":5,"worker_id":"f581c9a6-5ea3-4c0c-baf4-f197cae88876-139980931965760","trial_id":67,"param_name":"need_ml_2","param_value_internal":0.0,"distribution":"{\"name\": \"IntDistribution\", \"attributes\": {\"log\": false, \"step\": 1, \"low\": 0, \"high\": 1}}"}
{"op_code":5,"worker_id":"f581c9a6-5ea3-4c0c-baf4-f197cae88876-139980931965760","trial_id":67,"param_name":"need_label_contains","param_value_internal":0.0,"distribution":"{\"name\": \"IntDistribution\", \"attributes\": {\"log\": false, \"step\": 1, \"low\": 0, \"high\": 1}}"}
{"op_code":5,"worker_id":"f581c9a6-5ea3-4c0c-baf4-f197cae88876-139980931965760","trial_id":67,"param_name":"need_label_eq","param_value_internal":0.0,"distribution":"{\"name\": \"IntDistribution\", \"attributes\": {\"log\": false, \"step\": 1, \"low\": 0, \"high\": 1}}"}
{"op_code":5,"worker_id":"f581c9a6-5ea3-4c0c-baf4-f197cae88876-139980931965760","trial_id":67,"param_name":"need_label_minus","param_value_internal":0.0,"distribution":"{\"name\": \"IntDistribution\", \"attributes\": {\"log\": false, \"step\": 1, \"low\": 0, \"high\": 1}}"}
{"op_code":5,"worker_id":"f581c9a6-5ea3-4c0c-baf4-f197cae88876-139980931965760","trial_id":67,"param_name":"consequence_label","param_value_internal":15,"distribution":"{\"name\": \"CategoricalDistribution\", \"attributes\": {\"choices\": [\"earn\", \"acq\", \"money-fx\", \"grain\", \"crude\", \"trade\", \"interest\", \"ship\", \"wheat\", \"corn\", \"sugar\", \"oilseed\", \"dlr\", \"gnp\", \"coffee\", \"veg-oil\", \"gold\", \"nat-gas\", \"money-supply\", \"livestock\"]}}"}
{"op_code":6,"worker_id":"f581c9a6-5ea3-4c0c-baf4-f197cae88876-139980931965760","trial_id":67,"state":1,"values":[-1.0],"datetime_complete":"2026-03-21T20:17:40.893576"}
{"op_code":4,"worker_id":"f581c9a6-5ea3-4c0c-baf4-f197cae88876-139980931965760","study_id":0,"datetime_start":"2026-03-21T20:17:40.894132"}
{"op_code":5,"worker_id":"f581c9a6-5ea3-4c0c-baf4-f197cae88876-139980931965760","trial_id":68,"param_name":"body_size","param_value_internal":1.0,"distribution":"{\"name\": \"IntDistribution\", \"attributes\": {\"log\": false, \"step\": 1, \"low\": 1, \"high\": 4}}"}
{"op_code":5,"worker_id":"f581c9a6-5ea3-4c0c-baf4-f197cae88876-139980931965760","trial_id":68,"param_name":"body_pred_idx_0","param_value_internal":37.0,"distribution":"{\"name\": \"IntDistribution\", \"attributes\": {\"log\": false, \"step\": 1, \"low\": 0, \"high\": 99}}"}
{"op_code":5,"worker_id":"f581c9a6-5ea3-4c0c-baf4-f197cae88876-139980931965760","trial_id":68,"param_name":"need_ml_0","param_value_internal":0.0,"distribution":"{\"name\": \"IntDistribution\", \"attributes\": {\"log\": false, \"step\": 1, \"low\": 0, \"high\": 1}}"}
{"op_code":5,"worker_id":"f581c9a6-5ea3-4c0c-baf4-f197cae88876-139980931965760","trial_id":68,"param_name":"need_ml_1","param_value_internal":0.0,"distribution":"{\"name\": \"IntDistribution\", \"attributes\": {\"log\": false, \"step\": 1, \"low\": 0, \"high\": 1}}"}
{"op_code":5,"worker_id":"f581c9a6-5ea3-4c0c-baf4-f197cae88876-139980931965760","trial_id":68,"param_name":"need_ml_2","param_value_internal":0.0,"distribution":"{\"name\": \"IntDistribution\", \"attributes\": {\"log\": false, \"step\": 1, \"low\": 0, \"high\": 1}}"}
{"op_code":5,"worker_id":"f581c9a6-5ea3-4c0c-baf4-f197cae88876-139980931965760","trial_id":68,"param_name":"need_label_contains","param_value_internal":1.0,"distribution":"{\"name\": \"IntDistribution\", \"attributes\": {\"log\": false, \"step\": 1, \"low\": 0, \"high\": 1}}"}
{"op_code":5,"worker_id":"f581c9a6-5ea3-4c0c-baf4-f197cae88876-139980931965760","trial_id":68,"param_name":"label_contains_tau","param_value_internal":12,"distribution":"{\"name\": \"CategoricalDistribution\", \"attributes\": {\"choices\": [\"earn\", \"acq\", \"money-fx\", \"grain\", \"crude\", \"trade\", \"interest\", \"ship\", \"wheat\", \"corn\", \"sugar\", \"oilseed\", \"dlr\", \"gnp\", \"coffee\", \"veg-oil\", \"gold\", \"nat-gas\", \"money-supply\", \"livestock\"]}}"}
{"op_code":5,"worker_id":"f581c9a6-5ea3-4c0c-baf4-f197cae88876-139980931965760","trial_id":68,"param_name":"need_label_eq","param_value_internal":0.0,"distribution":"{\"name\": \"IntDistribution\", \"attributes\": {\"log\": false, \"step\": 1, \"low\": 0, \"high\": 1}}"}
{"op_code":5,"worker_id":"f581c9a6-5ea3-4c0c-baf4-f197cae88876-139980931965760","trial_id":68,"param_name":"need_label_minus","param_value_internal":0.0,"distribution":"{\"name\": \"IntDistribution\", \"attributes\": {\"log\": false, \"step\": 1, \"low\": 0, \"high\": 1}}"}
{"op_code":5,"worker_id":"f581c9a6-5ea3-4c0c-baf4-f197cae88876-139980931965760","trial_id":68,"param_name":"consequence_label","param_value_internal":5,"distribution":"{\"name\": \"CategoricalDistribution\", \"attributes\": {\"choices\": [\"earn\", \"acq\", \"money-fx\", \"grain\", \"crude\", \"trade\", \"interest\", \"ship\", \"wheat\", \"corn\", \"sugar\", \"oilseed\", \"dlr\", \"gnp\", \"coffee\", \"veg-oil\", \"gold\", \"nat-gas\", \"money-supply\", \"livestock\"]}}"}
{"op_code":6,"worker_id":"f581c9a6-5ea3-4c0c-baf4-f197cae88876-139980931965760","trial_id":68,"state":1,"values":[-1.0],"datetime_complete":"2026-03-21T20:17:40.935890"}
{"op_code":4,"worker_id":"f581c9a6-5ea3-4c0c-baf4-f197cae88876-139980931965760","study_id":0,"datetime_start":"2026-03-21T20:17:40.936748"}
{"op_code":5,"worker_id":"f581c9a6-5ea3-4c0c-baf4-f197cae88876-139980931965760","trial_id":69,"param_name":"body_size","param_value_internal":1.0,"distribution":"{\"name\": \"IntDistribution\", \"attributes\": {\"log\": false, \"step\": 1, \"low\": 1, \"high\": 4}}"}
{"op_code":5,"worker_id":"f581c9a6-5ea3-4c0c-baf4-f197cae88876-139980931965760","trial_id":69,"param_name":"body_pred_idx_0","param_value_internal":30.0,"distribution":"{\"name\": \"IntDistribution\", \"attributes\": {\"log\": false, \"step\": 1, \"low\": 0, \"high\": 99}}"}
{"op_code":5,"worker_id":"f581c9a6-5ea3-4c0c-baf4-f197cae88876-139980931965760","trial_id":69,"param_name":"need_ml_0","param_value_internal":0.0,"distribution":"{\"name\": \"IntDistribution\", \"attributes\": {\"log\": false, \"step\": 1, \"low\": 0, \"high\": 1}}"}
{"op_code":5,"worker_id":"f581c9a6-5ea3-4c0c-baf4-f197cae88876-139980931965760","trial_id":69,"param_name":"need_ml_1","param_value_internal":0.0,"distribution":"{\"name\": \"IntDistribution\", \"attributes\": {\"log\": false, \"step\": 1, \"low\": 0, \"high\": 1}}"}
{"op_code":5,"worker_id":"f581c9a6-5ea3-4c0c-baf4-f197cae88876-139980931965760","trial_id":69,"param_name":"need_ml_2","param_value_internal":0.0,"distribution":"{\"name\": \"IntDistribution\", \"attributes\": {\"log\": false, \"step\": 1, \"low\": 0, \"high\": 1}}"}
{"op_code":5,"worker_id":"f581c9a6-5ea3-4c0c-baf4-f197cae88876-139980931965760","trial_id":69,"param_name":"need_label_contains","param_value_internal":1.0,"distribution":"{\"name\": \"IntDistribution\", \"attributes\": {\"log\": false, \"step\": 1, \"low\": 0, \"high\": 1}}"}
{"op_code":5,"worker_id":"f581c9a6-5ea3-4c0c-baf4-f197cae88876-139980931965760","trial_id":69,"param_name":"label_contains_tau","param_value_internal":8,"distribution":"{\"name\": \"CategoricalDistribution\", \"attributes\": {\"choices\": [\"earn\", \"acq\", \"money-fx\", \"grain\", \"crude\", \"trade\", \"interest\", \"ship\", \"wheat\", \"corn\", \"sugar\", \"oilseed\", \"dlr\", \"gnp\", \"coffee\", \"veg-oil\", \"gold\", \"nat-gas\", \"money-supply\", \"livestock\"]}}"}
{"op_code":5,"worker_id":"f581c9a6-5ea3-4c0c-baf4-f197cae88876-139980931965760","trial_id":69,"param_name":"need_label_eq","param_value_internal":0.0,"distribution":"{\"name\": \"IntDistribution\", \"attributes\": {\"log\": false, \"step\": 1, \"low\": 0, \"high\": 1}}"}
{"op_code":5,"worker_id":"f581c9a6-5ea3-4c0c-baf4-f197cae88876-139980931965760","trial_id":69,"param_name":"need_label_minus","param_value_internal":0.0,"distribution":"{\"name\": \"IntDistribution\", \"attributes\": {\"log\": false, \"step\": 1, \"low\": 0, \"high\": 1}}"}
{"op_code":5,"worker_id":"f581c9a6-5ea3-4c0c-baf4-f197cae88876-139980931965760","trial_id":69,"param_name":"consequence_label","param_value_internal":16,"distribution":"{\"name\": \"CategoricalDistribution\", \"attributes\": {\"choices\": [\"earn\", \"acq\", \"money-fx\", \"grain\", \"crude\", \"trade\", \"interest\", \"ship\", \"wheat\", \"corn\", \"sugar\", \"oilseed\", \"dlr\", \"gnp\", \"coffee\", \"veg-oil\", \"gold\", \"nat-gas\", \"money-supply\", \"livestock\"]}}"}
{"op_code":6,"worker_id":"f581c9a6-5ea3-4c0c-baf4-f197cae88876-139980931965760","trial_id":69,"state":1,"values":[-1.0],"datetime_complete":"2026-03-21T20:17:40.974111"}
{"op_code":4,"worker_id":"f581c9a6-5ea3-4c0c-baf4-f197cae88876-139980931965760","study_id":0,"datetime_start":"2026-03-21T20:17:40.974734"}
{"op_code":5,"worker_id":"f581c9a6-5ea3-4c0c-baf4-f197cae88876-139980931965760","trial_id":70,"param_name":"body_size","param_value_internal":1.0,"distribution":"{\"name\": \"IntDistribution\", \"attributes\": {\"log\": false, \"step\": 1, \"low\": 1, \"high\": 4}}"}
{"op_code":5,"worker_id":"f581c9a6-5ea3-4c0c-baf4-f197cae88876-139980931965760","trial_id":70,"param_name":"body_pred_idx_0","param_value_internal":18.0,"distribution":"{\"name\": \"IntDistribution\", \"attributes\": {\"log\": false, \"step\": 1, \"low\": 0, \"high\": 99}}"}
{"op_code":5,"worker_id":"f581c9a6-5ea3-4c0c-baf4-f197cae88876-139980931965760","trial_id":70,"param_name":"need_ml_0","param_value_internal":0.0,"distribution":"{\"name\": \"IntDistribution\", \"attributes\": {\"log\": false, \"step\": 1, \"low\": 0, \"high\": 1}}"}
{"op_code":5,"worker_id":"f581c9a6-5ea3-4c0c-baf4-f197cae88876-139980931965760","trial_id":70,"param_name":"need_ml_1","param_value_internal":0.0,"distribution":"{\"name\": \"IntDistribution\", \"attributes\": {\"log\": false, \"step\": 1, \"low\": 0, \"high\": 1}}"}
{"op_code":5,"worker_id":"f581c9a6-5ea3-4c0c-baf4-f197cae88876-139980931965760","trial_id":70,"param_name":"need_ml_2","param_value_internal":0.0,"distribution":"{\"name\": \"IntDistribution\", \"attributes\": {\"log\": false, \"step\": 1, \"low\": 0, \"high\": 1}}"}
{"op_code":5,"worker_id":"f581c9a6-5ea3-4c0c-baf4-f197cae88876-139980931965760","trial_id":70,"param_name":"need_label_contains","param_value_internal":0.0,"distribution":"{\"name\": \"IntDistribution\", \"attributes\": {\"log\": false, \"step\": 1, \"low\": 0, \"high\": 1}}"}
{"op_code":5,"worker_id":"f581c9a6-5ea3-4c0c-baf4-f197cae88876-139980931965760","trial_id":70,"param_name":"need_label_eq","param_value_internal":0.0,"distribution":"{\"name\": \"IntDistribution\", \"attributes\": {\"log\": false, \"step\": 1, \"low\": 0, \"high\": 1}}"}
{"op_code":5,"worker_id":"f581c9a6-5ea3-4c0c-baf4-f197cae88876-139980931965760","trial_id":70,"param_name":"need_label_minus","param_value_internal":0.0,"distribution":"{\"name\": \"IntDistribution\", \"attributes\": {\"log\": false, \"step\": 1, \"low\": 0, \"high\": 1}}"}
{"op_code":5,"worker_id":"f581c9a6-5ea3-4c0c-baf4-f197cae88876-139980931965760","trial_id":70,"param_name":"consequence_label","param_value_internal":1,"distribution":"{\"name\": \"CategoricalDistribution\", \"attributes\": {\"choices\": [\"earn\", \"acq\", \"money-fx\", \"grain\", \"crude\", \"trade\", \"interest\", \"ship\", \"wheat\", \"corn\", \"sugar\", \"oilseed\", \"dlr\", \"gnp\", \"coffee\", \"veg-oil\", \"gold\", \"nat-gas\", \"money-supply\", \"livestock\"]}}"}
{"op_code":6,"worker_id":"f581c9a6-5ea3-4c0c-baf4-f197cae88876-139980931965760","trial_id":70,"state":1,"values":[0.0],"datetime_complete":"2026-03-21T20:17:41.003131"}
{"op_code":4,"worker_id":"f581c9a6-5ea3-4c0c-baf4-f197cae88876-139980931965760","study_id":0,"datetime_start":"2026-03-21T20:17:41.003675"}
{"op_code":5,"worker_id":"f581c9a6-5ea3-4c0c-baf4-f197cae88876-139980931965760","trial_id":71,"param_name":"body_size","param_value_internal":1.0,"distribution":"{\"name\": \"IntDistribution\", \"attributes\": {\"log\": false, \"step\": 1, \"low\": 1, \"high\": 4}}"}
{"op_code":5,"worker_id":"f581c9a6-5ea3-4c0c-baf4-f197cae88876-139980931965760","trial_id":71,"param_name":"body_pred_idx_0","param_value_internal":27.0,"distribution":"{\"name\": \"IntDistribution\", \"attributes\": {\"log\": false, \"step\": 1, \"low\": 0, \"high\": 99}}"}
{"op_code":5,"worker_id":"f581c9a6-5ea3-4c0c-baf4-f197cae88876-139980931965760","trial_id":71,"param_name":"need_ml_0","param_value_internal":0.0,"distribution":"{\"name\": \"IntDistribution\", \"attributes\": {\"log\": false, \"step\": 1, \"low\": 0, \"high\": 1}}"}
{"op_code":5,"worker_id":"f581c9a6-5ea3-4c0c-baf4-f197cae88876-139980931965760","trial_id":71,"param_name":"need_ml_1","param_value_internal":0.0,"distribution":"{\"name\": \"IntDistribution\", \"attributes\": {\"log\": false, \"step\": 1, \"low\": 0, \"high\": 1}}"}
{"op_code":5,"worker_id":"f581c9a6-5ea3-4c0c-baf4-f197cae88876-139980931965760","trial_id":71,"param_name":"need_ml_2","param_value_internal":0.0,"distribution":"{\"name\": \"IntDistribution\", \"attributes\": {\"log\": false, \"step\": 1, \"low\": 0, \"high\": 1}}"}
{"op_code":5,"worker_id":"f581c9a6-5ea3-4c0c-baf4-f197cae88876-139980931965760","trial_id":71,"param_name":"need_label_contains","param_value_internal":1.0,"distribution":"{\"name\": \"IntDistribution\", \"attributes\": {\"log\": false, \"step\": 1, \"low\": 0, \"high\": 1}}"}
{"op_code":5,"worker_id":"f581c9a6-5ea3-4c0c-baf4-f197cae88876-139980931965760","trial_id":71,"param_name":"label_contains_tau","param_value_internal":1,"distribution":"{\"name\": \"CategoricalDistribution\", \"attributes\": {\"choices\": [\"earn\", \"acq\", \"money-fx\", \"grain\", \"crude\", \"trade\", \"interest\", \"ship\", \"wheat\", \"corn\", \"sugar\", \"oilseed\", \"dlr\", \"gnp\", \"coffee\", \"veg-oil\", \"gold\", \"nat-gas\", \"money-supply\", \"livestock\"]}}"}
{"op_code":5,"worker_id":"f581c9a6-5ea3-4c0c-baf4-f197cae88876-139980931965760","trial_id":71,"param_name":"need_label_eq","param_value_internal":0.0,"distribution":"{\"name\": \"IntDistribution\", \"attributes\": {\"log\": false, \"step\": 1, \"low\": 0, \"high\": 1}}"}
{"op_code":5,"worker_id":"f581c9a6-5ea3-4c0c-baf4-f197cae88876-139980931965760","trial_id":71,"param_name":"need_label_minus","param_value_internal":0.0,"distribution":"{\"name\": \"IntDistribution\", \"attributes\": {\"log\": false, \"step\": 1, \"low\": 0, \"high\": 1}}"}
{"op_code":5,"worker_id":"f581c9a6-5ea3-4c0c-baf4-f197cae88876-139980931965760","trial_id":71,"param_name":"consequence_label","param_value_internal":3,"distribution":"{\"name\": \"CategoricalDistribution\", \"attributes\": {\"choices\": [\"earn\", \"acq\", \"money-fx\", \"grain\", \"crude\", \"trade\", \"interest\", \"ship\", \"wheat\", \"corn\", \"sugar\", \"oilseed\", \"dlr\", \"gnp\", \"coffee\", \"veg-oil\", \"gold\", \"nat-gas\", \"money-supply\", \"livestock\"]}}"}
{"op_code":6,"worker_id":"f581c9a6-5ea3-4c0c-baf4-f197cae88876-139980931965760","trial_id":71,"state":1,"values":[-1.0],"datetime_complete":"2026-03-21T20:17:41.040054"}
{"op_code":4,"worker_id":"f581c9a6-5ea3-4c0c-baf4-f197cae88876-139980931965760","study_id":0,"datetime_start":"2026-03-21T20:17:41.044106"}
{"op_code":5,"worker_id":"f581c9a6-5ea3-4c0c-baf4-f197cae88876-139980931965760","trial_id":72,"param_name":"body_size","param_value_internal":1.0,"distribution":"{\"name\": \"IntDistribution\", \"attributes\": {\"log\": false, \"step\": 1, \"low\": 1, \"high\": 4}}"}
{"op_code":5,"worker_id":"f581c9a6-5ea3-4c0c-baf4-f197cae88876-139980931965760","trial_id":72,"param_name":"body_pred_idx_0","param_value_internal":44.0,"distribution":"{\"name\": \"IntDistribution\", \"attributes\": {\"log\": false, \"step\": 1, \"low\": 0, \"high\": 99}}"}
{"op_code":5,"worker_id":"f581c9a6-5ea3-4c0c-baf4-f197cae88876-139980931965760","trial_id":72,"param_name":"need_ml_0","param_value_internal":0.0,"distribution":"{\"name\": \"IntDistribution\", \"attributes\": {\"log\": false, \"step\": 1, \"low\": 0, \"high\": 1}}"}
{"op_code":5,"worker_id":"f581c9a6-5ea3-4c0c-baf4-f197cae88876-139980931965760","trial_id":72,"param_name":"need_ml_1","param_value_internal":0.0,"distribution":"{\"name\": \"IntDistribution\", \"attributes\": {\"log\": false, \"step\": 1, \"low\": 0, \"high\": 1}}"}
{"op_code":5,"worker_id":"f581c9a6-5ea3-4c0c-baf4-f197cae88876-139980931965760","trial_id":72,"param_name":"need_ml_2","param_value_internal":0.0,"distribution":"{\"name\": \"IntDistribution\", \"attributes\": {\"log\": false, \"step\": 1, \"low\": 0, \"high\": 1}}"}
{"op_code":5,"worker_id":"f581c9a6-5ea3-4c0c-baf4-f197cae88876-139980931965760","trial_id":72,"param_name":"need_label_contains","param_value_internal":1.0,"distribution":"{\"name\": \"IntDistribution\", \"attributes\": {\"log\": false, \"step\": 1, \"low\": 0, \"high\": 1}}"}
{"op_code":5,"worker_id":"f581c9a6-5ea3-4c0c-baf4-f197cae88876-139980931965760","trial_id":72,"param_name":"label_contains_tau","param_value_internal":0,"distribution":"{\"name\": \"CategoricalDistribution\", \"attributes\": {\"choices\": [\"earn\", \"acq\", \"money-fx\", \"grain\", \"crude\", \"trade\", \"interest\", \"ship\", \"wheat\", \"corn\", \"sugar\", \"oilseed\", \"dlr\", \"gnp\", \"coffee\", \"veg-oil\", \"gold\", \"nat-gas\", \"money-supply\", \"livestock\"]}}"}
{"op_code":5,"worker_id":"f581c9a6-5ea3-4c0c-baf4-f197cae88876-139980931965760","trial_id":72,"param_name":"need_label_eq","param_value_internal":0.0,"distribution":"{\"name\": \"IntDistribution\", \"attributes\": {\"log\": false, \"step\": 1, \"low\": 0, \"high\": 1}}"}
{"op_code":5,"worker_id":"f581c9a6-5ea3-4c0c-baf4-f197cae88876-139980931965760","trial_id":72,"param_name":"need_label_minus","param_value_internal":0.0,"distribution":"{\"name\": \"IntDistribution\", \"attributes\": {\"log\": false, \"step\": 1, \"low\": 0, \"high\": 1}}"}
{"op_code":5,"worker_id":"f581c9a6-5ea3-4c0c-baf4-f197cae88876-139980931965760","trial_id":72,"param_name":"consequence_label","param_value_internal":0,"distribution":"{\"name\": \"CategoricalDistribution\", \"attributes\": {\"choices\": [\"earn\", \"acq\", \"money-fx\", \"grain\", \"crude\", \"trade\", \"interest\", \"ship\", \"wheat\", \"corn\", \"sugar\", \"oilseed\", \"dlr\", \"gnp\", \"coffee\", \"veg-oil\", \"gold\", \"nat-gas\", \"money-supply\", \"livestock\"]}}"}
{"op_code":6,"worker_id":"f581c9a6-5ea3-4c0c-baf4-f197cae88876-139980931965760","trial_id":72,"state":1,"values":[0.030864197530864203],"datetime_complete":"2026-03-21T20:17:41.085622"}
{"op_code":4,"worker_id":"f581c9a6-5ea3-4c0c-baf4-f197cae88876-139980931965760","study_id":0,"datetime_start":"2026-03-21T20:17:41.086283"}
{"op_code":5,"worker_id":"f581c9a6-5ea3-4c0c-baf4-f197cae88876-139980931965760","trial_id":73,"param_name":"body_size","param_value_internal":1.0,"distribution":"{\"name\": \"IntDistribution\", \"attributes\": {\"log\": false, \"step\": 1, \"low\": 1, \"high\": 4}}"}
{"op_code":5,"worker_id":"f581c9a6-5ea3-4c0c-baf4-f197cae88876-139980931965760","trial_id":73,"param_name":"body_pred_idx_0","param_value_internal":63.0,"distribution":"{\"name\": \"IntDistribution\", \"attributes\": {\"log\": false, \"step\": 1, \"low\": 0, \"high\": 99}}"}
{"op_code":5,"worker_id":"f581c9a6-5ea3-4c0c-baf4-f197cae88876-139980931965760","trial_id":73,"param_name":"need_ml_0","param_value_internal":0.0,"distribution":"{\"name\": \"IntDistribution\", \"attributes\": {\"log\": false, \"step\": 1, \"low\": 0, \"high\": 1}}"}
{"op_code":5,"worker_id":"f581c9a6-5ea3-4c0c-baf4-f197cae88876-139980931965760","trial_id":73,"param_name":"need_ml_1","param_value_internal":0.0,"distribution":"{\"name\": \"IntDistribution\", \"attributes\": {\"log\": false, \"step\": 1, \"low\": 0, \"high\": 1}}"}
{"op_code":5,"worker_id":"f581c9a6-5ea3-4c0c-baf4-f197cae88876-139980931965760","trial_id":73,"param_name":"need_ml_2","param_value_internal":0.0,"distribution":"{\"name\": \"IntDistribution\", \"attributes\": {\"log\": false, \"step\": 1, \"low\": 0, \"high\": 1}}"}
{"op_code":5,"worker_id":"f581c9a6-5ea3-4c0c-baf4-f197cae88876-139980931965760","trial_id":73,"param_name":"need_label_contains","param_value_internal":1.0,"distribution":"{\"name\": \"IntDistribution\", \"attributes\": {\"log\": false, \"step\": 1, \"low\": 0, \"high\": 1}}"}
{"op_code":5,"worker_id":"f581c9a6-5ea3-4c0c-baf4-f197cae88876-139980931965760","trial_id":73,"param_name":"label_contains_tau","param_value_internal":15,"distribution":"{\"name\": \"CategoricalDistribution\", \"attributes\": {\"choices\": [\"earn\", \"acq\", \"money-fx\", \"grain\", \"crude\", \"trade\", \"interest\", \"ship\", \"wheat\", \"corn\", \"sugar\", \"oilseed\", \"dlr\", \"gnp\", \"coffee\", \"veg-oil\", \"gold\", \"nat-gas\", \"money-supply\", \"livestock\"]}}"}
{"op_code":5,"worker_id":"f581c9a6-5ea3-4c0c-baf4-f197cae88876-139980931965760","trial_id":73,"param_name":"need_label_eq","param_value_internal":0.0,"distribution":"{\"name\": \"IntDistribution\", \"attributes\": {\"log\": false, \"step\": 1, \"low\": 0, \"high\": 1}}"}
{"op_code":5,"worker_id":"f581c9a6-5ea3-4c0c-baf4-f197cae88876-139980931965760","trial_id":73,"param_name":"need_label_minus","param_value_internal":0.0,"distribution":"{\"name\": \"IntDistribution\", \"attributes\": {\"log\": false, \"step\": 1, \"low\": 0, \"high\": 1}}"}
{"op_code":5,"worker_id":"f581c9a6-5ea3-4c0c-baf4-f197cae88876-139980931965760","trial_id":73,"param_name":"consequence_label","param_value_internal":0,"distribution":"{\"name\": \"CategoricalDistribution\", \"attributes\": {\"choices\": [\"earn\", \"acq\", \"money-fx\", \"grain\", \"crude\", \"trade\", \"interest\", \"ship\", \"wheat\", \"corn\", \"sugar\", \"oilseed\", \"dlr\", \"gnp\", \"coffee\", \"veg-oil\", \"gold\", \"nat-gas\", \"money-supply\", \"livestock\"]}}"}
{"op_code":6,"worker_id":"f581c9a6-5ea3-4c0c-baf4-f197cae88876-139980931965760","trial_id":73,"state":1,"values":[-1.0],"datetime_complete":"2026-03-21T20:17:41.118288"}
{"op_code":4,"worker_id":"f581c9a6-5ea3-4c0c-baf4-f197cae88876-139980931965760","study_id":0,"datetime_start":"2026-03-21T20:17:41.119943"}
{"op_code":5,"worker_id":"f581c9a6-5ea3-4c0c-baf4-f197cae88876-139980931965760","trial_id":74,"param_name":"body_size","param_value_internal":1.0,"distribution":"{\"name\": \"IntDistribution\", \"attributes\": {\"log\": false, \"step\": 1, \"low\": 1, \"high\": 4}}"}
{"op_code":5,"worker_id":"f581c9a6-5ea3-4c0c-baf4-f197cae88876-139980931965760","trial_id":74,"param_name":"body_pred_idx_0","param_value_internal":45.0,"distribution":"{\"name\": \"IntDistribution\", \"attributes\": {\"log\": false, \"step\": 1, \"low\": 0, \"high\": 99}}"}
{"op_code":5,"worker_id":"f581c9a6-5ea3-4c0c-baf4-f197cae88876-139980931965760","trial_id":74,"param_name":"need_ml_0","param_value_internal":0.0,"distribution":"{\"name\": \"IntDistribution\", \"attributes\": {\"log\": false, \"step\": 1, \"low\": 0, \"high\": 1}}"}
{"op_code":5,"worker_id":"f581c9a6-5ea3-4c0c-baf4-f197cae88876-139980931965760","trial_id":74,"param_name":"need_ml_1","param_value_internal":0.0,"distribution":"{\"name\": \"IntDistribution\", \"attributes\": {\"log\": false, \"step\": 1, \"low\": 0, \"high\": 1}}"}
{"op_code":5,"worker_id":"f581c9a6-5ea3-4c0c-baf4-f197cae88876-139980931965760","trial_id":74,"param_name":"need_ml_2","param_value_internal":0.0,"distribution":"{\"name\": \"IntDistribution\", \"attributes\": {\"log\": false, \"step\": 1, \"low\": 0, \"high\": 1}}"}
{"op_code":5,"worker_id":"f581c9a6-5ea3-4c0c-baf4-f197cae88876-139980931965760","trial_id":74,"param_name":"need_label_contains","param_value_internal":1.0,"distribution":"{\"name\": \"IntDistribution\", \"attributes\": {\"log\": false, \"step\": 1, \"low\": 0, \"high\": 1}}"}
{"op_code":5,"worker_id":"f581c9a6-5ea3-4c0c-baf4-f197cae88876-139980931965760","trial_id":74,"param_name":"label_contains_tau","param_value_internal":2,"distribution":"{\"name\": \"CategoricalDistribution\", \"attributes\": {\"choices\": [\"earn\", \"acq\", \"money-fx\", \"grain\", \"crude\", \"trade\", \"interest\", \"ship\", \"wheat\", \"corn\", \"sugar\", \"oilseed\", \"dlr\", \"gnp\", \"coffee\", \"veg-oil\", \"gold\", \"nat-gas\", \"money-supply\", \"livestock\"]}}"}
{"op_code":5,"worker_id":"f581c9a6-5ea3-4c0c-baf4-f197cae88876-139980931965760","trial_id":74,"param_name":"need_label_eq","param_value_internal":0.0,"distribution":"{\"name\": \"IntDistribution\", \"attributes\": {\"log\": false, \"step\": 1, \"low\": 0, \"high\": 1}}"}
{"op_code":5,"worker_id":"f581c9a6-5ea3-4c0c-baf4-f197cae88876-139980931965760","trial_id":74,"param_name":"need_label_minus","param_value_internal":0.0,"distribution":"{\"name\": \"IntDistribution\", \"attributes\": {\"log\": false, \"step\": 1, \"low\": 0, \"high\": 1}}"}
{"op_code":5,"worker_id":"f581c9a6-5ea3-4c0c-baf4-f197cae88876-139980931965760","trial_id":74,"param_name":"consequence_label","param_value_internal":0,"distribution":"{\"name\": \"CategoricalDistribution\", \"attributes\": {\"choices\": [\"earn\", \"acq\", \"money-fx\", \"grain\", \"crude\", \"trade\", \"interest\", \"ship\", \"wheat\", \"corn\", \"sugar\", \"oilseed\", \"dlr\", \"gnp\", \"coffee\", \"veg-oil\", \"gold\", \"nat-gas\", \"money-supply\", \"livestock\"]}}"}
{"op_code":6,"worker_id":"f581c9a6-5ea3-4c0c-baf4-f197cae88876-139980931965760","trial_id":74,"state":1,"values":[-1.0],"datetime_complete":"2026-03-21T20:17:41.153529"}
{"op_code":4,"worker_id":"f581c9a6-5ea3-4c0c-baf4-f197cae88876-139980931965760","study_id":0,"datetime_start":"2026-03-21T20:17:41.154105"}
{"op_code":5,"worker_id":"f581c9a6-5ea3-4c0c-baf4-f197cae88876-139980931965760","trial_id":75,"param_name":"body_size","param_value_internal":1.0,"distribution":"{\"name\": \"IntDistribution\", \"attributes\": {\"log\": false, \"step\": 1, \"low\": 1, \"high\": 4}}"}
{"op_code":5,"worker_id":"f581c9a6-5ea3-4c0c-baf4-f197cae88876-139980931965760","trial_id":75,"param_name":"body_pred_idx_0","param_value_internal":54.0,"distribution":"{\"name\": \"IntDistribution\", \"attributes\": {\"log\": false, \"step\": 1, \"low\": 0, \"high\": 99}}"}
{"op_code":5,"worker_id":"f581c9a6-5ea3-4c0c-baf4-f197cae88876-139980931965760","trial_id":75,"param_name":"need_ml_0","param_value_internal":0.0,"distribution":"{\"name\": \"IntDistribution\", \"attributes\": {\"log\": false, \"step\": 1, \"low\": 0, \"high\": 1}}"}
{"op_code":5,"worker_id":"f581c9a6-5ea3-4c0c-baf4-f197cae88876-139980931965760","trial_id":75,"param_name":"need_ml_1","param_value_internal":0.0,"distribution":"{\"name\": \"IntDistribution\", \"attributes\": {\"log\": false, \"step\": 1, \"low\": 0, \"high\": 1}}"}
{"op_code":5,"worker_id":"f581c9a6-5ea3-4c0c-baf4-f197cae88876-139980931965760","trial_id":75,"param_name":"need_ml_2","param_value_internal":0.0,"distribution":"{\"name\": \"IntDistribution\", \"attributes\": {\"log\": false, \"step\": 1, \"low\": 0, \"high\": 1}}"}
{"op_code":5,"worker_id":"f581c9a6-5ea3-4c0c-baf4-f197cae88876-139980931965760","trial_id":75,"param_name":"need_label_contains","param_value_internal":1.0,"distribution":"{\"name\": \"IntDistribution\", \"attributes\": {\"log\": false, \"step\": 1, \"low\": 0, \"high\": 1}}"}
{"op_code":5,"worker_id":"f581c9a6-5ea3-4c0c-baf4-f197cae88876-139980931965760","trial_id":75,"param_name":"label_contains_tau","param_value_internal":0,"distribution":"{\"name\": \"CategoricalDistribution\", \"attributes\": {\"choices\": [\"earn\", \"acq\", \"money-fx\", \"grain\", \"crude\", \"trade\", \"interest\", \"ship\", \"wheat\", \"corn\", \"sugar\", \"oilseed\", \"dlr\", \"gnp\", \"coffee\", \"veg-oil\", \"gold\", \"nat-gas\", \"money-supply\", \"livestock\"]}}"}
{"op_code":5,"worker_id":"f581c9a6-5ea3-4c0c-baf4-f197cae88876-139980931965760","trial_id":75,"param_name":"need_label_eq","param_value_internal":0.0,"distribution":"{\"name\": \"IntDistribution\", \"attributes\": {\"log\": false, \"step\": 1, \"low\": 0, \"high\": 1}}"}
{"op_code":5,"worker_id":"f581c9a6-5ea3-4c0c-baf4-f197cae88876-139980931965760","trial_id":75,"param_name":"need_label_minus","param_value_internal":0.0,"distribution":"{\"name\": \"IntDistribution\", \"attributes\": {\"log\": false, \"step\": 1, \"low\": 0, \"high\": 1}}"}
{"op_code":5,"worker_id":"f581c9a6-5ea3-4c0c-baf4-f197cae88876-139980931965760","trial_id":75,"param_name":"consequence_label","param_value_internal":2,"distribution":"{\"name\": \"CategoricalDistribution\", \"attributes\": {\"choices\": [\"earn\", \"acq\", \"money-fx\", \"grain\", \"crude\", \"trade\", \"interest\", \"ship\", \"wheat\", \"corn\", \"sugar\", \"oilseed\", \"dlr\", \"gnp\", \"coffee\", \"veg-oil\", \"gold\", \"nat-gas\", \"money-supply\", \"livestock\"]}}"}
{"op_code":6,"worker_id":"f581c9a6-5ea3-4c0c-baf4-f197cae88876-139980931965760","trial_id":75,"state":1,"values":[0.0],"datetime_complete":"2026-03-21T20:17:41.199307"}
{"op_code":4,"worker_id":"f581c9a6-5ea3-4c0c-baf4-f197cae88876-139980931965760","study_id":0,"datetime_start":"2026-03-21T20:17:41.199948"}
{"op_code":5,"worker_id":"f581c9a6-5ea3-4c0c-baf4-f197cae88876-139980931965760","trial_id":76,"param_name":"body_size","param_value_internal":2.0,"distribution":"{\"name\": \"IntDistribution\", \"attributes\": {\"log\": false, \"step\": 1, \"low\": 1, \"high\": 4}}"}
{"op_code":5,"worker_id":"f581c9a6-5ea3-4c0c-baf4-f197cae88876-139980931965760","trial_id":76,"param_name":"body_pred_idx_0","param_value_internal":36.0,"distribution":"{\"name\": \"IntDistribution\", \"attributes\": {\"log\": false, \"step\": 1, \"low\": 0, \"high\": 99}}"}
{"op_code":5,"worker_id":"f581c9a6-5ea3-4c0c-baf4-f197cae88876-139980931965760","trial_id":76,"param_name":"body_pred_idx_1","param_value_internal":52.0,"distribution":"{\"name\": \"IntDistribution\", \"attributes\": {\"log\": false, \"step\": 1, \"low\": 0, \"high\": 99}}"}
{"op_code":5,"worker_id":"f581c9a6-5ea3-4c0c-baf4-f197cae88876-139980931965760","trial_id":76,"param_name":"need_ml_0","param_value_internal":0.0,"distribution":"{\"name\": \"IntDistribution\", \"attributes\": {\"log\": false, \"step\": 1, \"low\": 0, \"high\": 1}}"}
{"op_code":5,"worker_id":"f581c9a6-5ea3-4c0c-baf4-f197cae88876-139980931965760","trial_id":76,"param_name":"need_ml_1","param_value_internal":0.0,"distribution":"{\"name\": \"IntDistribution\", \"attributes\": {\"log\": false, \"step\": 1, \"low\": 0, \"high\": 1}}"}
{"op_code":5,"worker_id":"f581c9a6-5ea3-4c0c-baf4-f197cae88876-139980931965760","trial_id":76,"param_name":"need_ml_2","param_value_internal":0.0,"distribution":"{\"name\": \"IntDistribution\", \"attributes\": {\"log\": false, \"step\": 1, \"low\": 0, \"high\": 1}}"}
{"op_code":5,"worker_id":"f581c9a6-5ea3-4c0c-baf4-f197cae88876-139980931965760","trial_id":76,"param_name":"need_label_contains","param_value_internal":1.0,"distribution":"{\"name\": \"IntDistribution\", \"attributes\": {\"log\": false, \"step\": 1, \"low\": 0, \"high\": 1}}"}
{"op_code":5,"worker_id":"f581c9a6-5ea3-4c0c-baf4-f197cae88876-139980931965760","trial_id":76,"param_name":"label_contains_tau","param_value_internal":11,"distribution":"{\"name\": \"CategoricalDistribution\", \"attributes\": {\"choices\": [\"earn\", \"acq\", \"money-fx\", \"grain\", \"crude\", \"trade\", \"interest\", \"ship\", \"wheat\", \"corn\", \"sugar\", \"oilseed\", \"dlr\", \"gnp\", \"coffee\", \"veg-oil\", \"gold\", \"nat-gas\", \"money-supply\", \"livestock\"]}}"}
{"op_code":5,"worker_id":"f581c9a6-5ea3-4c0c-baf4-f197cae88876-139980931965760","trial_id":76,"param_name":"need_label_eq","param_value_internal":0.0,"distribution":"{\"name\": \"IntDistribution\", \"attributes\": {\"log\": false, \"step\": 1, \"low\": 0, \"high\": 1}}"}
{"op_code":5,"worker_id":"f581c9a6-5ea3-4c0c-baf4-f197cae88876-139980931965760","trial_id":76,"param_name":"need_label_minus","param_value_internal":0.0,"distribution":"{\"name\": \"IntDistribution\", \"attributes\": {\"log\": false, \"step\": 1, \"low\": 0, \"high\": 1}}"}
{"op_code":5,"worker_id":"f581c9a6-5ea3-4c0c-baf4-f197cae88876-139980931965760","trial_id":76,"param_name":"consequence_label","param_value_internal":8,"distribution":"{\"name\": \"CategoricalDistribution\", \"attributes\": {\"choices\": [\"earn\", \"acq\", \"money-fx\", \"grain\", \"crude\", \"trade\", \"interest\", \"ship\", \"wheat\", \"corn\", \"sugar\", \"oilseed\", \"dlr\", \"gnp\", \"coffee\", \"veg-oil\", \"gold\", \"nat-gas\", \"money-supply\", \"livestock\"]}}"}
{"op_code":6,"worker_id":"f581c9a6-5ea3-4c0c-baf4-f197cae88876-139980931965760","trial_id":76,"state":1,"values":[-1.0],"datetime_complete":"2026-03-21T20:17:41.235236"}
{"op_code":4,"worker_id":"f581c9a6-5ea3-4c0c-baf4-f197cae88876-139980931965760","study_id":0,"datetime_start":"2026-03-21T20:17:41.235844"}
{"op_code":5,"worker_id":"f581c9a6-5ea3-4c0c-baf4-f197cae88876-139980931965760","trial_id":77,"param_name":"body_size","param_value_internal":1.0,"distribution":"{\"name\": \"IntDistribution\", \"attributes\": {\"log\": false, \"step\": 1, \"low\": 1, \"high\": 4}}"}
{"op_code":5,"worker_id":"f581c9a6-5ea3-4c0c-baf4-f197cae88876-139980931965760","trial_id":77,"param_name":"body_pred_idx_0","param_value_internal":42.0,"distribution":"{\"name\": \"IntDistribution\", \"attributes\": {\"log\": false, \"step\": 1, \"low\": 0, \"high\": 99}}"}
{"op_code":5,"worker_id":"f581c9a6-5ea3-4c0c-baf4-f197cae88876-139980931965760","trial_id":77,"param_name":"need_ml_0","param_value_internal":0.0,"distribution":"{\"name\": \"IntDistribution\", \"attributes\": {\"log\": false, \"step\": 1, \"low\": 0, \"high\": 1}}"}
{"op_code":5,"worker_id":"f581c9a6-5ea3-4c0c-baf4-f197cae88876-139980931965760","trial_id":77,"param_name":"need_ml_1","param_value_internal":0.0,"distribution":"{\"name\": \"IntDistribution\", \"attributes\": {\"log\": false, \"step\": 1, \"low\": 0, \"high\": 1}}"}
{"op_code":5,"worker_id":"f581c9a6-5ea3-4c0c-baf4-f197cae88876-139980931965760","trial_id":77,"param_name":"need_ml_2","param_value_internal":0.0,"distribution":"{\"name\": \"IntDistribution\", \"attributes\": {\"log\": false, \"step\": 1, \"low\": 0, \"high\": 1}}"}
{"op_code":5,"worker_id":"f581c9a6-5ea3-4c0c-baf4-f197cae88876-139980931965760","trial_id":77,"param_name":"need_label_contains","param_value_internal":1.0,"distribution":"{\"name\": \"IntDistribution\", \"attributes\": {\"log\": false, \"step\": 1, \"low\": 0, \"high\": 1}}"}
{"op_code":5,"worker_id":"f581c9a6-5ea3-4c0c-baf4-f197cae88876-139980931965760","trial_id":77,"param_name":"label_contains_tau","param_value_internal":0,"distribution":"{\"name\": \"CategoricalDistribution\", \"attributes\": {\"choices\": [\"earn\", \"acq\", \"money-fx\", \"grain\", \"crude\", \"trade\", \"interest\", \"ship\", \"wheat\", \"corn\", \"sugar\", \"oilseed\", \"dlr\", \"gnp\", \"coffee\", \"veg-oil\", \"gold\", \"nat-gas\", \"money-supply\", \"livestock\"]}}"}
{"op_code":5,"worker_id":"f581c9a6-5ea3-4c0c-baf4-f197cae88876-139980931965760","trial_id":77,"param_name":"need_label_eq","param_value_internal":0.0,"distribution":"{\"name\": \"IntDistribution\", \"attributes\": {\"log\": false, \"step\": 1, \"low\": 0, \"high\": 1}}"}
{"op_code":5,"worker_id":"f581c9a6-5ea3-4c0c-baf4-f197cae88876-139980931965760","trial_id":77,"param_name":"need_label_minus","param_value_internal":0.0,"distribution":"{\"name\": \"IntDistribution\", \"attributes\": {\"log\": false, \"step\": 1, \"low\": 0, \"high\": 1}}"}
{"op_code":5,"worker_id":"f581c9a6-5ea3-4c0c-baf4-f197cae88876-139980931965760","trial_id":77,"param_name":"consequence_label","param_value_internal":11,"distribution":"{\"name\": \"CategoricalDistribution\", \"attributes\": {\"choices\": [\"earn\", \"acq\", \"money-fx\", \"grain\", \"crude\", \"trade\", \"interest\", \"ship\", \"wheat\", \"corn\", \"sugar\", \"oilseed\", \"dlr\", \"gnp\", \"coffee\", \"veg-oil\", \"gold\", \"nat-gas\", \"money-supply\", \"livestock\"]}}"}
{"op_code":6,"worker_id":"f581c9a6-5ea3-4c0c-baf4-f197cae88876-139980931965760","trial_id":77,"state":1,"values":[0.0],"datetime_complete":"2026-03-21T20:17:41.277687"}
{"op_code":4,"worker_id":"f581c9a6-5ea3-4c0c-baf4-f197cae88876-139980931965760","study_id":0,"datetime_start":"2026-03-21T20:17:41.278387"}
{"op_code":5,"worker_id":"f581c9a6-5ea3-4c0c-baf4-f197cae88876-139980931965760","trial_id":78,"param_name":"body_size","param_value_internal":1.0,"distribution":"{\"name\": \"IntDistribution\", \"attributes\": {\"log\": false, \"step\": 1, \"low\": 1, \"high\": 4}}"}
{"op_code":5,"worker_id":"f581c9a6-5ea3-4c0c-baf4-f197cae88876-139980931965760","trial_id":78,"param_name":"body_pred_idx_0","param_value_internal":48.0,"distribution":"{\"name\": \"IntDistribution\", \"attributes\": {\"log\": false, \"step\": 1, \"low\": 0, \"high\": 99}}"}
{"op_code":5,"worker_id":"f581c9a6-5ea3-4c0c-baf4-f197cae88876-139980931965760","trial_id":78,"param_name":"need_ml_0","param_value_internal":0.0,"distribution":"{\"name\": \"IntDistribution\", \"attributes\": {\"log\": false, \"step\": 1, \"low\": 0, \"high\": 1}}"}
{"op_code":5,"worker_id":"f581c9a6-5ea3-4c0c-baf4-f197cae88876-139980931965760","trial_id":78,"param_name":"need_ml_1","param_value_internal":0.0,"distribution":"{\"name\": \"IntDistribution\", \"attributes\": {\"log\": false, \"step\": 1, \"low\": 0, \"high\": 1}}"}
{"op_code":5,"worker_id":"f581c9a6-5ea3-4c0c-baf4-f197cae88876-139980931965760","trial_id":78,"param_name":"need_ml_2","param_value_internal":0.0,"distribution":"{\"name\": \"IntDistribution\", \"attributes\": {\"log\": false, \"step\": 1, \"low\": 0, \"high\": 1}}"}
{"op_code":5,"worker_id":"f581c9a6-5ea3-4c0c-baf4-f197cae88876-139980931965760","trial_id":78,"param_name":"need_label_contains","param_value_internal":1.0,"distribution":"{\"name\": \"IntDistribution\", \"attributes\": {\"log\": false, \"step\": 1, \"low\": 0, \"high\": 1}}"}
{"op_code":5,"worker_id":"f581c9a6-5ea3-4c0c-baf4-f197cae88876-139980931965760","trial_id":78,"param_name":"label_contains_tau","param_value_internal":0,"distribution":"{\"name\": \"CategoricalDistribution\", \"attributes\": {\"choices\": [\"earn\", \"acq\", \"money-fx\", \"grain\", \"crude\", \"trade\", \"interest\", \"ship\", \"wheat\", \"corn\", \"sugar\", \"oilseed\", \"dlr\", \"gnp\", \"coffee\", \"veg-oil\", \"gold\", \"nat-gas\", \"money-supply\", \"livestock\"]}}"}
{"op_code":5,"worker_id":"f581c9a6-5ea3-4c0c-baf4-f197cae88876-139980931965760","trial_id":78,"param_name":"need_label_eq","param_value_internal":0.0,"distribution":"{\"name\": \"IntDistribution\", \"attributes\": {\"log\": false, \"step\": 1, \"low\": 0, \"high\": 1}}"}
{"op_code":5,"worker_id":"f581c9a6-5ea3-4c0c-baf4-f197cae88876-139980931965760","trial_id":78,"param_name":"need_label_minus","param_value_internal":0.0,"distribution":"{\"name\": \"IntDistribution\", \"attributes\": {\"log\": false, \"step\": 1, \"low\": 0, \"high\": 1}}"}
{"op_code":5,"worker_id":"f581c9a6-5ea3-4c0c-baf4-f197cae88876-139980931965760","trial_id":78,"param_name":"consequence_label","param_value_internal":0,"distribution":"{\"name\": \"CategoricalDistribution\", \"attributes\": {\"choices\": [\"earn\", \"acq\", \"money-fx\", \"grain\", \"crude\", \"trade\", \"interest\", \"ship\", \"wheat\", \"corn\", \"sugar\", \"oilseed\", \"dlr\", \"gnp\", \"coffee\", \"veg-oil\", \"gold\", \"nat-gas\", \"money-supply\", \"livestock\"]}}"}
{"op_code":6,"worker_id":"f581c9a6-5ea3-4c0c-baf4-f197cae88876-139980931965760","trial_id":78,"state":1,"values":[0.019617224880382776],"datetime_complete":"2026-03-21T20:17:41.319105"}
{"op_code":4,"worker_id":"f581c9a6-5ea3-4c0c-baf4-f197cae88876-139980931965760","study_id":0,"datetime_start":"2026-03-21T20:17:41.319766"}
{"op_code":5,"worker_id":"f581c9a6-5ea3-4c0c-baf4-f197cae88876-139980931965760","trial_id":79,"param_name":"body_size","param_value_internal":3.0,"distribution":"{\"name\": \"IntDistribution\", \"attributes\": {\"log\": false, \"step\": 1, \"low\": 1, \"high\": 4}}"}
{"op_code":5,"worker_id":"f581c9a6-5ea3-4c0c-baf4-f197cae88876-139980931965760","trial_id":79,"param_name":"body_pred_idx_0","param_value_internal":51.0,"distribution":"{\"name\": \"IntDistribution\", \"attributes\": {\"log\": false, \"step\": 1, \"low\": 0, \"high\": 99}}"}
{"op_code":5,"worker_id":"f581c9a6-5ea3-4c0c-baf4-f197cae88876-139980931965760","trial_id":79,"param_name":"body_pred_idx_1","param_value_internal":42.0,"distribution":"{\"name\": \"IntDistribution\", \"attributes\": {\"log\": false, \"step\": 1, \"low\": 0, \"high\": 99}}"}
{"op_code":5,"worker_id":"f581c9a6-5ea3-4c0c-baf4-f197cae88876-139980931965760","trial_id":79,"param_name":"body_pred_idx_2","param_value_internal":68.0,"distribution":"{\"name\": \"IntDistribution\", \"attributes\": {\"log\": false, \"step\": 1, \"low\": 0, \"high\": 99}}"}
{"op_code":5,"worker_id":"f581c9a6-5ea3-4c0c-baf4-f197cae88876-139980931965760","trial_id":79,"param_name":"need_ml_0","param_value_internal":0.0,"distribution":"{\"name\": \"IntDistribution\", \"attributes\": {\"log\": false, \"step\": 1, \"low\": 0, \"high\": 1}}"}
{"op_code":5,"worker_id":"f581c9a6-5ea3-4c0c-baf4-f197cae88876-139980931965760","trial_id":79,"param_name":"need_ml_1","param_value_internal":0.0,"distribution":"{\"name\": \"IntDistribution\", \"attributes\": {\"log\": false, \"step\": 1, \"low\": 0, \"high\": 1}}"}
{"op_code":5,"worker_id":"f581c9a6-5ea3-4c0c-baf4-f197cae88876-139980931965760","trial_id":79,"param_name":"need_ml_2","param_value_internal":0.0,"distribution":"{\"name\": \"IntDistribution\", \"attributes\": {\"log\": false, \"step\": 1, \"low\": 0, \"high\": 1}}"}
{"op_code":5,"worker_id":"f581c9a6-5ea3-4c0c-baf4-f197cae88876-139980931965760","trial_id":79,"param_name":"need_label_contains","param_value_internal":1.0,"distribution":"{\"name\": \"IntDistribution\", \"attributes\": {\"log\": false, \"step\": 1, \"low\": 0, \"high\": 1}}"}
{"op_code":5,"worker_id":"f581c9a6-5ea3-4c0c-baf4-f197cae88876-139980931965760","trial_id":79,"param_name":"label_contains_tau","param_value_internal":3,"distribution":"{\"name\": \"CategoricalDistribution\", \"attributes\": {\"choices\": [\"earn\", \"acq\", \"money-fx\", \"grain\", \"crude\", \"trade\", \"interest\", \"ship\", \"wheat\", \"corn\", \"sugar\", \"oilseed\", \"dlr\", \"gnp\", \"coffee\", \"veg-oil\", \"gold\", \"nat-gas\", \"money-supply\", \"livestock\"]}}"}
{"op_code":5,"worker_id":"f581c9a6-5ea3-4c0c-baf4-f197cae88876-139980931965760","trial_id":79,"param_name":"need_label_eq","param_value_internal":0.0,"distribution":"{\"name\": \"IntDistribution\", \"attributes\": {\"log\": false, \"step\": 1, \"low\": 0, \"high\": 1}}"}
{"op_code":5,"worker_id":"f581c9a6-5ea3-4c0c-baf4-f197cae88876-139980931965760","trial_id":79,"param_name":"need_label_minus","param_value_internal":0.0,"distribution":"{\"name\": \"IntDistribution\", \"attributes\": {\"log\": false, \"step\": 1, \"low\": 0, \"high\": 1}}"}
{"op_code":5,"worker_id":"f581c9a6-5ea3-4c0c-baf4-f197cae88876-139980931965760","trial_id":79,"param_name":"consequence_label","param_value_internal":0,"distribution":"{\"name\": \"CategoricalDistribution\", \"attributes\": {\"choices\": [\"earn\", \"acq\", \"money-fx\", \"grain\", \"crude\", \"trade\", \"interest\", \"ship\", \"wheat\", \"corn\", \"sugar\", \"oilseed\", \"dlr\", \"gnp\", \"coffee\", \"veg-oil\", \"gold\", \"nat-gas\", \"money-supply\", \"livestock\"]}}"}
{"op_code":6,"worker_id":"f581c9a6-5ea3-4c0c-baf4-f197cae88876-139980931965760","trial_id":79,"state":1,"values":[-1.0],"datetime_complete":"2026-03-21T20:17:41.373116"}
{"op_code":4,"worker_id":"f581c9a6-5ea3-4c0c-baf4-f197cae88876-139980931965760","study_id":0,"datetime_start":"2026-03-21T20:17:41.373750"}
{"op_code":5,"worker_id":"f581c9a6-5ea3-4c0c-baf4-f197cae88876-139980931965760","trial_id":80,"param_name":"body_size","param_value_internal":1.0,"distribution":"{\"name\": \"IntDistribution\", \"attributes\": {\"log\": false, \"step\": 1, \"low\": 1, \"high\": 4}}"}
{"op_code":5,"worker_id":"f581c9a6-5ea3-4c0c-baf4-f197cae88876-139980931965760","trial_id":80,"param_name":"body_pred_idx_0","param_value_internal":58.0,"distribution":"{\"name\": \"IntDistribution\", \"attributes\": {\"log\": false, \"step\": 1, \"low\": 0, \"high\": 99}}"}
{"op_code":5,"worker_id":"f581c9a6-5ea3-4c0c-baf4-f197cae88876-139980931965760","trial_id":80,"param_name":"need_ml_0","param_value_internal":0.0,"distribution":"{\"name\": \"IntDistribution\", \"attributes\": {\"log\": false, \"step\": 1, \"low\": 0, \"high\": 1}}"}
{"op_code":5,"worker_id":"f581c9a6-5ea3-4c0c-baf4-f197cae88876-139980931965760","trial_id":80,"param_name":"need_ml_1","param_value_internal":0.0,"distribution":"{\"name\": \"IntDistribution\", \"attributes\": {\"log\": false, \"step\": 1, \"low\": 0, \"high\": 1}}"}
{"op_code":5,"worker_id":"f581c9a6-5ea3-4c0c-baf4-f197cae88876-139980931965760","trial_id":80,"param_name":"need_ml_2","param_value_internal":0.0,"distribution":"{\"name\": \"IntDistribution\", \"attributes\": {\"log\": false, \"step\": 1, \"low\": 0, \"high\": 1}}"}
{"op_code":5,"worker_id":"f581c9a6-5ea3-4c0c-baf4-f197cae88876-139980931965760","trial_id":80,"param_name":"need_label_contains","param_value_internal":0.0,"distribution":"{\"name\": \"IntDistribution\", \"attributes\": {\"log\": false, \"step\": 1, \"low\": 0, \"high\": 1}}"}
{"op_code":5,"worker_id":"f581c9a6-5ea3-4c0c-baf4-f197cae88876-139980931965760","trial_id":80,"param_name":"need_label_eq","param_value_internal":0.0,"distribution":"{\"name\": \"IntDistribution\", \"attributes\": {\"log\": false, \"step\": 1, \"low\": 0, \"high\": 1}}"}
{"op_code":5,"worker_id":"f581c9a6-5ea3-4c0c-baf4-f197cae88876-139980931965760","trial_id":80,"param_name":"need_label_minus","param_value_internal":0.0,"distribution":"{\"name\": \"IntDistribution\", \"attributes\": {\"log\": false, \"step\": 1, \"low\": 0, \"high\": 1}}"}
{"op_code":5,"worker_id":"f581c9a6-5ea3-4c0c-baf4-f197cae88876-139980931965760","trial_id":80,"param_name":"consequence_label","param_value_internal":0,"distribution":"{\"name\": \"CategoricalDistribution\", \"attributes\": {\"choices\": [\"earn\", \"acq\", \"money-fx\", \"grain\", \"crude\", \"trade\", \"interest\", \"ship\", \"wheat\", \"corn\", \"sugar\", \"oilseed\", \"dlr\", \"gnp\", \"coffee\", \"veg-oil\", \"gold\", \"nat-gas\", \"money-supply\", \"livestock\"]}}"}
{"op_code":6,"worker_id":"f581c9a6-5ea3-4c0c-baf4-f197cae88876-139980931965760","trial_id":80,"state":1,"values":[0.015577889447236181],"datetime_complete":"2026-03-21T20:17:41.414854"}
{"op_code":4,"worker_id":"f581c9a6-5ea3-4c0c-baf4-f197cae88876-139980931965760","study_id":0,"datetime_start":"2026-03-21T20:17:41.415555"}
{"op_code":5,"worker_id":"f581c9a6-5ea3-4c0c-baf4-f197cae88876-139980931965760","trial_id":81,"param_name":"body_size","param_value_internal":1.0,"distribution":"{\"name\": \"IntDistribution\", \"attributes\": {\"log\": false, \"step\": 1, \"low\": 1, \"high\": 4}}"}
{"op_code":5,"worker_id":"f581c9a6-5ea3-4c0c-baf4-f197cae88876-139980931965760","trial_id":81,"param_name":"body_pred_idx_0","param_value_internal":63.0,"distribution":"{\"name\": \"IntDistribution\", \"attributes\": {\"log\": false, \"step\": 1, \"low\": 0, \"high\": 99}}"}
{"op_code":5,"worker_id":"f581c9a6-5ea3-4c0c-baf4-f197cae88876-139980931965760","trial_id":81,"param_name":"need_ml_0","param_value_internal":0.0,"distribution":"{\"name\": \"IntDistribution\", \"attributes\": {\"log\": false, \"step\": 1, \"low\": 0, \"high\": 1}}"}
{"op_code":5,"worker_id":"f581c9a6-5ea3-4c0c-baf4-f197cae88876-139980931965760","trial_id":81,"param_name":"need_ml_1","param_value_internal":0.0,"distribution":"{\"name\": \"IntDistribution\", \"attributes\": {\"log\": false, \"step\": 1, \"low\": 0, \"high\": 1}}"}
{"op_code":5,"worker_id":"f581c9a6-5ea3-4c0c-baf4-f197cae88876-139980931965760","trial_id":81,"param_name":"need_ml_2","param_value_internal":0.0,"distribution":"{\"name\": \"IntDistribution\", \"attributes\": {\"log\": false, \"step\": 1, \"low\": 0, \"high\": 1}}"}
{"op_code":5,"worker_id":"f581c9a6-5ea3-4c0c-baf4-f197cae88876-139980931965760","trial_id":81,"param_name":"need_label_contains","param_value_internal":0.0,"distribution":"{\"name\": \"IntDistribution\", \"attributes\": {\"log\": false, \"step\": 1, \"low\": 0, \"high\": 1}}"}
{"op_code":5,"worker_id":"f581c9a6-5ea3-4c0c-baf4-f197cae88876-139980931965760","trial_id":81,"param_name":"need_label_eq","param_value_internal":0.0,"distribution":"{\"name\": \"IntDistribution\", \"attributes\": {\"log\": false, \"step\": 1, \"low\": 0, \"high\": 1}}"}
{"op_code":5,"worker_id":"f581c9a6-5ea3-4c0c-baf4-f197cae88876-139980931965760","trial_id":81,"param_name":"need_label_minus","param_value_internal":0.0,"distribution":"{\"name\": \"IntDistribution\", \"attributes\": {\"log\": false, \"step\": 1, \"low\": 0, \"high\": 1}}"}
{"op_code":5,"worker_id":"f581c9a6-5ea3-4c0c-baf4-f197cae88876-139980931965760","trial_id":81,"param_name":"consequence_label","param_value_internal":0,"distribution":"{\"name\": \"CategoricalDistribution\", \"attributes\": {\"choices\": [\"earn\", \"acq\", \"money-fx\", \"grain\", \"crude\", \"trade\", \"interest\", \"ship\", \"wheat\", \"corn\", \"sugar\", \"oilseed\", \"dlr\", \"gnp\", \"coffee\", \"veg-oil\", \"gold\", \"nat-gas\", \"money-supply\", \"livestock\"]}}"}
{"op_code":6,"worker_id":"f581c9a6-5ea3-4c0c-baf4-f197cae88876-139980931965760","trial_id":81,"state":1,"values":[0.027896995708154508],"datetime_complete":"2026-03-21T20:17:41.450656"}
{"op_code":4,"worker_id":"f581c9a6-5ea3-4c0c-baf4-f197cae88876-139980931965760","study_id":0,"datetime_start":"2026-03-21T20:17:41.451234"}
{"op_code":5,"worker_id":"f581c9a6-5ea3-4c0c-baf4-f197cae88876-139980931965760","trial_id":82,"param_name":"body_size","param_value_internal":1.0,"distribution":"{\"name\": \"IntDistribution\", \"attributes\": {\"log\": false, \"step\": 1, \"low\": 1, \"high\": 4}}"}
{"op_code":5,"worker_id":"f581c9a6-5ea3-4c0c-baf4-f197cae88876-139980931965760","trial_id":82,"param_name":"body_pred_idx_0","param_value_internal":74.0,"distribution":"{\"name\": \"IntDistribution\", \"attributes\": {\"log\": false, \"step\": 1, \"low\": 0, \"high\": 99}}"}
{"op_code":5,"worker_id":"f581c9a6-5ea3-4c0c-baf4-f197cae88876-139980931965760","trial_id":82,"param_name":"need_ml_0","param_value_internal":0.0,"distribution":"{\"name\": \"IntDistribution\", \"attributes\": {\"log\": false, \"step\": 1, \"low\": 0, \"high\": 1}}"}
{"op_code":5,"worker_id":"f581c9a6-5ea3-4c0c-baf4-f197cae88876-139980931965760","trial_id":82,"param_name":"need_ml_1","param_value_internal":0.0,"distribution":"{\"name\": \"IntDistribution\", \"attributes\": {\"log\": false, \"step\": 1, \"low\": 0, \"high\": 1}}"}
{"op_code":5,"worker_id":"f581c9a6-5ea3-4c0c-baf4-f197cae88876-139980931965760","trial_id":82,"param_name":"need_ml_2","param_value_internal":0.0,"distribution":"{\"name\": \"IntDistribution\", \"attributes\": {\"log\": false, \"step\": 1, \"low\": 0, \"high\": 1}}"}
{"op_code":5,"worker_id":"f581c9a6-5ea3-4c0c-baf4-f197cae88876-139980931965760","trial_id":82,"param_name":"need_label_contains","param_value_internal":0.0,"distribution":"{\"name\": \"IntDistribution\", \"attributes\": {\"log\": false, \"step\": 1, \"low\": 0, \"high\": 1}}"}
{"op_code":5,"worker_id":"f581c9a6-5ea3-4c0c-baf4-f197cae88876-139980931965760","trial_id":82,"param_name":"need_label_eq","param_value_internal":0.0,"distribution":"{\"name\": \"IntDistribution\", \"attributes\": {\"log\": false, \"step\": 1, \"low\": 0, \"high\": 1}}"}
{"op_code":5,"worker_id":"f581c9a6-5ea3-4c0c-baf4-f197cae88876-139980931965760","trial_id":82,"param_name":"need_label_minus","param_value_internal":0.0,"distribution":"{\"name\": \"IntDistribution\", \"attributes\": {\"log\": false, \"step\": 1, \"low\": 0, \"high\": 1}}"}
{"op_code":5,"worker_id":"f581c9a6-5ea3-4c0c-baf4-f197cae88876-139980931965760","trial_id":82,"param_name":"consequence_label","param_value_internal":0,"distribution":"{\"name\": \"CategoricalDistribution\", \"attributes\": {\"choices\": [\"earn\", \"acq\", \"money-fx\", \"grain\", \"crude\", \"trade\", \"interest\", \"ship\", \"wheat\", \"corn\", \"sugar\", \"oilseed\", \"dlr\", \"gnp\", \"coffee\", \"veg-oil\", \"gold\", \"nat-gas\", \"money-supply\", \"livestock\"]}}"}
{"op_code":6,"worker_id":"f581c9a6-5ea3-4c0c-baf4-f197cae88876-139980931965760","trial_id":82,"state":1,"values":[0.004545454545454545],"datetime_complete":"2026-03-21T20:17:41.492070"}
{"op_code":4,"worker_id":"f581c9a6-5ea3-4c0c-baf4-f197cae88876-139980931965760","study_id":0,"datetime_start":"2026-03-21T20:17:41.492815"}
{"op_code":5,"worker_id":"f581c9a6-5ea3-4c0c-baf4-f197cae88876-139980931965760","trial_id":83,"param_name":"body_size","param_value_internal":1.0,"distribution":"{\"name\": \"IntDistribution\", \"attributes\": {\"log\": false, \"step\": 1, \"low\": 1, \"high\": 4}}"}
{"op_code":5,"worker_id":"f581c9a6-5ea3-4c0c-baf4-f197cae88876-139980931965760","trial_id":83,"param_name":"body_pred_idx_0","param_value_internal":76.0,"distribution":"{\"name\": \"IntDistribution\", \"attributes\": {\"log\": false, \"step\": 1, \"low\": 0, \"high\": 99}}"}
{"op_code":5,"worker_id":"f581c9a6-5ea3-4c0c-baf4-f197cae88876-139980931965760","trial_id":83,"param_name":"need_ml_0","param_value_internal":0.0,"distribution":"{\"name\": \"IntDistribution\", \"attributes\": {\"log\": false, \"step\": 1, \"low\": 0, \"high\": 1}}"}
{"op_code":5,"worker_id":"f581c9a6-5ea3-4c0c-baf4-f197cae88876-139980931965760","trial_id":83,"param_name":"need_ml_1","param_value_internal":0.0,"distribution":"{\"name\": \"IntDistribution\", \"attributes\": {\"log\": false, \"step\": 1, \"low\": 0, \"high\": 1}}"}
{"op_code":5,"worker_id":"f581c9a6-5ea3-4c0c-baf4-f197cae88876-139980931965760","trial_id":83,"param_name":"need_ml_2","param_value_internal":0.0,"distribution":"{\"name\": \"IntDistribution\", \"attributes\": {\"log\": false, \"step\": 1, \"low\": 0, \"high\": 1}}"}
{"op_code":5,"worker_id":"f581c9a6-5ea3-4c0c-baf4-f197cae88876-139980931965760","trial_id":83,"param_name":"need_label_contains","param_value_internal":0.0,"distribution":"{\"name\": \"IntDistribution\", \"attributes\": {\"log\": false, \"step\": 1, \"low\": 0, \"high\": 1}}"}
{"op_code":5,"worker_id":"f581c9a6-5ea3-4c0c-baf4-f197cae88876-139980931965760","trial_id":83,"param_name":"need_label_eq","param_value_internal":0.0,"distribution":"{\"name\": \"IntDistribution\", \"attributes\": {\"log\": false, \"step\": 1, \"low\": 0, \"high\": 1}}"}
{"op_code":5,"worker_id":"f581c9a6-5ea3-4c0c-baf4-f197cae88876-139980931965760","trial_id":83,"param_name":"need_label_minus","param_value_internal":0.0,"distribution":"{\"name\": \"IntDistribution\", \"attributes\": {\"log\": false, \"step\": 1, \"low\": 0, \"high\": 1}}"}
{"op_code":5,"worker_id":"f581c9a6-5ea3-4c0c-baf4-f197cae88876-139980931965760","trial_id":83,"param_name":"consequence_label","param_value_internal":0,"distribution":"{\"name\": \"CategoricalDistribution\", \"attributes\": {\"choices\": [\"earn\", \"acq\", \"money-fx\", \"grain\", \"crude\", \"trade\", \"interest\", \"ship\", \"wheat\", \"corn\", \"sugar\", \"oilseed\", \"dlr\", \"gnp\", \"coffee\", \"veg-oil\", \"gold\", \"nat-gas\", \"money-supply\", \"livestock\"]}}"}
{"op_code":6,"worker_id":"f581c9a6-5ea3-4c0c-baf4-f197cae88876-139980931965760","trial_id":83,"state":1,"values":[0.026637554585152833],"datetime_complete":"2026-03-21T20:17:41.527731"}
{"op_code":4,"worker_id":"f581c9a6-5ea3-4c0c-baf4-f197cae88876-139980931965760","study_id":0,"datetime_start":"2026-03-21T20:17:41.528370"}
{"op_code":5,"worker_id":"f581c9a6-5ea3-4c0c-baf4-f197cae88876-139980931965760","trial_id":84,"param_name":"body_size","param_value_internal":1.0,"distribution":"{\"name\": \"IntDistribution\", \"attributes\": {\"log\": false, \"step\": 1, \"low\": 1, \"high\": 4}}"}
{"op_code":5,"worker_id":"f581c9a6-5ea3-4c0c-baf4-f197cae88876-139980931965760","trial_id":84,"param_name":"body_pred_idx_0","param_value_internal":73.0,"distribution":"{\"name\": \"IntDistribution\", \"attributes\": {\"log\": false, \"step\": 1, \"low\": 0, \"high\": 99}}"}
{"op_code":5,"worker_id":"f581c9a6-5ea3-4c0c-baf4-f197cae88876-139980931965760","trial_id":84,"param_name":"need_ml_0","param_value_internal":0.0,"distribution":"{\"name\": \"IntDistribution\", \"attributes\": {\"log\": false, \"step\": 1, \"low\": 0, \"high\": 1}}"}
{"op_code":5,"worker_id":"f581c9a6-5ea3-4c0c-baf4-f197cae88876-139980931965760","trial_id":84,"param_name":"need_ml_1","param_value_internal":0.0,"distribution":"{\"name\": \"IntDistribution\", \"attributes\": {\"log\": false, \"step\": 1, \"low\": 0, \"high\": 1}}"}
{"op_code":5,"worker_id":"f581c9a6-5ea3-4c0c-baf4-f197cae88876-139980931965760","trial_id":84,"param_name":"need_ml_2","param_value_internal":0.0,"distribution":"{\"name\": \"IntDistribution\", \"attributes\": {\"log\": false, \"step\": 1, \"low\": 0, \"high\": 1}}"}
{"op_code":5,"worker_id":"f581c9a6-5ea3-4c0c-baf4-f197cae88876-139980931965760","trial_id":84,"param_name":"need_label_contains","param_value_internal":0.0,"distribution":"{\"name\": \"IntDistribution\", \"attributes\": {\"log\": false, \"step\": 1, \"low\": 0, \"high\": 1}}"}
{"op_code":5,"worker_id":"f581c9a6-5ea3-4c0c-baf4-f197cae88876-139980931965760","trial_id":84,"param_name":"need_label_eq","param_value_internal":0.0,"distribution":"{\"name\": \"IntDistribution\", \"attributes\": {\"log\": false, \"step\": 1, \"low\": 0, \"high\": 1}}"}
{"op_code":5,"worker_id":"f581c9a6-5ea3-4c0c-baf4-f197cae88876-139980931965760","trial_id":84,"param_name":"need_label_minus","param_value_internal":0.0,"distribution":"{\"name\": \"IntDistribution\", \"attributes\": {\"log\": false, \"step\": 1, \"low\": 0, \"high\": 1}}"}
{"op_code":5,"worker_id":"f581c9a6-5ea3-4c0c-baf4-f197cae88876-139980931965760","trial_id":84,"param_name":"consequence_label","param_value_internal":0,"distribution":"{\"name\": \"CategoricalDistribution\", \"attributes\": {\"choices\": [\"earn\", \"acq\", \"money-fx\", \"grain\", \"crude\", \"trade\", \"interest\", \"ship\", \"wheat\", \"corn\", \"sugar\", \"oilseed\", \"dlr\", \"gnp\", \"coffee\", \"veg-oil\", \"gold\", \"nat-gas\", \"money-supply\", \"livestock\"]}}"}
{"op_code":6,"worker_id":"f581c9a6-5ea3-4c0c-baf4-f197cae88876-139980931965760","trial_id":84,"state":1,"values":[0.005084745762711864],"datetime_complete":"2026-03-21T20:17:41.566707"}
{"op_code":4,"worker_id":"f581c9a6-5ea3-4c0c-baf4-f197cae88876-139980931965760","study_id":0,"datetime_start":"2026-03-21T20:17:41.567672"}
{"op_code":5,"worker_id":"f581c9a6-5ea3-4c0c-baf4-f197cae88876-139980931965760","trial_id":85,"param_name":"body_size","param_value_internal":1.0,"distribution":"{\"name\": \"IntDistribution\", \"attributes\": {\"log\": false, \"step\": 1, \"low\": 1, \"high\": 4}}"}
{"op_code":5,"worker_id":"f581c9a6-5ea3-4c0c-baf4-f197cae88876-139980931965760","trial_id":85,"param_name":"body_pred_idx_0","param_value_internal":76.0,"distribution":"{\"name\": \"IntDistribution\", \"attributes\": {\"log\": false, \"step\": 1, \"low\": 0, \"high\": 99}}"}
{"op_code":5,"worker_id":"f581c9a6-5ea3-4c0c-baf4-f197cae88876-139980931965760","trial_id":85,"param_name":"need_ml_0","param_value_internal":0.0,"distribution":"{\"name\": \"IntDistribution\", \"attributes\": {\"log\": false, \"step\": 1, \"low\": 0, \"high\": 1}}"}
{"op_code":5,"worker_id":"f581c9a6-5ea3-4c0c-baf4-f197cae88876-139980931965760","trial_id":85,"param_name":"need_ml_1","param_value_internal":0.0,"distribution":"{\"name\": \"IntDistribution\", \"attributes\": {\"log\": false, \"step\": 1, \"low\": 0, \"high\": 1}}"}
{"op_code":5,"worker_id":"f581c9a6-5ea3-4c0c-baf4-f197cae88876-139980931965760","trial_id":85,"param_name":"need_ml_2","param_value_internal":0.0,"distribution":"{\"name\": \"IntDistribution\", \"attributes\": {\"log\": false, \"step\": 1, \"low\": 0, \"high\": 1}}"}
{"op_code":5,"worker_id":"f581c9a6-5ea3-4c0c-baf4-f197cae88876-139980931965760","trial_id":85,"param_name":"need_label_contains","param_value_internal":0.0,"distribution":"{\"name\": \"IntDistribution\", \"attributes\": {\"log\": false, \"step\": 1, \"low\": 0, \"high\": 1}}"}
{"op_code":5,"worker_id":"f581c9a6-5ea3-4c0c-baf4-f197cae88876-139980931965760","trial_id":85,"param_name":"need_label_eq","param_value_internal":0.0,"distribution":"{\"name\": \"IntDistribution\", \"attributes\": {\"log\": false, \"step\": 1, \"low\": 0, \"high\": 1}}"}
{"op_code":5,"worker_id":"f581c9a6-5ea3-4c0c-baf4-f197cae88876-139980931965760","trial_id":85,"param_name":"need_label_minus","param_value_internal":0.0,"distribution":"{\"name\": \"IntDistribution\", \"attributes\": {\"log\": false, \"step\": 1, \"low\": 0, \"high\": 1}}"}
{"op_code":5,"worker_id":"f581c9a6-5ea3-4c0c-baf4-f197cae88876-139980931965760","trial_id":85,"param_name":"consequence_label","param_value_internal":0,"distribution":"{\"name\": \"CategoricalDistribution\", \"attributes\": {\"choices\": [\"earn\", \"acq\", \"money-fx\", \"grain\", \"crude\", \"trade\", \"interest\", \"ship\", \"wheat\", \"corn\", \"sugar\", \"oilseed\", \"dlr\", \"gnp\", \"coffee\", \"veg-oil\", \"gold\", \"nat-gas\", \"money-supply\", \"livestock\"]}}"}
{"op_code":6,"worker_id":"f581c9a6-5ea3-4c0c-baf4-f197cae88876-139980931965760","trial_id":85,"state":1,"values":[0.026637554585152833],"datetime_complete":"2026-03-21T20:17:41.618572"}
{"op_code":4,"worker_id":"f581c9a6-5ea3-4c0c-baf4-f197cae88876-139980931965760","study_id":0,"datetime_start":"2026-03-21T20:17:41.619238"}
{"op_code":5,"worker_id":"f581c9a6-5ea3-4c0c-baf4-f197cae88876-139980931965760","trial_id":86,"param_name":"body_size","param_value_internal":1.0,"distribution":"{\"name\": \"IntDistribution\", \"attributes\": {\"log\": false, \"step\": 1, \"low\": 1, \"high\": 4}}"}
{"op_code":5,"worker_id":"f581c9a6-5ea3-4c0c-baf4-f197cae88876-139980931965760","trial_id":86,"param_name":"body_pred_idx_0","param_value_internal":77.0,"distribution":"{\"name\": \"IntDistribution\", \"attributes\": {\"log\": false, \"step\": 1, \"low\": 0, \"high\": 99}}"}
{"op_code":5,"worker_id":"f581c9a6-5ea3-4c0c-baf4-f197cae88876-139980931965760","trial_id":86,"param_name":"need_ml_0","param_value_internal":0.0,"distribution":"{\"name\": \"IntDistribution\", \"attributes\": {\"log\": false, \"step\": 1, \"low\": 0, \"high\": 1}}"}
{"op_code":5,"worker_id":"f581c9a6-5ea3-4c0c-baf4-f197cae88876-139980931965760","trial_id":86,"param_name":"need_ml_1","param_value_internal":0.0,"distribution":"{\"name\": \"IntDistribution\", \"attributes\": {\"log\": false, \"step\": 1, \"low\": 0, \"high\": 1}}"}
{"op_code":5,"worker_id":"f581c9a6-5ea3-4c0c-baf4-f197cae88876-139980931965760","trial_id":86,"param_name":"need_ml_2","param_value_internal":0.0,"distribution":"{\"name\": \"IntDistribution\", \"attributes\": {\"log\": false, \"step\": 1, \"low\": 0, \"high\": 1}}"}
{"op_code":5,"worker_id":"f581c9a6-5ea3-4c0c-baf4-f197cae88876-139980931965760","trial_id":86,"param_name":"need_label_contains","param_value_internal":0.0,"distribution":"{\"name\": \"IntDistribution\", \"attributes\": {\"log\": false, \"step\": 1, \"low\": 0, \"high\": 1}}"}
{"op_code":5,"worker_id":"f581c9a6-5ea3-4c0c-baf4-f197cae88876-139980931965760","trial_id":86,"param_name":"need_label_eq","param_value_internal":0.0,"distribution":"{\"name\": \"IntDistribution\", \"attributes\": {\"log\": false, \"step\": 1, \"low\": 0, \"high\": 1}}"}
{"op_code":5,"worker_id":"f581c9a6-5ea3-4c0c-baf4-f197cae88876-139980931965760","trial_id":86,"param_name":"need_label_minus","param_value_internal":0.0,"distribution":"{\"name\": \"IntDistribution\", \"attributes\": {\"log\": false, \"step\": 1, \"low\": 0, \"high\": 1}}"}
{"op_code":5,"worker_id":"f581c9a6-5ea3-4c0c-baf4-f197cae88876-139980931965760","trial_id":86,"param_name":"consequence_label","param_value_internal":0,"distribution":"{\"name\": \"CategoricalDistribution\", \"attributes\": {\"choices\": [\"earn\", \"acq\", \"money-fx\", \"grain\", \"crude\", \"trade\", \"interest\", \"ship\", \"wheat\", \"corn\", \"sugar\", \"oilseed\", \"dlr\", \"gnp\", \"coffee\", \"veg-oil\", \"gold\", \"nat-gas\", \"money-supply\", \"livestock\"]}}"}
{"op_code":6,"worker_id":"f581c9a6-5ea3-4c0c-baf4-f197cae88876-139980931965760","trial_id":86,"state":1,"values":[0.025991189427312773],"datetime_complete":"2026-03-21T20:17:41.655747"}
{"op_code":4,"worker_id":"f581c9a6-5ea3-4c0c-baf4-f197cae88876-139980931965760","study_id":0,"datetime_start":"2026-03-21T20:17:41.656418"}
{"op_code":5,"worker_id":"f581c9a6-5ea3-4c0c-baf4-f197cae88876-139980931965760","trial_id":87,"param_name":"body_size","param_value_internal":1.0,"distribution":"{\"name\": \"IntDistribution\", \"attributes\": {\"log\": false, \"step\": 1, \"low\": 1, \"high\": 4}}"}
{"op_code":5,"worker_id":"f581c9a6-5ea3-4c0c-baf4-f197cae88876-139980931965760","trial_id":87,"param_name":"body_pred_idx_0","param_value_internal":78.0,"distribution":"{\"name\": \"IntDistribution\", \"attributes\": {\"log\": false, \"step\": 1, \"low\": 0, \"high\": 99}}"}
{"op_code":5,"worker_id":"f581c9a6-5ea3-4c0c-baf4-f197cae88876-139980931965760","trial_id":87,"param_name":"need_ml_0","param_value_internal":0.0,"distribution":"{\"name\": \"IntDistribution\", \"attributes\": {\"log\": false, \"step\": 1, \"low\": 0, \"high\": 1}}"}
{"op_code":5,"worker_id":"f581c9a6-5ea3-4c0c-baf4-f197cae88876-139980931965760","trial_id":87,"param_name":"need_ml_1","param_value_internal":0.0,"distribution":"{\"name\": \"IntDistribution\", \"attributes\": {\"log\": false, \"step\": 1, \"low\": 0, \"high\": 1}}"}
{"op_code":5,"worker_id":"f581c9a6-5ea3-4c0c-baf4-f197cae88876-139980931965760","trial_id":87,"param_name":"need_ml_2","param_value_internal":0.0,"distribution":"{\"name\": \"IntDistribution\", \"attributes\": {\"log\": false, \"step\": 1, \"low\": 0, \"high\": 1}}"}
{"op_code":5,"worker_id":"f581c9a6-5ea3-4c0c-baf4-f197cae88876-139980931965760","trial_id":87,"param_name":"need_label_contains","param_value_internal":0.0,"distribution":"{\"name\": \"IntDistribution\", \"attributes\": {\"log\": false, \"step\": 1, \"low\": 0, \"high\": 1}}"}
{"op_code":5,"worker_id":"f581c9a6-5ea3-4c0c-baf4-f197cae88876-139980931965760","trial_id":87,"param_name":"need_label_eq","param_value_internal":0.0,"distribution":"{\"name\": \"IntDistribution\", \"attributes\": {\"log\": false, \"step\": 1, \"low\": 0, \"high\": 1}}"}
{"op_code":5,"worker_id":"f581c9a6-5ea3-4c0c-baf4-f197cae88876-139980931965760","trial_id":87,"param_name":"need_label_minus","param_value_internal":0.0,"distribution":"{\"name\": \"IntDistribution\", \"attributes\": {\"log\": false, \"step\": 1, \"low\": 0, \"high\": 1}}"}
{"op_code":5,"worker_id":"f581c9a6-5ea3-4c0c-baf4-f197cae88876-139980931965760","trial_id":87,"param_name":"consequence_label","param_value_internal":0,"distribution":"{\"name\": \"CategoricalDistribution\", \"attributes\": {\"choices\": [\"earn\", \"acq\", \"money-fx\", \"grain\", \"crude\", \"trade\", \"interest\", \"ship\", \"wheat\", \"corn\", \"sugar\", \"oilseed\", \"dlr\", \"gnp\", \"coffee\", \"veg-oil\", \"gold\", \"nat-gas\", \"money-supply\", \"livestock\"]}}"}
{"op_code":6,"worker_id":"f581c9a6-5ea3-4c0c-baf4-f197cae88876-139980931965760","trial_id":87,"state":1,"values":[0.02],"datetime_complete":"2026-03-21T20:17:41.691412"}
{"op_code":4,"worker_id":"f581c9a6-5ea3-4c0c-baf4-f197cae88876-139980931965760","study_id":0,"datetime_start":"2026-03-21T20:17:41.692018"}
{"op_code":5,"worker_id":"f581c9a6-5ea3-4c0c-baf4-f197cae88876-139980931965760","trial_id":88,"param_name":"body_size","param_value_internal":1.0,"distribution":"{\"name\": \"IntDistribution\", \"attributes\": {\"log\": false, \"step\": 1, \"low\": 1, \"high\": 4}}"}
{"op_code":5,"worker_id":"f581c9a6-5ea3-4c0c-baf4-f197cae88876-139980931965760","trial_id":88,"param_name":"body_pred_idx_0","param_value_internal":78.0,"distribution":"{\"name\": \"IntDistribution\", \"attributes\": {\"log\": false, \"step\": 1, \"low\": 0, \"high\": 99}}"}
{"op_code":5,"worker_id":"f581c9a6-5ea3-4c0c-baf4-f197cae88876-139980931965760","trial_id":88,"param_name":"need_ml_0","param_value_internal":0.0,"distribution":"{\"name\": \"IntDistribution\", \"attributes\": {\"log\": false, \"step\": 1, \"low\": 0, \"high\": 1}}"}
{"op_code":5,"worker_id":"f581c9a6-5ea3-4c0c-baf4-f197cae88876-139980931965760","trial_id":88,"param_name":"need_ml_1","param_value_internal":0.0,"distribution":"{\"name\": \"IntDistribution\", \"attributes\": {\"log\": false, \"step\": 1, \"low\": 0, \"high\": 1}}"}
{"op_code":5,"worker_id":"f581c9a6-5ea3-4c0c-baf4-f197cae88876-139980931965760","trial_id":88,"param_name":"need_ml_2","param_value_internal":0.0,"distribution":"{\"name\": \"IntDistribution\", \"attributes\": {\"log\": false, \"step\": 1, \"low\": 0, \"high\": 1}}"}
{"op_code":5,"worker_id":"f581c9a6-5ea3-4c0c-baf4-f197cae88876-139980931965760","trial_id":88,"param_name":"need_label_contains","param_value_internal":0.0,"distribution":"{\"name\": \"IntDistribution\", \"attributes\": {\"log\": false, \"step\": 1, \"low\": 0, \"high\": 1}}"}
{"op_code":5,"worker_id":"f581c9a6-5ea3-4c0c-baf4-f197cae88876-139980931965760","trial_id":88,"param_name":"need_label_eq","param_value_internal":1.0,"distribution":"{\"name\": \"IntDistribution\", \"attributes\": {\"log\": false, \"step\": 1, \"low\": 0, \"high\": 1}}"}
{"op_code":5,"worker_id":"f581c9a6-5ea3-4c0c-baf4-f197cae88876-139980931965760","trial_id":88,"param_name":"label_eq_tau","param_value_internal":4,"distribution":"{\"name\": \"CategoricalDistribution\", \"attributes\": {\"choices\": [\"earn\", \"acq\", \"money-fx\", \"grain\", \"crude\", \"trade\", \"interest\", \"ship\", \"wheat\", \"corn\", \"sugar\", \"oilseed\", \"dlr\", \"gnp\", \"coffee\", \"veg-oil\", \"gold\", \"nat-gas\", \"money-supply\", \"livestock\"]}}"}
{"op_code":5,"worker_id":"f581c9a6-5ea3-4c0c-baf4-f197cae88876-139980931965760","trial_id":88,"param_name":"need_label_minus","param_value_internal":0.0,"distribution":"{\"name\": \"IntDistribution\", \"attributes\": {\"log\": false, \"step\": 1, \"low\": 0, \"high\": 1}}"}
{"op_code":5,"worker_id":"f581c9a6-5ea3-4c0c-baf4-f197cae88876-139980931965760","trial_id":88,"param_name":"consequence_label","param_value_internal":0,"distribution":"{\"name\": \"CategoricalDistribution\", \"attributes\": {\"choices\": [\"earn\", \"acq\", \"money-fx\", \"grain\", \"crude\", \"trade\", \"interest\", \"ship\", \"wheat\", \"corn\", \"sugar\", \"oilseed\", \"dlr\", \"gnp\", \"coffee\", \"veg-oil\", \"gold\", \"nat-gas\", \"money-supply\", \"livestock\"]}}"}
{"op_code":6,"worker_id":"f581c9a6-5ea3-4c0c-baf4-f197cae88876-139980931965760","trial_id":88,"state":1,"values":[-1.0],"datetime_complete":"2026-03-21T20:17:41.724260"}
{"op_code":4,"worker_id":"f581c9a6-5ea3-4c0c-baf4-f197cae88876-139980931965760","study_id":0,"datetime_start":"2026-03-21T20:17:41.724957"}
{"op_code":5,"worker_id":"f581c9a6-5ea3-4c0c-baf4-f197cae88876-139980931965760","trial_id":89,"param_name":"body_size","param_value_internal":1.0,"distribution":"{\"name\": \"IntDistribution\", \"attributes\": {\"log\": false, \"step\": 1, \"low\": 1, \"high\": 4}}"}
{"op_code":5,"worker_id":"f581c9a6-5ea3-4c0c-baf4-f197cae88876-139980931965760","trial_id":89,"param_name":"body_pred_idx_0","param_value_internal":82.0,"distribution":"{\"name\": \"IntDistribution\", \"attributes\": {\"log\": false, \"step\": 1, \"low\": 0, \"high\": 99}}"}
{"op_code":5,"worker_id":"f581c9a6-5ea3-4c0c-baf4-f197cae88876-139980931965760","trial_id":89,"param_name":"need_ml_0","param_value_internal":0.0,"distribution":"{\"name\": \"IntDistribution\", \"attributes\": {\"log\": false, \"step\": 1, \"low\": 0, \"high\": 1}}"}
{"op_code":5,"worker_id":"f581c9a6-5ea3-4c0c-baf4-f197cae88876-139980931965760","trial_id":89,"param_name":"need_ml_1","param_value_internal":0.0,"distribution":"{\"name\": \"IntDistribution\", \"attributes\": {\"log\": false, \"step\": 1, \"low\": 0, \"high\": 1}}"}
{"op_code":5,"worker_id":"f581c9a6-5ea3-4c0c-baf4-f197cae88876-139980931965760","trial_id":89,"param_name":"need_ml_2","param_value_internal":0.0,"distribution":"{\"name\": \"IntDistribution\", \"attributes\": {\"log\": false, \"step\": 1, \"low\": 0, \"high\": 1}}"}
{"op_code":5,"worker_id":"f581c9a6-5ea3-4c0c-baf4-f197cae88876-139980931965760","trial_id":89,"param_name":"need_label_contains","param_value_internal":0.0,"distribution":"{\"name\": \"IntDistribution\", \"attributes\": {\"log\": false, \"step\": 1, \"low\": 0, \"high\": 1}}"}
{"op_code":5,"worker_id":"f581c9a6-5ea3-4c0c-baf4-f197cae88876-139980931965760","trial_id":89,"param_name":"need_label_eq","param_value_internal":0.0,"distribution":"{\"name\": \"IntDistribution\", \"attributes\": {\"log\": false, \"step\": 1, \"low\": 0, \"high\": 1}}"}
{"op_code":5,"worker_id":"f581c9a6-5ea3-4c0c-baf4-f197cae88876-139980931965760","trial_id":89,"param_name":"need_label_minus","param_value_internal":0.0,"distribution":"{\"name\": \"IntDistribution\", \"attributes\": {\"log\": false, \"step\": 1, \"low\": 0, \"high\": 1}}"}
{"op_code":5,"worker_id":"f581c9a6-5ea3-4c0c-baf4-f197cae88876-139980931965760","trial_id":89,"param_name":"consequence_label","param_value_internal":0,"distribution":"{\"name\": \"CategoricalDistribution\", \"attributes\": {\"choices\": [\"earn\", \"acq\", \"money-fx\", \"grain\", \"crude\", \"trade\", \"interest\", \"ship\", \"wheat\", \"corn\", \"sugar\", \"oilseed\", \"dlr\", \"gnp\", \"coffee\", \"veg-oil\", \"gold\", \"nat-gas\", \"money-supply\", \"livestock\"]}}"}
{"op_code":6,"worker_id":"f581c9a6-5ea3-4c0c-baf4-f197cae88876-139980931965760","trial_id":89,"state":1,"values":[0.016417910447761194],"datetime_complete":"2026-03-21T20:17:41.769103"}
{"op_code":4,"worker_id":"f581c9a6-5ea3-4c0c-baf4-f197cae88876-139980931965760","study_id":0,"datetime_start":"2026-03-21T20:17:41.769696"}
{"op_code":5,"worker_id":"f581c9a6-5ea3-4c0c-baf4-f197cae88876-139980931965760","trial_id":90,"param_name":"body_size","param_value_internal":1.0,"distribution":"{\"name\": \"IntDistribution\", \"attributes\": {\"log\": false, \"step\": 1, \"low\": 1, \"high\": 4}}"}
{"op_code":5,"worker_id":"f581c9a6-5ea3-4c0c-baf4-f197cae88876-139980931965760","trial_id":90,"param_name":"body_pred_idx_0","param_value_internal":84.0,"distribution":"{\"name\": \"IntDistribution\", \"attributes\": {\"log\": false, \"step\": 1, \"low\": 0, \"high\": 99}}"}
{"op_code":5,"worker_id":"f581c9a6-5ea3-4c0c-baf4-f197cae88876-139980931965760","trial_id":90,"param_name":"need_ml_0","param_value_internal":0.0,"distribution":"{\"name\": \"IntDistribution\", \"attributes\": {\"log\": false, \"step\": 1, \"low\": 0, \"high\": 1}}"}
{"op_code":5,"worker_id":"f581c9a6-5ea3-4c0c-baf4-f197cae88876-139980931965760","trial_id":90,"param_name":"need_ml_1","param_value_internal":0.0,"distribution":"{\"name\": \"IntDistribution\", \"attributes\": {\"log\": false, \"step\": 1, \"low\": 0, \"high\": 1}}"}
{"op_code":5,"worker_id":"f581c9a6-5ea3-4c0c-baf4-f197cae88876-139980931965760","trial_id":90,"param_name":"need_ml_2","param_value_internal":0.0,"distribution":"{\"name\": \"IntDistribution\", \"attributes\": {\"log\": false, \"step\": 1, \"low\": 0, \"high\": 1}}"}
{"op_code":5,"worker_id":"f581c9a6-5ea3-4c0c-baf4-f197cae88876-139980931965760","trial_id":90,"param_name":"need_label_contains","param_value_internal":0.0,"distribution":"{\"name\": \"IntDistribution\", \"attributes\": {\"log\": false, \"step\": 1, \"low\": 0, \"high\": 1}}"}
{"op_code":5,"worker_id":"f581c9a6-5ea3-4c0c-baf4-f197cae88876-139980931965760","trial_id":90,"param_name":"need_label_eq","param_value_internal":0.0,"distribution":"{\"name\": \"IntDistribution\", \"attributes\": {\"log\": false, \"step\": 1, \"low\": 0, \"high\": 1}}"}
{"op_code":5,"worker_id":"f581c9a6-5ea3-4c0c-baf4-f197cae88876-139980931965760","trial_id":90,"param_name":"need_label_minus","param_value_internal":0.0,"distribution":"{\"name\": \"IntDistribution\", \"attributes\": {\"log\": false, \"step\": 1, \"low\": 0, \"high\": 1}}"}
{"op_code":5,"worker_id":"f581c9a6-5ea3-4c0c-baf4-f197cae88876-139980931965760","trial_id":90,"param_name":"consequence_label","param_value_internal":0,"distribution":"{\"name\": \"CategoricalDistribution\", \"attributes\": {\"choices\": [\"earn\", \"acq\", \"money-fx\", \"grain\", \"crude\", \"trade\", \"interest\", \"ship\", \"wheat\", \"corn\", \"sugar\", \"oilseed\", \"dlr\", \"gnp\", \"coffee\", \"veg-oil\", \"gold\", \"nat-gas\", \"money-supply\", \"livestock\"]}}"}
{"op_code":6,"worker_id":"f581c9a6-5ea3-4c0c-baf4-f197cae88876-139980931965760","trial_id":90,"state":1,"values":[0.0056179775280898875],"datetime_complete":"2026-03-21T20:17:41.806543"}
{"op_code":4,"worker_id":"f581c9a6-5ea3-4c0c-baf4-f197cae88876-139980931965760","study_id":0,"datetime_start":"2026-03-21T20:17:41.807249"}
{"op_code":5,"worker_id":"f581c9a6-5ea3-4c0c-baf4-f197cae88876-139980931965760","trial_id":91,"param_name":"body_size","param_value_internal":1.0,"distribution":"{\"name\": \"IntDistribution\", \"attributes\": {\"log\": false, \"step\": 1, \"low\": 1, \"high\": 4}}"}
{"op_code":5,"worker_id":"f581c9a6-5ea3-4c0c-baf4-f197cae88876-139980931965760","trial_id":91,"param_name":"body_pred_idx_0","param_value_internal":69.0,"distribution":"{\"name\": \"IntDistribution\", \"attributes\": {\"log\": false, \"step\": 1, \"low\": 0, \"high\": 99}}"}
{"op_code":5,"worker_id":"f581c9a6-5ea3-4c0c-baf4-f197cae88876-139980931965760","trial_id":91,"param_name":"need_ml_0","param_value_internal":0.0,"distribution":"{\"name\": \"IntDistribution\", \"attributes\": {\"log\": false, \"step\": 1, \"low\": 0, \"high\": 1}}"}
{"op_code":5,"worker_id":"f581c9a6-5ea3-4c0c-baf4-f197cae88876-139980931965760","trial_id":91,"param_name":"need_ml_1","param_value_internal":0.0,"distribution":"{\"name\": \"IntDistribution\", \"attributes\": {\"log\": false, \"step\": 1, \"low\": 0, \"high\": 1}}"}
{"op_code":5,"worker_id":"f581c9a6-5ea3-4c0c-baf4-f197cae88876-139980931965760","trial_id":91,"param_name":"need_ml_2","param_value_internal":0.0,"distribution":"{\"name\": \"IntDistribution\", \"attributes\": {\"log\": false, \"step\": 1, \"low\": 0, \"high\": 1}}"}
{"op_code":5,"worker_id":"f581c9a6-5ea3-4c0c-baf4-f197cae88876-139980931965760","trial_id":91,"param_name":"need_label_contains","param_value_internal":0.0,"distribution":"{\"name\": \"IntDistribution\", \"attributes\": {\"log\": false, \"step\": 1, \"low\": 0, \"high\": 1}}"}
{"op_code":5,"worker_id":"f581c9a6-5ea3-4c0c-baf4-f197cae88876-139980931965760","trial_id":91,"param_name":"need_label_eq","param_value_internal":0.0,"distribution":"{\"name\": \"IntDistribution\", \"attributes\": {\"log\": false, \"step\": 1, \"low\": 0, \"high\": 1}}"}
{"op_code":5,"worker_id":"f581c9a6-5ea3-4c0c-baf4-f197cae88876-139980931965760","trial_id":91,"param_name":"need_label_minus","param_value_internal":0.0,"distribution":"{\"name\": \"IntDistribution\", \"attributes\": {\"log\": false, \"step\": 1, \"low\": 0, \"high\": 1}}"}
{"op_code":5,"worker_id":"f581c9a6-5ea3-4c0c-baf4-f197cae88876-139980931965760","trial_id":91,"param_name":"consequence_label","param_value_internal":0,"distribution":"{\"name\": \"CategoricalDistribution\", \"attributes\": {\"choices\": [\"earn\", \"acq\", \"money-fx\", \"grain\", \"crude\", \"trade\", \"interest\", \"ship\", \"wheat\", \"corn\", \"sugar\", \"oilseed\", \"dlr\", \"gnp\", \"coffee\", \"veg-oil\", \"gold\", \"nat-gas\", \"money-supply\", \"livestock\"]}}"}
{"op_code":6,"worker_id":"f581c9a6-5ea3-4c0c-baf4-f197cae88876-139980931965760","trial_id":91,"state":1,"values":[0.012041884816753928],"datetime_complete":"2026-03-21T20:17:41.843994"}
{"op_code":4,"worker_id":"f581c9a6-5ea3-4c0c-baf4-f197cae88876-139980931965760","study_id":0,"datetime_start":"2026-03-21T20:17:41.844811"}
{"op_code":5,"worker_id":"f581c9a6-5ea3-4c0c-baf4-f197cae88876-139980931965760","trial_id":92,"param_name":"body_size","param_value_internal":1.0,"distribution":"{\"name\": \"IntDistribution\", \"attributes\": {\"log\": false, \"step\": 1, \"low\": 1, \"high\": 4}}"}
{"op_code":5,"worker_id":"f581c9a6-5ea3-4c0c-baf4-f197cae88876-139980931965760","trial_id":92,"param_name":"body_pred_idx_0","param_value_internal":80.0,"distribution":"{\"name\": \"IntDistribution\", \"attributes\": {\"log\": false, \"step\": 1, \"low\": 0, \"high\": 99}}"}
{"op_code":5,"worker_id":"f581c9a6-5ea3-4c0c-baf4-f197cae88876-139980931965760","trial_id":92,"param_name":"need_ml_0","param_value_internal":0.0,"distribution":"{\"name\": \"IntDistribution\", \"attributes\": {\"log\": false, \"step\": 1, \"low\": 0, \"high\": 1}}"}
{"op_code":5,"worker_id":"f581c9a6-5ea3-4c0c-baf4-f197cae88876-139980931965760","trial_id":92,"param_name":"need_ml_1","param_value_internal":0.0,"distribution":"{\"name\": \"IntDistribution\", \"attributes\": {\"log\": false, \"step\": 1, \"low\": 0, \"high\": 1}}"}
{"op_code":5,"worker_id":"f581c9a6-5ea3-4c0c-baf4-f197cae88876-139980931965760","trial_id":92,"param_name":"need_ml_2","param_value_internal":0.0,"distribution":"{\"name\": \"IntDistribution\", \"attributes\": {\"log\": false, \"step\": 1, \"low\": 0, \"high\": 1}}"}
{"op_code":5,"worker_id":"f581c9a6-5ea3-4c0c-baf4-f197cae88876-139980931965760","trial_id":92,"param_name":"need_label_contains","param_value_internal":0.0,"distribution":"{\"name\": \"IntDistribution\", \"attributes\": {\"log\": false, \"step\": 1, \"low\": 0, \"high\": 1}}"}
{"op_code":5,"worker_id":"f581c9a6-5ea3-4c0c-baf4-f197cae88876-139980931965760","trial_id":92,"param_name":"need_label_eq","param_value_internal":0.0,"distribution":"{\"name\": \"IntDistribution\", \"attributes\": {\"log\": false, \"step\": 1, \"low\": 0, \"high\": 1}}"}
{"op_code":5,"worker_id":"f581c9a6-5ea3-4c0c-baf4-f197cae88876-139980931965760","trial_id":92,"param_name":"need_label_minus","param_value_internal":0.0,"distribution":"{\"name\": \"IntDistribution\", \"attributes\": {\"log\": false, \"step\": 1, \"low\": 0, \"high\": 1}}"}
{"op_code":5,"worker_id":"f581c9a6-5ea3-4c0c-baf4-f197cae88876-139980931965760","trial_id":92,"param_name":"consequence_label","param_value_internal":0,"distribution":"{\"name\": \"CategoricalDistribution\", \"attributes\": {\"choices\": [\"earn\", \"acq\", \"money-fx\", \"grain\", \"crude\", \"trade\", \"interest\", \"ship\", \"wheat\", \"corn\", \"sugar\", \"oilseed\", \"dlr\", \"gnp\", \"coffee\", \"veg-oil\", \"gold\", \"nat-gas\", \"money-supply\", \"livestock\"]}}"}
{"op_code":6,"worker_id":"f581c9a6-5ea3-4c0c-baf4-f197cae88876-139980931965760","trial_id":92,"state":1,"values":[0.01295336787564767],"datetime_complete":"2026-03-21T20:17:41.879757"}
{"op_code":4,"worker_id":"f581c9a6-5ea3-4c0c-baf4-f197cae88876-139980931965760","study_id":0,"datetime_start":"2026-03-21T20:17:41.881310"}
{"op_code":5,"worker_id":"f581c9a6-5ea3-4c0c-baf4-f197cae88876-139980931965760","trial_id":93,"param_name":"body_size","param_value_internal":1.0,"distribution":"{\"name\": \"IntDistribution\", \"attributes\": {\"log\": false, \"step\": 1, \"low\": 1, \"high\": 4}}"}
{"op_code":5,"worker_id":"f581c9a6-5ea3-4c0c-baf4-f197cae88876-139980931965760","trial_id":93,"param_name":"body_pred_idx_0","param_value_internal":63.0,"distribution":"{\"name\": \"IntDistribution\", \"attributes\": {\"log\": false, \"step\": 1, \"low\": 0, \"high\": 99}}"}
{"op_code":5,"worker_id":"f581c9a6-5ea3-4c0c-baf4-f197cae88876-139980931965760","trial_id":93,"param_name":"need_ml_0","param_value_internal":0.0,"distribution":"{\"name\": \"IntDistribution\", \"attributes\": {\"log\": false, \"step\": 1, \"low\": 0, \"high\": 1}}"}
{"op_code":5,"worker_id":"f581c9a6-5ea3-4c0c-baf4-f197cae88876-139980931965760","trial_id":93,"param_name":"need_ml_1","param_value_internal":0.0,"distribution":"{\"name\": \"IntDistribution\", \"attributes\": {\"log\": false, \"step\": 1, \"low\": 0, \"high\": 1}}"}
{"op_code":5,"worker_id":"f581c9a6-5ea3-4c0c-baf4-f197cae88876-139980931965760","trial_id":93,"param_name":"need_ml_2","param_value_internal":0.0,"distribution":"{\"name\": \"IntDistribution\", \"attributes\": {\"log\": false, \"step\": 1, \"low\": 0, \"high\": 1}}"}
{"op_code":5,"worker_id":"f581c9a6-5ea3-4c0c-baf4-f197cae88876-139980931965760","trial_id":93,"param_name":"need_label_contains","param_value_internal":0.0,"distribution":"{\"name\": \"IntDistribution\", \"attributes\": {\"log\": false, \"step\": 1, \"low\": 0, \"high\": 1}}"}
{"op_code":5,"worker_id":"f581c9a6-5ea3-4c0c-baf4-f197cae88876-139980931965760","trial_id":93,"param_name":"need_label_eq","param_value_internal":0.0,"distribution":"{\"name\": \"IntDistribution\", \"attributes\": {\"log\": false, \"step\": 1, \"low\": 0, \"high\": 1}}"}
{"op_code":5,"worker_id":"f581c9a6-5ea3-4c0c-baf4-f197cae88876-139980931965760","trial_id":93,"param_name":"need_label_minus","param_value_internal":0.0,"distribution":"{\"name\": \"IntDistribution\", \"attributes\": {\"log\": false, \"step\": 1, \"low\": 0, \"high\": 1}}"}
{"op_code":5,"worker_id":"f581c9a6-5ea3-4c0c-baf4-f197cae88876-139980931965760","trial_id":93,"param_name":"consequence_label","param_value_internal":0,"distribution":"{\"name\": \"CategoricalDistribution\", \"attributes\": {\"choices\": [\"earn\", \"acq\", \"money-fx\", \"grain\", \"crude\", \"trade\", \"interest\", \"ship\", \"wheat\", \"corn\", \"sugar\", \"oilseed\", \"dlr\", \"gnp\", \"coffee\", \"veg-oil\", \"gold\", \"nat-gas\", \"money-supply\", \"livestock\"]}}"}
{"op_code":6,"worker_id":"f581c9a6-5ea3-4c0c-baf4-f197cae88876-139980931965760","trial_id":93,"state":1,"values":[0.027896995708154508],"datetime_complete":"2026-03-21T20:17:41.917636"}
{"op_code":4,"worker_id":"f581c9a6-5ea3-4c0c-baf4-f197cae88876-139980931965760","study_id":0,"datetime_start":"2026-03-21T20:17:41.918339"}
{"op_code":5,"worker_id":"f581c9a6-5ea3-4c0c-baf4-f197cae88876-139980931965760","trial_id":94,"param_name":"body_size","param_value_internal":1.0,"distribution":"{\"name\": \"IntDistribution\", \"attributes\": {\"log\": false, \"step\": 1, \"low\": 1, \"high\": 4}}"}
{"op_code":5,"worker_id":"f581c9a6-5ea3-4c0c-baf4-f197cae88876-139980931965760","trial_id":94,"param_name":"body_pred_idx_0","param_value_internal":87.0,"distribution":"{\"name\": \"IntDistribution\", \"attributes\": {\"log\": false, \"step\": 1, \"low\": 0, \"high\": 99}}"}
{"op_code":5,"worker_id":"f581c9a6-5ea3-4c0c-baf4-f197cae88876-139980931965760","trial_id":94,"param_name":"need_ml_0","param_value_internal":0.0,"distribution":"{\"name\": \"IntDistribution\", \"attributes\": {\"log\": false, \"step\": 1, \"low\": 0, \"high\": 1}}"}
{"op_code":5,"worker_id":"f581c9a6-5ea3-4c0c-baf4-f197cae88876-139980931965760","trial_id":94,"param_name":"need_ml_1","param_value_internal":0.0,"distribution":"{\"name\": \"IntDistribution\", \"attributes\": {\"log\": false, \"step\": 1, \"low\": 0, \"high\": 1}}"}
{"op_code":5,"worker_id":"f581c9a6-5ea3-4c0c-baf4-f197cae88876-139980931965760","trial_id":94,"param_name":"need_ml_2","param_value_internal":0.0,"distribution":"{\"name\": \"IntDistribution\", \"attributes\": {\"log\": false, \"step\": 1, \"low\": 0, \"high\": 1}}"}
{"op_code":5,"worker_id":"f581c9a6-5ea3-4c0c-baf4-f197cae88876-139980931965760","trial_id":94,"param_name":"need_label_contains","param_value_internal":0.0,"distribution":"{\"name\": \"IntDistribution\", \"attributes\": {\"log\": false, \"step\": 1, \"low\": 0, \"high\": 1}}"}
{"op_code":5,"worker_id":"f581c9a6-5ea3-4c0c-baf4-f197cae88876-139980931965760","trial_id":94,"param_name":"need_label_eq","param_value_internal":0.0,"distribution":"{\"name\": \"IntDistribution\", \"attributes\": {\"log\": false, \"step\": 1, \"low\": 0, \"high\": 1}}"}
{"op_code":5,"worker_id":"f581c9a6-5ea3-4c0c-baf4-f197cae88876-139980931965760","trial_id":94,"param_name":"need_label_minus","param_value_internal":0.0,"distribution":"{\"name\": \"IntDistribution\", \"attributes\": {\"log\": false, \"step\": 1, \"low\": 0, \"high\": 1}}"}
{"op_code":5,"worker_id":"f581c9a6-5ea3-4c0c-baf4-f197cae88876-139980931965760","trial_id":94,"param_name":"consequence_label","param_value_internal":0,"distribution":"{\"name\": \"CategoricalDistribution\", \"attributes\": {\"choices\": [\"earn\", \"acq\", \"money-fx\", \"grain\", \"crude\", \"trade\", \"interest\", \"ship\", \"wheat\", \"corn\", \"sugar\", \"oilseed\", \"dlr\", \"gnp\", \"coffee\", \"veg-oil\", \"gold\", \"nat-gas\", \"money-supply\", \"livestock\"]}}"}
{"op_code":6,"worker_id":"f581c9a6-5ea3-4c0c-baf4-f197cae88876-139980931965760","trial_id":94,"state":1,"values":[0.01884057971014493],"datetime_complete":"2026-03-21T20:17:41.955908"}
{"op_code":4,"worker_id":"f581c9a6-5ea3-4c0c-baf4-f197cae88876-139980931965760","study_id":0,"datetime_start":"2026-03-21T20:17:41.956669"}
{"op_code":5,"worker_id":"f581c9a6-5ea3-4c0c-baf4-f197cae88876-139980931965760","trial_id":95,"param_name":"body_size","param_value_internal":1.0,"distribution":"{\"name\": \"IntDistribution\", \"attributes\": {\"log\": false, \"step\": 1, \"low\": 1, \"high\": 4}}"}
{"op_code":5,"worker_id":"f581c9a6-5ea3-4c0c-baf4-f197cae88876-139980931965760","trial_id":95,"param_name":"body_pred_idx_0","param_value_internal":65.0,"distribution":"{\"name\": \"IntDistribution\", \"attributes\": {\"log\": false, \"step\": 1, \"low\": 0, \"high\": 99}}"}
{"op_code":5,"worker_id":"f581c9a6-5ea3-4c0c-baf4-f197cae88876-139980931965760","trial_id":95,"param_name":"need_ml_0","param_value_internal":0.0,"distribution":"{\"name\": \"IntDistribution\", \"attributes\": {\"log\": false, \"step\": 1, \"low\": 0, \"high\": 1}}"}
{"op_code":5,"worker_id":"f581c9a6-5ea3-4c0c-baf4-f197cae88876-139980931965760","trial_id":95,"param_name":"need_ml_1","param_value_internal":0.0,"distribution":"{\"name\": \"IntDistribution\", \"attributes\": {\"log\": false, \"step\": 1, \"low\": 0, \"high\": 1}}"}
{"op_code":5,"worker_id":"f581c9a6-5ea3-4c0c-baf4-f197cae88876-139980931965760","trial_id":95,"param_name":"need_ml_2","param_value_internal":0.0,"distribution":"{\"name\": \"IntDistribution\", \"attributes\": {\"log\": false, \"step\": 1, \"low\": 0, \"high\": 1}}"}
{"op_code":5,"worker_id":"f581c9a6-5ea3-4c0c-baf4-f197cae88876-139980931965760","trial_id":95,"param_name":"need_label_contains","param_value_internal":0.0,"distribution":"{\"name\": \"IntDistribution\", \"attributes\": {\"log\": false, \"step\": 1, \"low\": 0, \"high\": 1}}"}
{"op_code":5,"worker_id":"f581c9a6-5ea3-4c0c-baf4-f197cae88876-139980931965760","trial_id":95,"param_name":"need_label_eq","param_value_internal":0.0,"distribution":"{\"name\": \"IntDistribution\", \"attributes\": {\"log\": false, \"step\": 1, \"low\": 0, \"high\": 1}}"}
{"op_code":5,"worker_id":"f581c9a6-5ea3-4c0c-baf4-f197cae88876-139980931965760","trial_id":95,"param_name":"need_label_minus","param_value_internal":0.0,"distribution":"{\"name\": \"IntDistribution\", \"attributes\": {\"log\": false, \"step\": 1, \"low\": 0, \"high\": 1}}"}
{"op_code":5,"worker_id":"f581c9a6-5ea3-4c0c-baf4-f197cae88876-139980931965760","trial_id":95,"param_name":"consequence_label","param_value_internal":0,"distribution":"{\"name\": \"CategoricalDistribution\", \"attributes\": {\"choices\": [\"earn\", \"acq\", \"money-fx\", \"grain\", \"crude\", \"trade\", \"interest\", \"ship\", \"wheat\", \"corn\", \"sugar\", \"oilseed\", \"dlr\", \"gnp\", \"coffee\", \"veg-oil\", \"gold\", \"nat-gas\", \"money-supply\", \"livestock\"]}}"}
{"op_code":6,"worker_id":"f581c9a6-5ea3-4c0c-baf4-f197cae88876-139980931965760","trial_id":95,"state":1,"values":[0.03684210526315789],"datetime_complete":"2026-03-21T20:17:41.993066"}
{"op_code":4,"worker_id":"f581c9a6-5ea3-4c0c-baf4-f197cae88876-139980931965760","study_id":0,"datetime_start":"2026-03-21T20:17:41.993952"}
{"op_code":5,"worker_id":"f581c9a6-5ea3-4c0c-baf4-f197cae88876-139980931965760","trial_id":96,"param_name":"body_size","param_value_internal":1.0,"distribution":"{\"name\": \"IntDistribution\", \"attributes\": {\"log\": false, \"step\": 1, \"low\": 1, \"high\": 4}}"}
{"op_code":5,"worker_id":"f581c9a6-5ea3-4c0c-baf4-f197cae88876-139980931965760","trial_id":96,"param_name":"body_pred_idx_0","param_value_internal":64.0,"distribution":"{\"name\": \"IntDistribution\", \"attributes\": {\"log\": false, \"step\": 1, \"low\": 0, \"high\": 99}}"}
{"op_code":5,"worker_id":"f581c9a6-5ea3-4c0c-baf4-f197cae88876-139980931965760","trial_id":96,"param_name":"need_ml_0","param_value_internal":0.0,"distribution":"{\"name\": \"IntDistribution\", \"attributes\": {\"log\": false, \"step\": 1, \"low\": 0, \"high\": 1}}"}
{"op_code":5,"worker_id":"f581c9a6-5ea3-4c0c-baf4-f197cae88876-139980931965760","trial_id":96,"param_name":"need_ml_1","param_value_internal":0.0,"distribution":"{\"name\": \"IntDistribution\", \"attributes\": {\"log\": false, \"step\": 1, \"low\": 0, \"high\": 1}}"}
{"op_code":5,"worker_id":"f581c9a6-5ea3-4c0c-baf4-f197cae88876-139980931965760","trial_id":96,"param_name":"need_ml_2","param_value_internal":0.0,"distribution":"{\"name\": \"IntDistribution\", \"attributes\": {\"log\": false, \"step\": 1, \"low\": 0, \"high\": 1}}"}
{"op_code":5,"worker_id":"f581c9a6-5ea3-4c0c-baf4-f197cae88876-139980931965760","trial_id":96,"param_name":"need_label_contains","param_value_internal":0.0,"distribution":"{\"name\": \"IntDistribution\", \"attributes\": {\"log\": false, \"step\": 1, \"low\": 0, \"high\": 1}}"}
{"op_code":5,"worker_id":"f581c9a6-5ea3-4c0c-baf4-f197cae88876-139980931965760","trial_id":96,"param_name":"need_label_eq","param_value_internal":0.0,"distribution":"{\"name\": \"IntDistribution\", \"attributes\": {\"log\": false, \"step\": 1, \"low\": 0, \"high\": 1}}"}
{"op_code":5,"worker_id":"f581c9a6-5ea3-4c0c-baf4-f197cae88876-139980931965760","trial_id":96,"param_name":"need_label_minus","param_value_internal":0.0,"distribution":"{\"name\": \"IntDistribution\", \"attributes\": {\"log\": false, \"step\": 1, \"low\": 0, \"high\": 1}}"}
{"op_code":5,"worker_id":"f581c9a6-5ea3-4c0c-baf4-f197cae88876-139980931965760","trial_id":96,"param_name":"consequence_label","param_value_internal":0,"distribution":"{\"name\": \"CategoricalDistribution\", \"attributes\": {\"choices\": [\"earn\", \"acq\", \"money-fx\", \"grain\", \"crude\", \"trade\", \"interest\", \"ship\", \"wheat\", \"corn\", \"sugar\", \"oilseed\", \"dlr\", \"gnp\", \"coffee\", \"veg-oil\", \"gold\", \"nat-gas\", \"money-supply\", \"livestock\"]}}"}
{"op_code":6,"worker_id":"f581c9a6-5ea3-4c0c-baf4-f197cae88876-139980931965760","trial_id":96,"state":1,"values":[0.027896995708154508],"datetime_complete":"2026-03-21T20:17:42.041660"}
{"op_code":4,"worker_id":"f581c9a6-5ea3-4c0c-baf4-f197cae88876-139980931965760","study_id":0,"datetime_start":"2026-03-21T20:17:42.042771"}
{"op_code":5,"worker_id":"f581c9a6-5ea3-4c0c-baf4-f197cae88876-139980931965760","trial_id":97,"param_name":"body_size","param_value_internal":1.0,"distribution":"{\"name\": \"IntDistribution\", \"attributes\": {\"log\": false, \"step\": 1, \"low\": 1, \"high\": 4}}"}
{"op_code":5,"worker_id":"f581c9a6-5ea3-4c0c-baf4-f197cae88876-139980931965760","trial_id":97,"param_name":"body_pred_idx_0","param_value_internal":64.0,"distribution":"{\"name\": \"IntDistribution\", \"attributes\": {\"log\": false, \"step\": 1, \"low\": 0, \"high\": 99}}"}
{"op_code":5,"worker_id":"f581c9a6-5ea3-4c0c-baf4-f197cae88876-139980931965760","trial_id":97,"param_name":"need_ml_0","param_value_internal":1.0,"distribution":"{\"name\": \"IntDistribution\", \"attributes\": {\"log\": false, \"step\": 1, \"low\": 0, \"high\": 1}}"}
{"op_code":5,"worker_id":"f581c9a6-5ea3-4c0c-baf4-f197cae88876-139980931965760","trial_id":97,"param_name":"ml_tau_0","param_value_internal":16,"distribution":"{\"name\": \"CategoricalDistribution\", \"attributes\": {\"choices\": [\"earn\", \"acq\", \"money-fx\", \"grain\", \"crude\", \"trade\", \"interest\", \"ship\", \"wheat\", \"corn\", \"sugar\", \"oilseed\", \"dlr\", \"gnp\", \"coffee\", \"veg-oil\", \"gold\", \"nat-gas\", \"money-supply\", \"livestock\"]}}"}
{"op_code":5,"worker_id":"f581c9a6-5ea3-4c0c-baf4-f197cae88876-139980931965760","trial_id":97,"param_name":"need_ml_1","param_value_internal":1.0,"distribution":"{\"name\": \"IntDistribution\", \"attributes\": {\"log\": false, \"step\": 1, \"low\": 0, \"high\": 1}}"}
{"op_code":5,"worker_id":"f581c9a6-5ea3-4c0c-baf4-f197cae88876-139980931965760","trial_id":97,"param_name":"ml_tau_1","param_value_internal":19,"distribution":"{\"name\": \"CategoricalDistribution\", \"attributes\": {\"choices\": [\"earn\", \"acq\", \"money-fx\", \"grain\", \"crude\", \"trade\", \"interest\", \"ship\", \"wheat\", \"corn\", \"sugar\", \"oilseed\", \"dlr\", \"gnp\", \"coffee\", \"veg-oil\", \"gold\", \"nat-gas\", \"money-supply\", \"livestock\"]}}"}
{"op_code":5,"worker_id":"f581c9a6-5ea3-4c0c-baf4-f197cae88876-139980931965760","trial_id":97,"param_name":"need_ml_2","param_value_internal":1.0,"distribution":"{\"name\": \"IntDistribution\", \"attributes\": {\"log\": false, \"step\": 1, \"low\": 0, \"high\": 1}}"}
{"op_code":5,"worker_id":"f581c9a6-5ea3-4c0c-baf4-f197cae88876-139980931965760","trial_id":97,"param_name":"ml_tau_2","param_value_internal":11,"distribution":"{\"name\": \"CategoricalDistribution\", \"attributes\": {\"choices\": [\"earn\", \"acq\", \"money-fx\", \"grain\", \"crude\", \"trade\", \"interest\", \"ship\", \"wheat\", \"corn\", \"sugar\", \"oilseed\", \"dlr\", \"gnp\", \"coffee\", \"veg-oil\", \"gold\", \"nat-gas\", \"money-supply\", \"livestock\"]}}"}
{"op_code":5,"worker_id":"f581c9a6-5ea3-4c0c-baf4-f197cae88876-139980931965760","trial_id":97,"param_name":"need_label_contains","param_value_internal":0.0,"distribution":"{\"name\": \"IntDistribution\", \"attributes\": {\"log\": false, \"step\": 1, \"low\": 0, \"high\": 1}}"}
{"op_code":5,"worker_id":"f581c9a6-5ea3-4c0c-baf4-f197cae88876-139980931965760","trial_id":97,"param_name":"need_label_eq","param_value_internal":0.0,"distribution":"{\"name\": \"IntDistribution\", \"attributes\": {\"log\": false, \"step\": 1, \"low\": 0, \"high\": 1}}"}
{"op_code":5,"worker_id":"f581c9a6-5ea3-4c0c-baf4-f197cae88876-139980931965760","trial_id":97,"param_name":"need_label_minus","param_value_internal":1.0,"distribution":"{\"name\": \"IntDistribution\", \"attributes\": {\"log\": false, \"step\": 1, \"low\": 0, \"high\": 1}}"}
{"op_code":5,"worker_id":"f581c9a6-5ea3-4c0c-baf4-f197cae88876-139980931965760","trial_id":97,"param_name":"label_minus_tau","param_value_internal":2,"distribution":"{\"name\": \"CategoricalDistribution\", \"attributes\": {\"choices\": [\"earn\", \"acq\", \"money-fx\", \"grain\", \"crude\", \"trade\", \"interest\", \"ship\", \"wheat\", \"corn\", \"sugar\", \"oilseed\", \"dlr\", \"gnp\", \"coffee\", \"veg-oil\", \"gold\", \"nat-gas\", \"money-supply\", \"livestock\"]}}"}
{"op_code":5,"worker_id":"f581c9a6-5ea3-4c0c-baf4-f197cae88876-139980931965760","trial_id":97,"param_name":"consequence_label","param_value_internal":0,"distribution":"{\"name\": \"CategoricalDistribution\", \"attributes\": {\"choices\": [\"earn\", \"acq\", \"money-fx\", \"grain\", \"crude\", \"trade\", \"interest\", \"ship\", \"wheat\", \"corn\", \"sugar\", \"oilseed\", \"dlr\", \"gnp\", \"coffee\", \"veg-oil\", \"gold\", \"nat-gas\", \"money-supply\", \"livestock\"]}}"}
{"op_code":6,"worker_id":"f581c9a6-5ea3-4c0c-baf4-f197cae88876-139980931965760","trial_id":97,"state":1,"values":[-1.0],"datetime_complete":"2026-03-21T20:17:42.689536"}
{"op_code":4,"worker_id":"f581c9a6-5ea3-4c0c-baf4-f197cae88876-139980931965760","study_id":0,"datetime_start":"2026-03-21T20:17:42.690589"}
{"op_code":5,"worker_id":"f581c9a6-5ea3-4c0c-baf4-f197cae88876-139980931965760","trial_id":98,"param_name":"body_size","param_value_internal":1.0,"distribution":"{\"name\": \"IntDistribution\", \"attributes\": {\"log\": false, \"step\": 1, \"low\": 1, \"high\": 4}}"}
{"op_code":5,"worker_id":"f581c9a6-5ea3-4c0c-baf4-f197cae88876-139980931965760","trial_id":98,"param_name":"body_pred_idx_0","param_value_internal":76.0,"distribution":"{\"name\": \"IntDistribution\", \"attributes\": {\"log\": false, \"step\": 1, \"low\": 0, \"high\": 99}}"}
{"op_code":5,"worker_id":"f581c9a6-5ea3-4c0c-baf4-f197cae88876-139980931965760","trial_id":98,"param_name":"need_ml_0","param_value_internal":0.0,"distribution":"{\"name\": \"IntDistribution\", \"attributes\": {\"log\": false, \"step\": 1, \"low\": 0, \"high\": 1}}"}
{"op_code":5,"worker_id":"f581c9a6-5ea3-4c0c-baf4-f197cae88876-139980931965760","trial_id":98,"param_name":"need_ml_1","param_value_internal":0.0,"distribution":"{\"name\": \"IntDistribution\", \"attributes\": {\"log\": false, \"step\": 1, \"low\": 0, \"high\": 1}}"}
{"op_code":5,"worker_id":"f581c9a6-5ea3-4c0c-baf4-f197cae88876-139980931965760","trial_id":98,"param_name":"need_ml_2","param_value_internal":0.0,"distribution":"{\"name\": \"IntDistribution\", \"attributes\": {\"log\": false, \"step\": 1, \"low\": 0, \"high\": 1}}"}
{"op_code":5,"worker_id":"f581c9a6-5ea3-4c0c-baf4-f197cae88876-139980931965760","trial_id":98,"param_name":"need_label_contains","param_value_internal":0.0,"distribution":"{\"name\": \"IntDistribution\", \"attributes\": {\"log\": false, \"step\": 1, \"low\": 0, \"high\": 1}}"}
{"op_code":5,"worker_id":"f581c9a6-5ea3-4c0c-baf4-f197cae88876-139980931965760","trial_id":98,"param_name":"need_label_eq","param_value_internal":0.0,"distribution":"{\"name\": \"IntDistribution\", \"attributes\": {\"log\": false, \"step\": 1, \"low\": 0, \"high\": 1}}"}
{"op_code":5,"worker_id":"f581c9a6-5ea3-4c0c-baf4-f197cae88876-139980931965760","trial_id":98,"param_name":"need_label_minus","param_value_internal":0.0,"distribution":"{\"name\": \"IntDistribution\", \"attributes\": {\"log\": false, \"step\": 1, \"low\": 0, \"high\": 1}}"}
{"op_code":5,"worker_id":"f581c9a6-5ea3-4c0c-baf4-f197cae88876-139980931965760","trial_id":98,"param_name":"consequence_label","param_value_internal":0,"distribution":"{\"name\": \"CategoricalDistribution\", \"attributes\": {\"choices\": [\"earn\", \"acq\", \"money-fx\", \"grain\", \"crude\", \"trade\", \"interest\", \"ship\", \"wheat\", \"corn\", \"sugar\", \"oilseed\", \"dlr\", \"gnp\", \"coffee\", \"veg-oil\", \"gold\", \"nat-gas\", \"money-supply\", \"livestock\"]}}"}
{"op_code":6,"worker_id":"f581c9a6-5ea3-4c0c-baf4-f197cae88876-139980931965760","trial_id":98,"state":1,"values":[0.026637554585152833],"datetime_complete":"2026-03-21T20:17:42.727780"}
{"op_code":4,"worker_id":"f581c9a6-5ea3-4c0c-baf4-f197cae88876-139980931965760","study_id":0,"datetime_start":"2026-03-21T20:17:42.728552"}
{"op_code":5,"worker_id":"f581c9a6-5ea3-4c0c-baf4-f197cae88876-139980931965760","trial_id":99,"param_name":"body_size","param_value_internal":1.0,"distribution":"{\"name\": \"IntDistribution\", \"attributes\": {\"log\": false, \"step\": 1, \"low\": 1, \"high\": 4}}"}
{"op_code":5,"worker_id":"f581c9a6-5ea3-4c0c-baf4-f197cae88876-139980931965760","trial_id":99,"param_name":"body_pred_idx_0","param_value_internal":69.0,"distribution":"{\"name\": \"IntDistribution\", \"attributes\": {\"log\": false, \"step\": 1, \"low\": 0, \"high\": 99}}"}
{"op_code":5,"worker_id":"f581c9a6-5ea3-4c0c-baf4-f197cae88876-139980931965760","trial_id":99,"param_name":"need_ml_0","param_value_internal":0.0,"distribution":"{\"name\": \"IntDistribution\", \"attributes\": {\"log\": false, \"step\": 1, \"low\": 0, \"high\": 1}}"}
{"op_code":5,"worker_id":"f581c9a6-5ea3-4c0c-baf4-f197cae88876-139980931965760","trial_id":99,"param_name":"need_ml_1","param_value_internal":0.0,"distribution":"{\"name\": \"IntDistribution\", \"attributes\": {\"log\": false, \"step\": 1, \"low\": 0, \"high\": 1}}"}
{"op_code":5,"worker_id":"f581c9a6-5ea3-4c0c-baf4-f197cae88876-139980931965760","trial_id":99,"param_name":"need_ml_2","param_value_internal":0.0,"distribution":"{\"name\": \"IntDistribution\", \"attributes\": {\"log\": false, \"step\": 1, \"low\": 0, \"high\": 1}}"}
{"op_code":5,"worker_id":"f581c9a6-5ea3-4c0c-baf4-f197cae88876-139980931965760","trial_id":99,"param_name":"need_label_contains","param_value_internal":0.0,"distribution":"{\"name\": \"IntDistribution\", \"attributes\": {\"log\": false, \"step\": 1, \"low\": 0, \"high\": 1}}"}
{"op_code":5,"worker_id":"f581c9a6-5ea3-4c0c-baf4-f197cae88876-139980931965760","trial_id":99,"param_name":"need_label_eq","param_value_internal":0.0,"distribution":"{\"name\": \"IntDistribution\", \"attributes\": {\"log\": false, \"step\": 1, \"low\": 0, \"high\": 1}}"}
{"op_code":5,"worker_id":"f581c9a6-5ea3-4c0c-baf4-f197cae88876-139980931965760","trial_id":99,"param_name":"need_label_minus","param_value_internal":0.0,"distribution":"{\"name\": \"IntDistribution\", \"attributes\": {\"log\": false, \"step\": 1, \"low\": 0, \"high\": 1}}"}
{"op_code":5,"worker_id":"f581c9a6-5ea3-4c0c-baf4-f197cae88876-139980931965760","trial_id":99,"param_name":"consequence_label","param_value_internal":9,"distribution":"{\"name\": \"CategoricalDistribution\", \"attributes\": {\"choices\": [\"earn\", \"acq\", \"money-fx\", \"grain\", \"crude\", \"trade\", \"interest\", \"ship\", \"wheat\", \"corn\", \"sugar\", \"oilseed\", \"dlr\", \"gnp\", \"coffee\", \"veg-oil\", \"gold\", \"nat-gas\", \"money-supply\", \"livestock\"]}}"}
{"op_code":6,"worker_id":"f581c9a6-5ea3-4c0c-baf4-f197cae88876-139980931965760","trial_id":99,"state":1,"values":[0.0],"datetime_complete":"2026-03-21T20:17:42.765774"}
