{"op_code":0,"worker_id":"0c0f9c6a-7791-4e75-bd15-b6694c4e9ca4-139980931965760","study_name":"loris_rule_discovery_round1","directions":[2]}
{"op_code":4,"worker_id":"0c0f9c6a-7791-4e75-bd15-b6694c4e9ca4-139980931965760","study_id":0,"datetime_start":"2026-03-21T20:17:42.778546"}
{"op_code":5,"worker_id":"0c0f9c6a-7791-4e75-bd15-b6694c4e9ca4-139980931965760","trial_id":0,"param_name":"body_size","param_value_internal":1.0,"distribution":"{\"name\": \"IntDistribution\", \"attributes\": {\"log\": false, \"step\": 1, \"low\": 1, \"high\": 4}}"}
{"op_code":5,"worker_id":"0c0f9c6a-7791-4e75-bd15-b6694c4e9ca4-139980931965760","trial_id":0,"param_name":"body_pred_idx_0","param_value_internal":60.0,"distribution":"{\"name\": \"IntDistribution\", \"attributes\": {\"log\": false, \"step\": 1, \"low\": 0, \"high\": 99}}"}
{"op_code":5,"worker_id":"0c0f9c6a-7791-4e75-bd15-b6694c4e9ca4-139980931965760","trial_id":0,"param_name":"need_ml_0","param_value_internal":0.0,"distribution":"{\"name\": \"IntDistribution\", \"attributes\": {\"log\": false, \"step\": 1, \"low\": 0, \"high\": 1}}"}
{"op_code":5,"worker_id":"0c0f9c6a-7791-4e75-bd15-b6694c4e9ca4-139980931965760","trial_id":0,"param_name":"need_ml_1","param_value_internal":0.0,"distribution":"{\"name\": \"IntDistribution\", \"attributes\": {\"log\": false, \"step\": 1, \"low\": 0, \"high\": 1}}"}
{"op_code":5,"worker_id":"0c0f9c6a-7791-4e75-bd15-b6694c4e9ca4-139980931965760","trial_id":0,"param_name":"need_ml_2","param_value_internal":0.0,"distribution":"{\"name\": \"IntDistribution\", \"attributes\": {\"log\": false, \"step\": 1, \"low\": 0, \"high\": 1}}"}
{"op_code":5,"worker_id":"0c0f9c6a-7791-4e75-bd15-b6694c4e9ca4-139980931965760","trial_id":0,"param_name":"need_label_contains","param_value_internal":1.0,"distribution":"{\"name\": \"IntDistribution\", \"attributes\": {\"log\": false, \"step\": 1, \"low\": 0, \"high\": 1}}"}
{"op_code":5,"worker_id":"0c0f9c6a-7791-4e75-bd15-b6694c4e9ca4-139980931965760","trial_id":0,"param_name":"label_contains_tau","param_value_internal":15,"distribution":"{\"name\": \"CategoricalDistribution\", \"attributes\": {\"choices\": [\"earn\", \"acq\", \"money-fx\", \"grain\", \"crude\", \"trade\", \"interest\", \"ship\", \"wheat\", \"corn\", \"sugar\", \"oilseed\", \"dlr\", \"gnp\", \"coffee\", \"veg-oil\", \"gold\", \"nat-gas\", \"money-supply\", \"livestock\"]}}"}
{"op_code":5,"worker_id":"0c0f9c6a-7791-4e75-bd15-b6694c4e9ca4-139980931965760","trial_id":0,"param_name":"need_label_eq","param_value_internal":0.0,"distribution":"{\"name\": \"IntDistribution\", \"attributes\": {\"log\": false, \"step\": 1, \"low\": 0, \"high\": 1}}"}
{"op_code":5,"worker_id":"0c0f9c6a-7791-4e75-bd15-b6694c4e9ca4-139980931965760","trial_id":0,"param_name":"need_label_minus","param_value_internal":1.0,"distribution":"{\"name\": \"IntDistribution\", \"attributes\": {\"log\": false, \"step\": 1, \"low\": 0, \"high\": 1}}"}
{"op_code":5,"worker_id":"0c0f9c6a-7791-4e75-bd15-b6694c4e9ca4-139980931965760","trial_id":0,"param_name":"label_minus_tau","param_value_internal":6,"distribution":"{\"name\": \"CategoricalDistribution\", \"attributes\": {\"choices\": [\"earn\", \"acq\", \"money-fx\", \"grain\", \"crude\", \"trade\", \"interest\", \"ship\", \"wheat\", \"corn\", \"sugar\", \"oilseed\", \"dlr\", \"gnp\", \"coffee\", \"veg-oil\", \"gold\", \"nat-gas\", \"money-supply\", \"livestock\"]}}"}
{"op_code":5,"worker_id":"0c0f9c6a-7791-4e75-bd15-b6694c4e9ca4-139980931965760","trial_id":0,"param_name":"consequence_label","param_value_internal":1,"distribution":"{\"name\": \"CategoricalDistribution\", \"attributes\": {\"choices\": [\"earn\", \"acq\", \"money-fx\", \"grain\", \"crude\", \"trade\", \"interest\", \"ship\", \"wheat\", \"corn\", \"sugar\", \"oilseed\", \"dlr\", \"gnp\", \"coffee\", \"veg-oil\", \"gold\", \"nat-gas\", \"money-supply\", \"livestock\"]}}"}
{"op_code":6,"worker_id":"0c0f9c6a-7791-4e75-bd15-b6694c4e9ca4-139980931965760","trial_id":0,"state":1,"values":[-1.0],"datetime_complete":"2026-03-21T20:17:42.799522"}
{"op_code":4,"worker_id":"0c0f9c6a-7791-4e75-bd15-b6694c4e9ca4-139980931965760","study_id":0,"datetime_start":"2026-03-21T20:17:42.800226"}
{"op_code":5,"worker_id":"0c0f9c6a-7791-4e75-bd15-b6694c4e9ca4-139980931965760","trial_id":1,"param_name":"body_size","param_value_internal":2.0,"distribution":"{\"name\": \"IntDistribution\", \"attributes\": {\"log\": false, \"step\": 1, \"low\": 1, \"high\": 4}}"}
{"op_code":5,"worker_id":"0c0f9c6a-7791-4e75-bd15-b6694c4e9ca4-139980931965760","trial_id":1,"param_name":"body_pred_idx_0","param_value_internal":24.0,"distribution":"{\"name\": \"IntDistribution\", \"attributes\": {\"log\": false, \"step\": 1, \"low\": 0, \"high\": 99}}"}
{"op_code":5,"worker_id":"0c0f9c6a-7791-4e75-bd15-b6694c4e9ca4-139980931965760","trial_id":1,"param_name":"body_pred_idx_1","param_value_internal":58.0,"distribution":"{\"name\": \"IntDistribution\", \"attributes\": {\"log\": false, \"step\": 1, \"low\": 0, \"high\": 99}}"}
{"op_code":5,"worker_id":"0c0f9c6a-7791-4e75-bd15-b6694c4e9ca4-139980931965760","trial_id":1,"param_name":"eta_24","param_value_internal":5.0,"distribution":"{\"name\": \"IntDistribution\", \"attributes\": {\"log\": false, \"step\": 1, \"low\": 1, \"high\": 20}}"}
{"op_code":5,"worker_id":"0c0f9c6a-7791-4e75-bd15-b6694c4e9ca4-139980931965760","trial_id":1,"param_name":"op_24","param_value_internal":4,"distribution":"{\"name\": \"CategoricalDistribution\", \"attributes\": {\"choices\": [\">=\", \"<=\", \"==\", \">\", \"<\"]}}"}
{"op_code":5,"worker_id":"0c0f9c6a-7791-4e75-bd15-b6694c4e9ca4-139980931965760","trial_id":1,"param_name":"need_ml_0","param_value_internal":1.0,"distribution":"{\"name\": \"IntDistribution\", \"attributes\": {\"log\": false, \"step\": 1, \"low\": 0, \"high\": 1}}"}
{"op_code":5,"worker_id":"0c0f9c6a-7791-4e75-bd15-b6694c4e9ca4-139980931965760","trial_id":1,"param_name":"ml_tau_0","param_value_internal":4,"distribution":"{\"name\": \"CategoricalDistribution\", \"attributes\": {\"choices\": [\"earn\", \"acq\", \"money-fx\", \"grain\", \"crude\", \"trade\", \"interest\", \"ship\", \"wheat\", \"corn\", \"sugar\", \"oilseed\", \"dlr\", \"gnp\", \"coffee\", \"veg-oil\", \"gold\", \"nat-gas\", \"money-supply\", \"livestock\"]}}"}
{"op_code":5,"worker_id":"0c0f9c6a-7791-4e75-bd15-b6694c4e9ca4-139980931965760","trial_id":1,"param_name":"need_ml_1","param_value_internal":0.0,"distribution":"{\"name\": \"IntDistribution\", \"attributes\": {\"log\": false, \"step\": 1, \"low\": 0, \"high\": 1}}"}
{"op_code":5,"worker_id":"0c0f9c6a-7791-4e75-bd15-b6694c4e9ca4-139980931965760","trial_id":1,"param_name":"need_ml_2","param_value_internal":1.0,"distribution":"{\"name\": \"IntDistribution\", \"attributes\": {\"log\": false, \"step\": 1, \"low\": 0, \"high\": 1}}"}
{"op_code":5,"worker_id":"0c0f9c6a-7791-4e75-bd15-b6694c4e9ca4-139980931965760","trial_id":1,"param_name":"ml_tau_2","param_value_internal":6,"distribution":"{\"name\": \"CategoricalDistribution\", \"attributes\": {\"choices\": [\"earn\", \"acq\", \"money-fx\", \"grain\", \"crude\", \"trade\", \"interest\", \"ship\", \"wheat\", \"corn\", \"sugar\", \"oilseed\", \"dlr\", \"gnp\", \"coffee\", \"veg-oil\", \"gold\", \"nat-gas\", \"money-supply\", \"livestock\"]}}"}
{"op_code":5,"worker_id":"0c0f9c6a-7791-4e75-bd15-b6694c4e9ca4-139980931965760","trial_id":1,"param_name":"need_label_contains","param_value_internal":1.0,"distribution":"{\"name\": \"IntDistribution\", \"attributes\": {\"log\": false, \"step\": 1, \"low\": 0, \"high\": 1}}"}
{"op_code":5,"worker_id":"0c0f9c6a-7791-4e75-bd15-b6694c4e9ca4-139980931965760","trial_id":1,"param_name":"label_contains_tau","param_value_internal":5,"distribution":"{\"name\": \"CategoricalDistribution\", \"attributes\": {\"choices\": [\"earn\", \"acq\", \"money-fx\", \"grain\", \"crude\", \"trade\", \"interest\", \"ship\", \"wheat\", \"corn\", \"sugar\", \"oilseed\", \"dlr\", \"gnp\", \"coffee\", \"veg-oil\", \"gold\", \"nat-gas\", \"money-supply\", \"livestock\"]}}"}
{"op_code":5,"worker_id":"0c0f9c6a-7791-4e75-bd15-b6694c4e9ca4-139980931965760","trial_id":1,"param_name":"need_label_eq","param_value_internal":0.0,"distribution":"{\"name\": \"IntDistribution\", \"attributes\": {\"log\": false, \"step\": 1, \"low\": 0, \"high\": 1}}"}
{"op_code":5,"worker_id":"0c0f9c6a-7791-4e75-bd15-b6694c4e9ca4-139980931965760","trial_id":1,"param_name":"need_label_minus","param_value_internal":0.0,"distribution":"{\"name\": \"IntDistribution\", \"attributes\": {\"log\": false, \"step\": 1, \"low\": 0, \"high\": 1}}"}
{"op_code":5,"worker_id":"0c0f9c6a-7791-4e75-bd15-b6694c4e9ca4-139980931965760","trial_id":1,"param_name":"consequence_label","param_value_internal":14,"distribution":"{\"name\": \"CategoricalDistribution\", \"attributes\": {\"choices\": [\"earn\", \"acq\", \"money-fx\", \"grain\", \"crude\", \"trade\", \"interest\", \"ship\", \"wheat\", \"corn\", \"sugar\", \"oilseed\", \"dlr\", \"gnp\", \"coffee\", \"veg-oil\", \"gold\", \"nat-gas\", \"money-supply\", \"livestock\"]}}"}
{"op_code":6,"worker_id":"0c0f9c6a-7791-4e75-bd15-b6694c4e9ca4-139980931965760","trial_id":1,"state":1,"values":[-1.0],"datetime_complete":"2026-03-21T20:17:43.128090"}
{"op_code":4,"worker_id":"0c0f9c6a-7791-4e75-bd15-b6694c4e9ca4-139980931965760","study_id":0,"datetime_start":"2026-03-21T20:17:43.129550"}
{"op_code":5,"worker_id":"0c0f9c6a-7791-4e75-bd15-b6694c4e9ca4-139980931965760","trial_id":2,"param_name":"body_size","param_value_internal":4.0,"distribution":"{\"name\": \"IntDistribution\", \"attributes\": {\"log\": false, \"step\": 1, \"low\": 1, \"high\": 4}}"}
{"op_code":5,"worker_id":"0c0f9c6a-7791-4e75-bd15-b6694c4e9ca4-139980931965760","trial_id":2,"param_name":"body_pred_idx_0","param_value_internal":8.0,"distribution":"{\"name\": \"IntDistribution\", \"attributes\": {\"log\": false, \"step\": 1, \"low\": 0, \"high\": 99}}"}
{"op_code":5,"worker_id":"0c0f9c6a-7791-4e75-bd15-b6694c4e9ca4-139980931965760","trial_id":2,"param_name":"body_pred_idx_1","param_value_internal":45.0,"distribution":"{\"name\": \"IntDistribution\", \"attributes\": {\"log\": false, \"step\": 1, \"low\": 0, \"high\": 99}}"}
{"op_code":5,"worker_id":"0c0f9c6a-7791-4e75-bd15-b6694c4e9ca4-139980931965760","trial_id":2,"param_name":"body_pred_idx_2","param_value_internal":88.0,"distribution":"{\"name\": \"IntDistribution\", \"attributes\": {\"log\": false, \"step\": 1, \"low\": 0, \"high\": 99}}"}
{"op_code":5,"worker_id":"0c0f9c6a-7791-4e75-bd15-b6694c4e9ca4-139980931965760","trial_id":2,"param_name":"body_pred_idx_3","param_value_internal":31.0,"distribution":"{\"name\": \"IntDistribution\", \"attributes\": {\"log\": false, \"step\": 1, \"low\": 0, \"high\": 99}}"}
{"op_code":5,"worker_id":"0c0f9c6a-7791-4e75-bd15-b6694c4e9ca4-139980931965760","trial_id":2,"param_name":"eta_8","param_value_internal":20.0,"distribution":"{\"name\": \"IntDistribution\", \"attributes\": {\"log\": false, \"step\": 1, \"low\": 1, \"high\": 20}}"}
{"op_code":5,"worker_id":"0c0f9c6a-7791-4e75-bd15-b6694c4e9ca4-139980931965760","trial_id":2,"param_name":"op_8","param_value_internal":4,"distribution":"{\"name\": \"CategoricalDistribution\", \"attributes\": {\"choices\": [\">=\", \"<=\", \"==\", \">\", \"<\"]}}"}
{"op_code":5,"worker_id":"0c0f9c6a-7791-4e75-bd15-b6694c4e9ca4-139980931965760","trial_id":2,"param_name":"need_ml_0","param_value_internal":0.0,"distribution":"{\"name\": \"IntDistribution\", \"attributes\": {\"log\": false, \"step\": 1, \"low\": 0, \"high\": 1}}"}
{"op_code":5,"worker_id":"0c0f9c6a-7791-4e75-bd15-b6694c4e9ca4-139980931965760","trial_id":2,"param_name":"need_ml_1","param_value_internal":0.0,"distribution":"{\"name\": \"IntDistribution\", \"attributes\": {\"log\": false, \"step\": 1, \"low\": 0, \"high\": 1}}"}
{"op_code":5,"worker_id":"0c0f9c6a-7791-4e75-bd15-b6694c4e9ca4-139980931965760","trial_id":2,"param_name":"need_ml_2","param_value_internal":0.0,"distribution":"{\"name\": \"IntDistribution\", \"attributes\": {\"log\": false, \"step\": 1, \"low\": 0, \"high\": 1}}"}
{"op_code":5,"worker_id":"0c0f9c6a-7791-4e75-bd15-b6694c4e9ca4-139980931965760","trial_id":2,"param_name":"need_label_contains","param_value_internal":1.0,"distribution":"{\"name\": \"IntDistribution\", \"attributes\": {\"log\": false, \"step\": 1, \"low\": 0, \"high\": 1}}"}
{"op_code":5,"worker_id":"0c0f9c6a-7791-4e75-bd15-b6694c4e9ca4-139980931965760","trial_id":2,"param_name":"label_contains_tau","param_value_internal":2,"distribution":"{\"name\": \"CategoricalDistribution\", \"attributes\": {\"choices\": [\"earn\", \"acq\", \"money-fx\", \"grain\", \"crude\", \"trade\", \"interest\", \"ship\", \"wheat\", \"corn\", \"sugar\", \"oilseed\", \"dlr\", \"gnp\", \"coffee\", \"veg-oil\", \"gold\", \"nat-gas\", \"money-supply\", \"livestock\"]}}"}
{"op_code":5,"worker_id":"0c0f9c6a-7791-4e75-bd15-b6694c4e9ca4-139980931965760","trial_id":2,"param_name":"need_label_eq","param_value_internal":0.0,"distribution":"{\"name\": \"IntDistribution\", \"attributes\": {\"log\": false, \"step\": 1, \"low\": 0, \"high\": 1}}"}
{"op_code":5,"worker_id":"0c0f9c6a-7791-4e75-bd15-b6694c4e9ca4-139980931965760","trial_id":2,"param_name":"need_label_minus","param_value_internal":1.0,"distribution":"{\"name\": \"IntDistribution\", \"attributes\": {\"log\": false, \"step\": 1, \"low\": 0, \"high\": 1}}"}
{"op_code":5,"worker_id":"0c0f9c6a-7791-4e75-bd15-b6694c4e9ca4-139980931965760","trial_id":2,"param_name":"label_minus_tau","param_value_internal":9,"distribution":"{\"name\": \"CategoricalDistribution\", \"attributes\": {\"choices\": [\"earn\", \"acq\", \"money-fx\", \"grain\", \"crude\", \"trade\", \"interest\", \"ship\", \"wheat\", \"corn\", \"sugar\", \"oilseed\", \"dlr\", \"gnp\", \"coffee\", \"veg-oil\", \"gold\", \"nat-gas\", \"money-supply\", \"livestock\"]}}"}
{"op_code":5,"worker_id":"0c0f9c6a-7791-4e75-bd15-b6694c4e9ca4-139980931965760","trial_id":2,"param_name":"consequence_label","param_value_internal":13,"distribution":"{\"name\": \"CategoricalDistribution\", \"attributes\": {\"choices\": [\"earn\", \"acq\", \"money-fx\", \"grain\", \"crude\", \"trade\", \"interest\", \"ship\", \"wheat\", \"corn\", \"sugar\", \"oilseed\", \"dlr\", \"gnp\", \"coffee\", \"veg-oil\", \"gold\", \"nat-gas\", \"money-supply\", \"livestock\"]}}"}
{"op_code":6,"worker_id":"0c0f9c6a-7791-4e75-bd15-b6694c4e9ca4-139980931965760","trial_id":2,"state":1,"values":[-1.0],"datetime_complete":"2026-03-21T20:17:43.164408"}
{"op_code":4,"worker_id":"0c0f9c6a-7791-4e75-bd15-b6694c4e9ca4-139980931965760","study_id":0,"datetime_start":"2026-03-21T20:17:43.165882"}
{"op_code":5,"worker_id":"0c0f9c6a-7791-4e75-bd15-b6694c4e9ca4-139980931965760","trial_id":3,"param_name":"body_size","param_value_internal":1.0,"distribution":"{\"name\": \"IntDistribution\", \"attributes\": {\"log\": false, \"step\": 1, \"low\": 1, \"high\": 4}}"}
{"op_code":5,"worker_id":"0c0f9c6a-7791-4e75-bd15-b6694c4e9ca4-139980931965760","trial_id":3,"param_name":"body_pred_idx_0","param_value_internal":5.0,"distribution":"{\"name\": \"IntDistribution\", \"attributes\": {\"log\": false, \"step\": 1, \"low\": 0, \"high\": 99}}"}
{"op_code":5,"worker_id":"0c0f9c6a-7791-4e75-bd15-b6694c4e9ca4-139980931965760","trial_id":3,"param_name":"need_ml_0","param_value_internal":1.0,"distribution":"{\"name\": \"IntDistribution\", \"attributes\": {\"log\": false, \"step\": 1, \"low\": 0, \"high\": 1}}"}
{"op_code":5,"worker_id":"0c0f9c6a-7791-4e75-bd15-b6694c4e9ca4-139980931965760","trial_id":3,"param_name":"ml_tau_0","param_value_internal":14,"distribution":"{\"name\": \"CategoricalDistribution\", \"attributes\": {\"choices\": [\"earn\", \"acq\", \"money-fx\", \"grain\", \"crude\", \"trade\", \"interest\", \"ship\", \"wheat\", \"corn\", \"sugar\", \"oilseed\", \"dlr\", \"gnp\", \"coffee\", \"veg-oil\", \"gold\", \"nat-gas\", \"money-supply\", \"livestock\"]}}"}
{"op_code":5,"worker_id":"0c0f9c6a-7791-4e75-bd15-b6694c4e9ca4-139980931965760","trial_id":3,"param_name":"need_ml_1","param_value_internal":0.0,"distribution":"{\"name\": \"IntDistribution\", \"attributes\": {\"log\": false, \"step\": 1, \"low\": 0, \"high\": 1}}"}
{"op_code":5,"worker_id":"0c0f9c6a-7791-4e75-bd15-b6694c4e9ca4-139980931965760","trial_id":3,"param_name":"need_ml_2","param_value_internal":0.0,"distribution":"{\"name\": \"IntDistribution\", \"attributes\": {\"log\": false, \"step\": 1, \"low\": 0, \"high\": 1}}"}
{"op_code":5,"worker_id":"0c0f9c6a-7791-4e75-bd15-b6694c4e9ca4-139980931965760","trial_id":3,"param_name":"need_label_contains","param_value_internal":1.0,"distribution":"{\"name\": \"IntDistribution\", \"attributes\": {\"log\": false, \"step\": 1, \"low\": 0, \"high\": 1}}"}
{"op_code":5,"worker_id":"0c0f9c6a-7791-4e75-bd15-b6694c4e9ca4-139980931965760","trial_id":3,"param_name":"label_contains_tau","param_value_internal":1,"distribution":"{\"name\": \"CategoricalDistribution\", \"attributes\": {\"choices\": [\"earn\", \"acq\", \"money-fx\", \"grain\", \"crude\", \"trade\", \"interest\", \"ship\", \"wheat\", \"corn\", \"sugar\", \"oilseed\", \"dlr\", \"gnp\", \"coffee\", \"veg-oil\", \"gold\", \"nat-gas\", \"money-supply\", \"livestock\"]}}"}
{"op_code":5,"worker_id":"0c0f9c6a-7791-4e75-bd15-b6694c4e9ca4-139980931965760","trial_id":3,"param_name":"need_label_eq","param_value_internal":1.0,"distribution":"{\"name\": \"IntDistribution\", \"attributes\": {\"log\": false, \"step\": 1, \"low\": 0, \"high\": 1}}"}
{"op_code":5,"worker_id":"0c0f9c6a-7791-4e75-bd15-b6694c4e9ca4-139980931965760","trial_id":3,"param_name":"label_eq_tau","param_value_internal":19,"distribution":"{\"name\": \"CategoricalDistribution\", \"attributes\": {\"choices\": [\"earn\", \"acq\", \"money-fx\", \"grain\", \"crude\", \"trade\", \"interest\", \"ship\", \"wheat\", \"corn\", \"sugar\", \"oilseed\", \"dlr\", \"gnp\", \"coffee\", \"veg-oil\", \"gold\", \"nat-gas\", \"money-supply\", \"livestock\"]}}"}
{"op_code":5,"worker_id":"0c0f9c6a-7791-4e75-bd15-b6694c4e9ca4-139980931965760","trial_id":3,"param_name":"need_label_minus","param_value_internal":0.0,"distribution":"{\"name\": \"IntDistribution\", \"attributes\": {\"log\": false, \"step\": 1, \"low\": 0, \"high\": 1}}"}
{"op_code":5,"worker_id":"0c0f9c6a-7791-4e75-bd15-b6694c4e9ca4-139980931965760","trial_id":3,"param_name":"consequence_label","param_value_internal":6,"distribution":"{\"name\": \"CategoricalDistribution\", \"attributes\": {\"choices\": [\"earn\", \"acq\", \"money-fx\", \"grain\", \"crude\", \"trade\", \"interest\", \"ship\", \"wheat\", \"corn\", \"sugar\", \"oilseed\", \"dlr\", \"gnp\", \"coffee\", \"veg-oil\", \"gold\", \"nat-gas\", \"money-supply\", \"livestock\"]}}"}
{"op_code":6,"worker_id":"0c0f9c6a-7791-4e75-bd15-b6694c4e9ca4-139980931965760","trial_id":3,"state":1,"values":[-1.0],"datetime_complete":"2026-03-21T20:17:43.397355"}
{"op_code":4,"worker_id":"0c0f9c6a-7791-4e75-bd15-b6694c4e9ca4-139980931965760","study_id":0,"datetime_start":"2026-03-21T20:17:43.398226"}
{"op_code":5,"worker_id":"0c0f9c6a-7791-4e75-bd15-b6694c4e9ca4-139980931965760","trial_id":4,"param_name":"body_size","param_value_internal":2.0,"distribution":"{\"name\": \"IntDistribution\", \"attributes\": {\"log\": false, \"step\": 1, \"low\": 1, \"high\": 4}}"}
{"op_code":5,"worker_id":"0c0f9c6a-7791-4e75-bd15-b6694c4e9ca4-139980931965760","trial_id":4,"param_name":"body_pred_idx_0","param_value_internal":96.0,"distribution":"{\"name\": \"IntDistribution\", \"attributes\": {\"log\": false, \"step\": 1, \"low\": 0, \"high\": 99}}"}
{"op_code":5,"worker_id":"0c0f9c6a-7791-4e75-bd15-b6694c4e9ca4-139980931965760","trial_id":4,"param_name":"body_pred_idx_1","param_value_internal":75.0,"distribution":"{\"name\": \"IntDistribution\", \"attributes\": {\"log\": false, \"step\": 1, \"low\": 0, \"high\": 99}}"}
{"op_code":5,"worker_id":"0c0f9c6a-7791-4e75-bd15-b6694c4e9ca4-139980931965760","trial_id":4,"param_name":"need_ml_0","param_value_internal":0.0,"distribution":"{\"name\": \"IntDistribution\", \"attributes\": {\"log\": false, \"step\": 1, \"low\": 0, \"high\": 1}}"}
{"op_code":5,"worker_id":"0c0f9c6a-7791-4e75-bd15-b6694c4e9ca4-139980931965760","trial_id":4,"param_name":"need_ml_1","param_value_internal":0.0,"distribution":"{\"name\": \"IntDistribution\", \"attributes\": {\"log\": false, \"step\": 1, \"low\": 0, \"high\": 1}}"}
{"op_code":5,"worker_id":"0c0f9c6a-7791-4e75-bd15-b6694c4e9ca4-139980931965760","trial_id":4,"param_name":"need_ml_2","param_value_internal":1.0,"distribution":"{\"name\": \"IntDistribution\", \"attributes\": {\"log\": false, \"step\": 1, \"low\": 0, \"high\": 1}}"}
{"op_code":5,"worker_id":"0c0f9c6a-7791-4e75-bd15-b6694c4e9ca4-139980931965760","trial_id":4,"param_name":"ml_tau_2","param_value_internal":0,"distribution":"{\"name\": \"CategoricalDistribution\", \"attributes\": {\"choices\": [\"earn\", \"acq\", \"money-fx\", \"grain\", \"crude\", \"trade\", \"interest\", \"ship\", \"wheat\", \"corn\", \"sugar\", \"oilseed\", \"dlr\", \"gnp\", \"coffee\", \"veg-oil\", \"gold\", \"nat-gas\", \"money-supply\", \"livestock\"]}}"}
{"op_code":5,"worker_id":"0c0f9c6a-7791-4e75-bd15-b6694c4e9ca4-139980931965760","trial_id":4,"param_name":"need_label_contains","param_value_internal":0.0,"distribution":"{\"name\": \"IntDistribution\", \"attributes\": {\"log\": false, \"step\": 1, \"low\": 0, \"high\": 1}}"}
{"op_code":5,"worker_id":"0c0f9c6a-7791-4e75-bd15-b6694c4e9ca4-139980931965760","trial_id":4,"param_name":"need_label_eq","param_value_internal":1.0,"distribution":"{\"name\": \"IntDistribution\", \"attributes\": {\"log\": false, \"step\": 1, \"low\": 0, \"high\": 1}}"}
{"op_code":5,"worker_id":"0c0f9c6a-7791-4e75-bd15-b6694c4e9ca4-139980931965760","trial_id":4,"param_name":"label_eq_tau","param_value_internal":4,"distribution":"{\"name\": \"CategoricalDistribution\", \"attributes\": {\"choices\": [\"earn\", \"acq\", \"money-fx\", \"grain\", \"crude\", \"trade\", \"interest\", \"ship\", \"wheat\", \"corn\", \"sugar\", \"oilseed\", \"dlr\", \"gnp\", \"coffee\", \"veg-oil\", \"gold\", \"nat-gas\", \"money-supply\", \"livestock\"]}}"}
{"op_code":5,"worker_id":"0c0f9c6a-7791-4e75-bd15-b6694c4e9ca4-139980931965760","trial_id":4,"param_name":"need_label_minus","param_value_internal":1.0,"distribution":"{\"name\": \"IntDistribution\", \"attributes\": {\"log\": false, \"step\": 1, \"low\": 0, \"high\": 1}}"}
{"op_code":5,"worker_id":"0c0f9c6a-7791-4e75-bd15-b6694c4e9ca4-139980931965760","trial_id":4,"param_name":"label_minus_tau","param_value_internal":16,"distribution":"{\"name\": \"CategoricalDistribution\", \"attributes\": {\"choices\": [\"earn\", \"acq\", \"money-fx\", \"grain\", \"crude\", \"trade\", \"interest\", \"ship\", \"wheat\", \"corn\", \"sugar\", \"oilseed\", \"dlr\", \"gnp\", \"coffee\", \"veg-oil\", \"gold\", \"nat-gas\", \"money-supply\", \"livestock\"]}}"}
{"op_code":5,"worker_id":"0c0f9c6a-7791-4e75-bd15-b6694c4e9ca4-139980931965760","trial_id":4,"param_name":"consequence_label","param_value_internal":2,"distribution":"{\"name\": \"CategoricalDistribution\", \"attributes\": {\"choices\": [\"earn\", \"acq\", \"money-fx\", \"grain\", \"crude\", \"trade\", \"interest\", \"ship\", \"wheat\", \"corn\", \"sugar\", \"oilseed\", \"dlr\", \"gnp\", \"coffee\", \"veg-oil\", \"gold\", \"nat-gas\", \"money-supply\", \"livestock\"]}}"}
{"op_code":6,"worker_id":"0c0f9c6a-7791-4e75-bd15-b6694c4e9ca4-139980931965760","trial_id":4,"state":1,"values":[-1.0],"datetime_complete":"2026-03-21T20:17:43.429928"}
{"op_code":4,"worker_id":"0c0f9c6a-7791-4e75-bd15-b6694c4e9ca4-139980931965760","study_id":0,"datetime_start":"2026-03-21T20:17:43.431169"}
{"op_code":5,"worker_id":"0c0f9c6a-7791-4e75-bd15-b6694c4e9ca4-139980931965760","trial_id":5,"param_name":"body_size","param_value_internal":4.0,"distribution":"{\"name\": \"IntDistribution\", \"attributes\": {\"log\": false, \"step\": 1, \"low\": 1, \"high\": 4}}"}
{"op_code":5,"worker_id":"0c0f9c6a-7791-4e75-bd15-b6694c4e9ca4-139980931965760","trial_id":5,"param_name":"body_pred_idx_0","param_value_internal":11.0,"distribution":"{\"name\": \"IntDistribution\", \"attributes\": {\"log\": false, \"step\": 1, \"low\": 0, \"high\": 99}}"}
{"op_code":5,"worker_id":"0c0f9c6a-7791-4e75-bd15-b6694c4e9ca4-139980931965760","trial_id":5,"param_name":"body_pred_idx_1","param_value_internal":77.0,"distribution":"{\"name\": \"IntDistribution\", \"attributes\": {\"log\": false, \"step\": 1, \"low\": 0, \"high\": 99}}"}
{"op_code":5,"worker_id":"0c0f9c6a-7791-4e75-bd15-b6694c4e9ca4-139980931965760","trial_id":5,"param_name":"body_pred_idx_2","param_value_internal":36.0,"distribution":"{\"name\": \"IntDistribution\", \"attributes\": {\"log\": false, \"step\": 1, \"low\": 0, \"high\": 99}}"}
{"op_code":5,"worker_id":"0c0f9c6a-7791-4e75-bd15-b6694c4e9ca4-139980931965760","trial_id":5,"param_name":"body_pred_idx_3","param_value_internal":26.0,"distribution":"{\"name\": \"IntDistribution\", \"attributes\": {\"log\": false, \"step\": 1, \"low\": 0, \"high\": 99}}"}
{"op_code":5,"worker_id":"0c0f9c6a-7791-4e75-bd15-b6694c4e9ca4-139980931965760","trial_id":5,"param_name":"eta_11","param_value_internal":12.0,"distribution":"{\"name\": \"IntDistribution\", \"attributes\": {\"log\": false, \"step\": 1, \"low\": 1, \"high\": 20}}"}
{"op_code":5,"worker_id":"0c0f9c6a-7791-4e75-bd15-b6694c4e9ca4-139980931965760","trial_id":5,"param_name":"op_11","param_value_internal":3,"distribution":"{\"name\": \"CategoricalDistribution\", \"attributes\": {\"choices\": [\">=\", \"<=\", \"==\", \">\", \"<\"]}}"}
{"op_code":5,"worker_id":"0c0f9c6a-7791-4e75-bd15-b6694c4e9ca4-139980931965760","trial_id":5,"param_name":"need_ml_0","param_value_internal":1.0,"distribution":"{\"name\": \"IntDistribution\", \"attributes\": {\"log\": false, \"step\": 1, \"low\": 0, \"high\": 1}}"}
{"op_code":5,"worker_id":"0c0f9c6a-7791-4e75-bd15-b6694c4e9ca4-139980931965760","trial_id":5,"param_name":"ml_tau_0","param_value_internal":0,"distribution":"{\"name\": \"CategoricalDistribution\", \"attributes\": {\"choices\": [\"earn\", \"acq\", \"money-fx\", \"grain\", \"crude\", \"trade\", \"interest\", \"ship\", \"wheat\", \"corn\", \"sugar\", \"oilseed\", \"dlr\", \"gnp\", \"coffee\", \"veg-oil\", \"gold\", \"nat-gas\", \"money-supply\", \"livestock\"]}}"}
{"op_code":5,"worker_id":"0c0f9c6a-7791-4e75-bd15-b6694c4e9ca4-139980931965760","trial_id":5,"param_name":"need_ml_1","param_value_internal":1.0,"distribution":"{\"name\": \"IntDistribution\", \"attributes\": {\"log\": false, \"step\": 1, \"low\": 0, \"high\": 1}}"}
{"op_code":5,"worker_id":"0c0f9c6a-7791-4e75-bd15-b6694c4e9ca4-139980931965760","trial_id":5,"param_name":"ml_tau_1","param_value_internal":5,"distribution":"{\"name\": \"CategoricalDistribution\", \"attributes\": {\"choices\": [\"earn\", \"acq\", \"money-fx\", \"grain\", \"crude\", \"trade\", \"interest\", \"ship\", \"wheat\", \"corn\", \"sugar\", \"oilseed\", \"dlr\", \"gnp\", \"coffee\", \"veg-oil\", \"gold\", \"nat-gas\", \"money-supply\", \"livestock\"]}}"}
{"op_code":5,"worker_id":"0c0f9c6a-7791-4e75-bd15-b6694c4e9ca4-139980931965760","trial_id":5,"param_name":"need_ml_2","param_value_internal":0.0,"distribution":"{\"name\": \"IntDistribution\", \"attributes\": {\"log\": false, \"step\": 1, \"low\": 0, \"high\": 1}}"}
{"op_code":5,"worker_id":"0c0f9c6a-7791-4e75-bd15-b6694c4e9ca4-139980931965760","trial_id":5,"param_name":"need_label_contains","param_value_internal":1.0,"distribution":"{\"name\": \"IntDistribution\", \"attributes\": {\"log\": false, \"step\": 1, \"low\": 0, \"high\": 1}}"}
{"op_code":5,"worker_id":"0c0f9c6a-7791-4e75-bd15-b6694c4e9ca4-139980931965760","trial_id":5,"param_name":"label_contains_tau","param_value_internal":14,"distribution":"{\"name\": \"CategoricalDistribution\", \"attributes\": {\"choices\": [\"earn\", \"acq\", \"money-fx\", \"grain\", \"crude\", \"trade\", \"interest\", \"ship\", \"wheat\", \"corn\", \"sugar\", \"oilseed\", \"dlr\", \"gnp\", \"coffee\", \"veg-oil\", \"gold\", \"nat-gas\", \"money-supply\", \"livestock\"]}}"}
{"op_code":5,"worker_id":"0c0f9c6a-7791-4e75-bd15-b6694c4e9ca4-139980931965760","trial_id":5,"param_name":"need_label_eq","param_value_internal":0.0,"distribution":"{\"name\": \"IntDistribution\", \"attributes\": {\"log\": false, \"step\": 1, \"low\": 0, \"high\": 1}}"}
{"op_code":5,"worker_id":"0c0f9c6a-7791-4e75-bd15-b6694c4e9ca4-139980931965760","trial_id":5,"param_name":"need_label_minus","param_value_internal":1.0,"distribution":"{\"name\": \"IntDistribution\", \"attributes\": {\"log\": false, \"step\": 1, \"low\": 0, \"high\": 1}}"}
{"op_code":5,"worker_id":"0c0f9c6a-7791-4e75-bd15-b6694c4e9ca4-139980931965760","trial_id":5,"param_name":"label_minus_tau","param_value_internal":16,"distribution":"{\"name\": \"CategoricalDistribution\", \"attributes\": {\"choices\": [\"earn\", \"acq\", \"money-fx\", \"grain\", \"crude\", \"trade\", \"interest\", \"ship\", \"wheat\", \"corn\", \"sugar\", \"oilseed\", \"dlr\", \"gnp\", \"coffee\", \"veg-oil\", \"gold\", \"nat-gas\", \"money-supply\", \"livestock\"]}}"}
{"op_code":5,"worker_id":"0c0f9c6a-7791-4e75-bd15-b6694c4e9ca4-139980931965760","trial_id":5,"param_name":"consequence_label","param_value_internal":4,"distribution":"{\"name\": \"CategoricalDistribution\", \"attributes\": {\"choices\": [\"earn\", \"acq\", \"money-fx\", \"grain\", \"crude\", \"trade\", \"interest\", \"ship\", \"wheat\", \"corn\", \"sugar\", \"oilseed\", \"dlr\", \"gnp\", \"coffee\", \"veg-oil\", \"gold\", \"nat-gas\", \"money-supply\", \"livestock\"]}}"}
{"op_code":6,"worker_id":"0c0f9c6a-7791-4e75-bd15-b6694c4e9ca4-139980931965760","trial_id":5,"state":1,"values":[-1.0],"datetime_complete":"2026-03-21T20:17:43.451588"}
{"op_code":4,"worker_id":"0c0f9c6a-7791-4e75-bd15-b6694c4e9ca4-139980931965760","study_id":0,"datetime_start":"2026-03-21T20:17:43.452108"}
{"op_code":5,"worker_id":"0c0f9c6a-7791-4e75-bd15-b6694c4e9ca4-139980931965760","trial_id":6,"param_name":"body_size","param_value_internal":4.0,"distribution":"{\"name\": \"IntDistribution\", \"attributes\": {\"log\": false, \"step\": 1, \"low\": 1, \"high\": 4}}"}
{"op_code":5,"worker_id":"0c0f9c6a-7791-4e75-bd15-b6694c4e9ca4-139980931965760","trial_id":6,"param_name":"body_pred_idx_0","param_value_internal":32.0,"distribution":"{\"name\": \"IntDistribution\", \"attributes\": {\"log\": false, \"step\": 1, \"low\": 0, \"high\": 99}}"}
{"op_code":5,"worker_id":"0c0f9c6a-7791-4e75-bd15-b6694c4e9ca4-139980931965760","trial_id":6,"param_name":"body_pred_idx_1","param_value_internal":12.0,"distribution":"{\"name\": \"IntDistribution\", \"attributes\": {\"log\": false, \"step\": 1, \"low\": 0, \"high\": 99}}"}
{"op_code":5,"worker_id":"0c0f9c6a-7791-4e75-bd15-b6694c4e9ca4-139980931965760","trial_id":6,"param_name":"body_pred_idx_2","param_value_internal":38.0,"distribution":"{\"name\": \"IntDistribution\", \"attributes\": {\"log\": false, \"step\": 1, \"low\": 0, \"high\": 99}}"}
{"op_code":5,"worker_id":"0c0f9c6a-7791-4e75-bd15-b6694c4e9ca4-139980931965760","trial_id":6,"param_name":"body_pred_idx_3","param_value_internal":47.0,"distribution":"{\"name\": \"IntDistribution\", \"attributes\": {\"log\": false, \"step\": 1, \"low\": 0, \"high\": 99}}"}
{"op_code":5,"worker_id":"0c0f9c6a-7791-4e75-bd15-b6694c4e9ca4-139980931965760","trial_id":6,"param_name":"need_ml_0","param_value_internal":0.0,"distribution":"{\"name\": \"IntDistribution\", \"attributes\": {\"log\": false, \"step\": 1, \"low\": 0, \"high\": 1}}"}
{"op_code":5,"worker_id":"0c0f9c6a-7791-4e75-bd15-b6694c4e9ca4-139980931965760","trial_id":6,"param_name":"need_ml_1","param_value_internal":0.0,"distribution":"{\"name\": \"IntDistribution\", \"attributes\": {\"log\": false, \"step\": 1, \"low\": 0, \"high\": 1}}"}
{"op_code":5,"worker_id":"0c0f9c6a-7791-4e75-bd15-b6694c4e9ca4-139980931965760","trial_id":6,"param_name":"need_ml_2","param_value_internal":0.0,"distribution":"{\"name\": \"IntDistribution\", \"attributes\": {\"log\": false, \"step\": 1, \"low\": 0, \"high\": 1}}"}
{"op_code":5,"worker_id":"0c0f9c6a-7791-4e75-bd15-b6694c4e9ca4-139980931965760","trial_id":6,"param_name":"need_label_contains","param_value_internal":0.0,"distribution":"{\"name\": \"IntDistribution\", \"attributes\": {\"log\": false, \"step\": 1, \"low\": 0, \"high\": 1}}"}
{"op_code":5,"worker_id":"0c0f9c6a-7791-4e75-bd15-b6694c4e9ca4-139980931965760","trial_id":6,"param_name":"need_label_eq","param_value_internal":0.0,"distribution":"{\"name\": \"IntDistribution\", \"attributes\": {\"log\": false, \"step\": 1, \"low\": 0, \"high\": 1}}"}
{"op_code":5,"worker_id":"0c0f9c6a-7791-4e75-bd15-b6694c4e9ca4-139980931965760","trial_id":6,"param_name":"need_label_minus","param_value_internal":1.0,"distribution":"{\"name\": \"IntDistribution\", \"attributes\": {\"log\": false, \"step\": 1, \"low\": 0, \"high\": 1}}"}
{"op_code":5,"worker_id":"0c0f9c6a-7791-4e75-bd15-b6694c4e9ca4-139980931965760","trial_id":6,"param_name":"label_minus_tau","param_value_internal":5,"distribution":"{\"name\": \"CategoricalDistribution\", \"attributes\": {\"choices\": [\"earn\", \"acq\", \"money-fx\", \"grain\", \"crude\", \"trade\", \"interest\", \"ship\", \"wheat\", \"corn\", \"sugar\", \"oilseed\", \"dlr\", \"gnp\", \"coffee\", \"veg-oil\", \"gold\", \"nat-gas\", \"money-supply\", \"livestock\"]}}"}
{"op_code":5,"worker_id":"0c0f9c6a-7791-4e75-bd15-b6694c4e9ca4-139980931965760","trial_id":6,"param_name":"consequence_label","param_value_internal":15,"distribution":"{\"name\": \"CategoricalDistribution\", \"attributes\": {\"choices\": [\"earn\", \"acq\", \"money-fx\", \"grain\", \"crude\", \"trade\", \"interest\", \"ship\", \"wheat\", \"corn\", \"sugar\", \"oilseed\", \"dlr\", \"gnp\", \"coffee\", \"veg-oil\", \"gold\", \"nat-gas\", \"money-supply\", \"livestock\"]}}"}
{"op_code":6,"worker_id":"0c0f9c6a-7791-4e75-bd15-b6694c4e9ca4-139980931965760","trial_id":6,"state":1,"values":[-1.0],"datetime_complete":"2026-03-21T20:17:43.462201"}
{"op_code":4,"worker_id":"0c0f9c6a-7791-4e75-bd15-b6694c4e9ca4-139980931965760","study_id":0,"datetime_start":"2026-03-21T20:17:43.462603"}
{"op_code":5,"worker_id":"0c0f9c6a-7791-4e75-bd15-b6694c4e9ca4-139980931965760","trial_id":7,"param_name":"body_size","param_value_internal":1.0,"distribution":"{\"name\": \"IntDistribution\", \"attributes\": {\"log\": false, \"step\": 1, \"low\": 1, \"high\": 4}}"}
{"op_code":5,"worker_id":"0c0f9c6a-7791-4e75-bd15-b6694c4e9ca4-139980931965760","trial_id":7,"param_name":"body_pred_idx_0","param_value_internal":69.0,"distribution":"{\"name\": \"IntDistribution\", \"attributes\": {\"log\": false, \"step\": 1, \"low\": 0, \"high\": 99}}"}
{"op_code":5,"worker_id":"0c0f9c6a-7791-4e75-bd15-b6694c4e9ca4-139980931965760","trial_id":7,"param_name":"need_ml_0","param_value_internal":1.0,"distribution":"{\"name\": \"IntDistribution\", \"attributes\": {\"log\": false, \"step\": 1, \"low\": 0, \"high\": 1}}"}
{"op_code":5,"worker_id":"0c0f9c6a-7791-4e75-bd15-b6694c4e9ca4-139980931965760","trial_id":7,"param_name":"ml_tau_0","param_value_internal":6,"distribution":"{\"name\": \"CategoricalDistribution\", \"attributes\": {\"choices\": [\"earn\", \"acq\", \"money-fx\", \"grain\", \"crude\", \"trade\", \"interest\", \"ship\", \"wheat\", \"corn\", \"sugar\", \"oilseed\", \"dlr\", \"gnp\", \"coffee\", \"veg-oil\", \"gold\", \"nat-gas\", \"money-supply\", \"livestock\"]}}"}
{"op_code":5,"worker_id":"0c0f9c6a-7791-4e75-bd15-b6694c4e9ca4-139980931965760","trial_id":7,"param_name":"need_ml_1","param_value_internal":0.0,"distribution":"{\"name\": \"IntDistribution\", \"attributes\": {\"log\": false, \"step\": 1, \"low\": 0, \"high\": 1}}"}
{"op_code":5,"worker_id":"0c0f9c6a-7791-4e75-bd15-b6694c4e9ca4-139980931965760","trial_id":7,"param_name":"need_ml_2","param_value_internal":1.0,"distribution":"{\"name\": \"IntDistribution\", \"attributes\": {\"log\": false, \"step\": 1, \"low\": 0, \"high\": 1}}"}
{"op_code":5,"worker_id":"0c0f9c6a-7791-4e75-bd15-b6694c4e9ca4-139980931965760","trial_id":7,"param_name":"ml_tau_2","param_value_internal":7,"distribution":"{\"name\": \"CategoricalDistribution\", \"attributes\": {\"choices\": [\"earn\", \"acq\", \"money-fx\", \"grain\", \"crude\", \"trade\", \"interest\", \"ship\", \"wheat\", \"corn\", \"sugar\", \"oilseed\", \"dlr\", \"gnp\", \"coffee\", \"veg-oil\", \"gold\", \"nat-gas\", \"money-supply\", \"livestock\"]}}"}
{"op_code":5,"worker_id":"0c0f9c6a-7791-4e75-bd15-b6694c4e9ca4-139980931965760","trial_id":7,"param_name":"need_label_contains","param_value_internal":0.0,"distribution":"{\"name\": \"IntDistribution\", \"attributes\": {\"log\": false, \"step\": 1, \"low\": 0, \"high\": 1}}"}
{"op_code":5,"worker_id":"0c0f9c6a-7791-4e75-bd15-b6694c4e9ca4-139980931965760","trial_id":7,"param_name":"need_label_eq","param_value_internal":1.0,"distribution":"{\"name\": \"IntDistribution\", \"attributes\": {\"log\": false, \"step\": 1, \"low\": 0, \"high\": 1}}"}
{"op_code":5,"worker_id":"0c0f9c6a-7791-4e75-bd15-b6694c4e9ca4-139980931965760","trial_id":7,"param_name":"label_eq_tau","param_value_internal":10,"distribution":"{\"name\": \"CategoricalDistribution\", \"attributes\": {\"choices\": [\"earn\", \"acq\", \"money-fx\", \"grain\", \"crude\", \"trade\", \"interest\", \"ship\", \"wheat\", \"corn\", \"sugar\", \"oilseed\", \"dlr\", \"gnp\", \"coffee\", \"veg-oil\", \"gold\", \"nat-gas\", \"money-supply\", \"livestock\"]}}"}
{"op_code":5,"worker_id":"0c0f9c6a-7791-4e75-bd15-b6694c4e9ca4-139980931965760","trial_id":7,"param_name":"need_label_minus","param_value_internal":0.0,"distribution":"{\"name\": \"IntDistribution\", \"attributes\": {\"log\": false, \"step\": 1, \"low\": 0, \"high\": 1}}"}
{"op_code":5,"worker_id":"0c0f9c6a-7791-4e75-bd15-b6694c4e9ca4-139980931965760","trial_id":7,"param_name":"consequence_label","param_value_internal":3,"distribution":"{\"name\": \"CategoricalDistribution\", \"attributes\": {\"choices\": [\"earn\", \"acq\", \"money-fx\", \"grain\", \"crude\", \"trade\", \"interest\", \"ship\", \"wheat\", \"corn\", \"sugar\", \"oilseed\", \"dlr\", \"gnp\", \"coffee\", \"veg-oil\", \"gold\", \"nat-gas\", \"money-supply\", \"livestock\"]}}"}
{"op_code":6,"worker_id":"0c0f9c6a-7791-4e75-bd15-b6694c4e9ca4-139980931965760","trial_id":7,"state":1,"values":[-1.0],"datetime_complete":"2026-03-21T20:17:43.691447"}
{"op_code":4,"worker_id":"0c0f9c6a-7791-4e75-bd15-b6694c4e9ca4-139980931965760","study_id":0,"datetime_start":"2026-03-21T20:17:43.692314"}
{"op_code":5,"worker_id":"0c0f9c6a-7791-4e75-bd15-b6694c4e9ca4-139980931965760","trial_id":8,"param_name":"body_size","param_value_internal":2.0,"distribution":"{\"name\": \"IntDistribution\", \"attributes\": {\"log\": false, \"step\": 1, \"low\": 1, \"high\": 4}}"}
{"op_code":5,"worker_id":"0c0f9c6a-7791-4e75-bd15-b6694c4e9ca4-139980931965760","trial_id":8,"param_name":"body_pred_idx_0","param_value_internal":68.0,"distribution":"{\"name\": \"IntDistribution\", \"attributes\": {\"log\": false, \"step\": 1, \"low\": 0, \"high\": 99}}"}
{"op_code":5,"worker_id":"0c0f9c6a-7791-4e75-bd15-b6694c4e9ca4-139980931965760","trial_id":8,"param_name":"body_pred_idx_1","param_value_internal":76.0,"distribution":"{\"name\": \"IntDistribution\", \"attributes\": {\"log\": false, \"step\": 1, \"low\": 0, \"high\": 99}}"}
{"op_code":5,"worker_id":"0c0f9c6a-7791-4e75-bd15-b6694c4e9ca4-139980931965760","trial_id":8,"param_name":"need_ml_0","param_value_internal":1.0,"distribution":"{\"name\": \"IntDistribution\", \"attributes\": {\"log\": false, \"step\": 1, \"low\": 0, \"high\": 1}}"}
{"op_code":5,"worker_id":"0c0f9c6a-7791-4e75-bd15-b6694c4e9ca4-139980931965760","trial_id":8,"param_name":"ml_tau_0","param_value_internal":14,"distribution":"{\"name\": \"CategoricalDistribution\", \"attributes\": {\"choices\": [\"earn\", \"acq\", \"money-fx\", \"grain\", \"crude\", \"trade\", \"interest\", \"ship\", \"wheat\", \"corn\", \"sugar\", \"oilseed\", \"dlr\", \"gnp\", \"coffee\", \"veg-oil\", \"gold\", \"nat-gas\", \"money-supply\", \"livestock\"]}}"}
{"op_code":5,"worker_id":"0c0f9c6a-7791-4e75-bd15-b6694c4e9ca4-139980931965760","trial_id":8,"param_name":"need_ml_1","param_value_internal":1.0,"distribution":"{\"name\": \"IntDistribution\", \"attributes\": {\"log\": false, \"step\": 1, \"low\": 0, \"high\": 1}}"}
{"op_code":5,"worker_id":"0c0f9c6a-7791-4e75-bd15-b6694c4e9ca4-139980931965760","trial_id":8,"param_name":"ml_tau_1","param_value_internal":13,"distribution":"{\"name\": \"CategoricalDistribution\", \"attributes\": {\"choices\": [\"earn\", \"acq\", \"money-fx\", \"grain\", \"crude\", \"trade\", \"interest\", \"ship\", \"wheat\", \"corn\", \"sugar\", \"oilseed\", \"dlr\", \"gnp\", \"coffee\", \"veg-oil\", \"gold\", \"nat-gas\", \"money-supply\", \"livestock\"]}}"}
{"op_code":5,"worker_id":"0c0f9c6a-7791-4e75-bd15-b6694c4e9ca4-139980931965760","trial_id":8,"param_name":"need_ml_2","param_value_internal":0.0,"distribution":"{\"name\": \"IntDistribution\", \"attributes\": {\"log\": false, \"step\": 1, \"low\": 0, \"high\": 1}}"}
{"op_code":5,"worker_id":"0c0f9c6a-7791-4e75-bd15-b6694c4e9ca4-139980931965760","trial_id":8,"param_name":"need_label_contains","param_value_internal":0.0,"distribution":"{\"name\": \"IntDistribution\", \"attributes\": {\"log\": false, \"step\": 1, \"low\": 0, \"high\": 1}}"}
{"op_code":5,"worker_id":"0c0f9c6a-7791-4e75-bd15-b6694c4e9ca4-139980931965760","trial_id":8,"param_name":"need_label_eq","param_value_internal":0.0,"distribution":"{\"name\": \"IntDistribution\", \"attributes\": {\"log\": false, \"step\": 1, \"low\": 0, \"high\": 1}}"}
{"op_code":5,"worker_id":"0c0f9c6a-7791-4e75-bd15-b6694c4e9ca4-139980931965760","trial_id":8,"param_name":"need_label_minus","param_value_internal":0.0,"distribution":"{\"name\": \"IntDistribution\", \"attributes\": {\"log\": false, \"step\": 1, \"low\": 0, \"high\": 1}}"}
{"op_code":5,"worker_id":"0c0f9c6a-7791-4e75-bd15-b6694c4e9ca4-139980931965760","trial_id":8,"param_name":"consequence_label","param_value_internal":13,"distribution":"{\"name\": \"CategoricalDistribution\", \"attributes\": {\"choices\": [\"earn\", \"acq\", \"money-fx\", \"grain\", \"crude\", \"trade\", \"interest\", \"ship\", \"wheat\", \"corn\", \"sugar\", \"oilseed\", \"dlr\", \"gnp\", \"coffee\", \"veg-oil\", \"gold\", \"nat-gas\", \"money-supply\", \"livestock\"]}}"}
{"op_code":6,"worker_id":"0c0f9c6a-7791-4e75-bd15-b6694c4e9ca4-139980931965760","trial_id":8,"state":1,"values":[-1.0],"datetime_complete":"2026-03-21T20:17:43.868391"}
{"op_code":4,"worker_id":"0c0f9c6a-7791-4e75-bd15-b6694c4e9ca4-139980931965760","study_id":0,"datetime_start":"2026-03-21T20:17:43.869291"}
{"op_code":5,"worker_id":"0c0f9c6a-7791-4e75-bd15-b6694c4e9ca4-139980931965760","trial_id":9,"param_name":"body_size","param_value_internal":3.0,"distribution":"{\"name\": \"IntDistribution\", \"attributes\": {\"log\": false, \"step\": 1, \"low\": 1, \"high\": 4}}"}
{"op_code":5,"worker_id":"0c0f9c6a-7791-4e75-bd15-b6694c4e9ca4-139980931965760","trial_id":9,"param_name":"body_pred_idx_0","param_value_internal":73.0,"distribution":"{\"name\": \"IntDistribution\", \"attributes\": {\"log\": false, \"step\": 1, \"low\": 0, \"high\": 99}}"}
{"op_code":5,"worker_id":"0c0f9c6a-7791-4e75-bd15-b6694c4e9ca4-139980931965760","trial_id":9,"param_name":"body_pred_idx_1","param_value_internal":80.0,"distribution":"{\"name\": \"IntDistribution\", \"attributes\": {\"log\": false, \"step\": 1, \"low\": 0, \"high\": 99}}"}
{"op_code":5,"worker_id":"0c0f9c6a-7791-4e75-bd15-b6694c4e9ca4-139980931965760","trial_id":9,"param_name":"body_pred_idx_2","param_value_internal":91.0,"distribution":"{\"name\": \"IntDistribution\", \"attributes\": {\"log\": false, \"step\": 1, \"low\": 0, \"high\": 99}}"}
{"op_code":5,"worker_id":"0c0f9c6a-7791-4e75-bd15-b6694c4e9ca4-139980931965760","trial_id":9,"param_name":"need_ml_0","param_value_internal":1.0,"distribution":"{\"name\": \"IntDistribution\", \"attributes\": {\"log\": false, \"step\": 1, \"low\": 0, \"high\": 1}}"}
{"op_code":5,"worker_id":"0c0f9c6a-7791-4e75-bd15-b6694c4e9ca4-139980931965760","trial_id":9,"param_name":"ml_tau_0","param_value_internal":5,"distribution":"{\"name\": \"CategoricalDistribution\", \"attributes\": {\"choices\": [\"earn\", \"acq\", \"money-fx\", \"grain\", \"crude\", \"trade\", \"interest\", \"ship\", \"wheat\", \"corn\", \"sugar\", \"oilseed\", \"dlr\", \"gnp\", \"coffee\", \"veg-oil\", \"gold\", \"nat-gas\", \"money-supply\", \"livestock\"]}}"}
{"op_code":5,"worker_id":"0c0f9c6a-7791-4e75-bd15-b6694c4e9ca4-139980931965760","trial_id":9,"param_name":"need_ml_1","param_value_internal":1.0,"distribution":"{\"name\": \"IntDistribution\", \"attributes\": {\"log\": false, \"step\": 1, \"low\": 0, \"high\": 1}}"}
{"op_code":5,"worker_id":"0c0f9c6a-7791-4e75-bd15-b6694c4e9ca4-139980931965760","trial_id":9,"param_name":"ml_tau_1","param_value_internal":18,"distribution":"{\"name\": \"CategoricalDistribution\", \"attributes\": {\"choices\": [\"earn\", \"acq\", \"money-fx\", \"grain\", \"crude\", \"trade\", \"interest\", \"ship\", \"wheat\", \"corn\", \"sugar\", \"oilseed\", \"dlr\", \"gnp\", \"coffee\", \"veg-oil\", \"gold\", \"nat-gas\", \"money-supply\", \"livestock\"]}}"}
{"op_code":5,"worker_id":"0c0f9c6a-7791-4e75-bd15-b6694c4e9ca4-139980931965760","trial_id":9,"param_name":"need_ml_2","param_value_internal":1.0,"distribution":"{\"name\": \"IntDistribution\", \"attributes\": {\"log\": false, \"step\": 1, \"low\": 0, \"high\": 1}}"}
{"op_code":5,"worker_id":"0c0f9c6a-7791-4e75-bd15-b6694c4e9ca4-139980931965760","trial_id":9,"param_name":"ml_tau_2","param_value_internal":10,"distribution":"{\"name\": \"CategoricalDistribution\", \"attributes\": {\"choices\": [\"earn\", \"acq\", \"money-fx\", \"grain\", \"crude\", \"trade\", \"interest\", \"ship\", \"wheat\", \"corn\", \"sugar\", \"oilseed\", \"dlr\", \"gnp\", \"coffee\", \"veg-oil\", \"gold\", \"nat-gas\", \"money-supply\", \"livestock\"]}}"}
{"op_code":5,"worker_id":"0c0f9c6a-7791-4e75-bd15-b6694c4e9ca4-139980931965760","trial_id":9,"param_name":"need_label_contains","param_value_internal":1.0,"distribution":"{\"name\": \"IntDistribution\", \"attributes\": {\"log\": false, \"step\": 1, \"low\": 0, \"high\": 1}}"}
{"op_code":5,"worker_id":"0c0f9c6a-7791-4e75-bd15-b6694c4e9ca4-139980931965760","trial_id":9,"param_name":"label_contains_tau","param_value_internal":0,"distribution":"{\"name\": \"CategoricalDistribution\", \"attributes\": {\"choices\": [\"earn\", \"acq\", \"money-fx\", \"grain\", \"crude\", \"trade\", \"interest\", \"ship\", \"wheat\", \"corn\", \"sugar\", \"oilseed\", \"dlr\", \"gnp\", \"coffee\", \"veg-oil\", \"gold\", \"nat-gas\", \"money-supply\", \"livestock\"]}}"}
{"op_code":5,"worker_id":"0c0f9c6a-7791-4e75-bd15-b6694c4e9ca4-139980931965760","trial_id":9,"param_name":"need_label_eq","param_value_internal":1.0,"distribution":"{\"name\": \"IntDistribution\", \"attributes\": {\"log\": false, \"step\": 1, \"low\": 0, \"high\": 1}}"}
{"op_code":5,"worker_id":"0c0f9c6a-7791-4e75-bd15-b6694c4e9ca4-139980931965760","trial_id":9,"param_name":"label_eq_tau","param_value_internal":13,"distribution":"{\"name\": \"CategoricalDistribution\", \"attributes\": {\"choices\": [\"earn\", \"acq\", \"money-fx\", \"grain\", \"crude\", \"trade\", \"interest\", \"ship\", \"wheat\", \"corn\", \"sugar\", \"oilseed\", \"dlr\", \"gnp\", \"coffee\", \"veg-oil\", \"gold\", \"nat-gas\", \"money-supply\", \"livestock\"]}}"}
{"op_code":5,"worker_id":"0c0f9c6a-7791-4e75-bd15-b6694c4e9ca4-139980931965760","trial_id":9,"param_name":"need_label_minus","param_value_internal":1.0,"distribution":"{\"name\": \"IntDistribution\", \"attributes\": {\"log\": false, \"step\": 1, \"low\": 0, \"high\": 1}}"}
{"op_code":5,"worker_id":"0c0f9c6a-7791-4e75-bd15-b6694c4e9ca4-139980931965760","trial_id":9,"param_name":"label_minus_tau","param_value_internal":2,"distribution":"{\"name\": \"CategoricalDistribution\", \"attributes\": {\"choices\": [\"earn\", \"acq\", \"money-fx\", \"grain\", \"crude\", \"trade\", \"interest\", \"ship\", \"wheat\", \"corn\", \"sugar\", \"oilseed\", \"dlr\", \"gnp\", \"coffee\", \"veg-oil\", \"gold\", \"nat-gas\", \"money-supply\", \"livestock\"]}}"}
{"op_code":5,"worker_id":"0c0f9c6a-7791-4e75-bd15-b6694c4e9ca4-139980931965760","trial_id":9,"param_name":"consequence_label","param_value_internal":16,"distribution":"{\"name\": \"CategoricalDistribution\", \"attributes\": {\"choices\": [\"earn\", \"acq\", \"money-fx\", \"grain\", \"crude\", \"trade\", \"interest\", \"ship\", \"wheat\", \"corn\", \"sugar\", \"oilseed\", \"dlr\", \"gnp\", \"coffee\", \"veg-oil\", \"gold\", \"nat-gas\", \"money-supply\", \"livestock\"]}}"}
{"op_code":6,"worker_id":"0c0f9c6a-7791-4e75-bd15-b6694c4e9ca4-139980931965760","trial_id":9,"state":1,"values":[-1.0],"datetime_complete":"2026-03-21T20:17:43.898913"}
{"op_code":4,"worker_id":"0c0f9c6a-7791-4e75-bd15-b6694c4e9ca4-139980931965760","study_id":0,"datetime_start":"2026-03-21T20:17:43.899479"}
{"op_code":5,"worker_id":"0c0f9c6a-7791-4e75-bd15-b6694c4e9ca4-139980931965760","trial_id":10,"param_name":"body_size","param_value_internal":1.0,"distribution":"{\"name\": \"IntDistribution\", \"attributes\": {\"log\": false, \"step\": 1, \"low\": 1, \"high\": 4}}"}
{"op_code":5,"worker_id":"0c0f9c6a-7791-4e75-bd15-b6694c4e9ca4-139980931965760","trial_id":10,"param_name":"body_pred_idx_0","param_value_internal":52.0,"distribution":"{\"name\": \"IntDistribution\", \"attributes\": {\"log\": false, \"step\": 1, \"low\": 0, \"high\": 99}}"}
{"op_code":5,"worker_id":"0c0f9c6a-7791-4e75-bd15-b6694c4e9ca4-139980931965760","trial_id":10,"param_name":"need_ml_0","param_value_internal":0.0,"distribution":"{\"name\": \"IntDistribution\", \"attributes\": {\"log\": false, \"step\": 1, \"low\": 0, \"high\": 1}}"}
{"op_code":5,"worker_id":"0c0f9c6a-7791-4e75-bd15-b6694c4e9ca4-139980931965760","trial_id":10,"param_name":"need_ml_1","param_value_internal":1.0,"distribution":"{\"name\": \"IntDistribution\", \"attributes\": {\"log\": false, \"step\": 1, \"low\": 0, \"high\": 1}}"}
{"op_code":5,"worker_id":"0c0f9c6a-7791-4e75-bd15-b6694c4e9ca4-139980931965760","trial_id":10,"param_name":"ml_tau_1","param_value_internal":9,"distribution":"{\"name\": \"CategoricalDistribution\", \"attributes\": {\"choices\": [\"earn\", \"acq\", \"money-fx\", \"grain\", \"crude\", \"trade\", \"interest\", \"ship\", \"wheat\", \"corn\", \"sugar\", \"oilseed\", \"dlr\", \"gnp\", \"coffee\", \"veg-oil\", \"gold\", \"nat-gas\", \"money-supply\", \"livestock\"]}}"}
{"op_code":5,"worker_id":"0c0f9c6a-7791-4e75-bd15-b6694c4e9ca4-139980931965760","trial_id":10,"param_name":"need_ml_2","param_value_internal":0.0,"distribution":"{\"name\": \"IntDistribution\", \"attributes\": {\"log\": false, \"step\": 1, \"low\": 0, \"high\": 1}}"}
{"op_code":5,"worker_id":"0c0f9c6a-7791-4e75-bd15-b6694c4e9ca4-139980931965760","trial_id":10,"param_name":"need_label_contains","param_value_internal":1.0,"distribution":"{\"name\": \"IntDistribution\", \"attributes\": {\"log\": false, \"step\": 1, \"low\": 0, \"high\": 1}}"}
{"op_code":5,"worker_id":"0c0f9c6a-7791-4e75-bd15-b6694c4e9ca4-139980931965760","trial_id":10,"param_name":"label_contains_tau","param_value_internal":15,"distribution":"{\"name\": \"CategoricalDistribution\", \"attributes\": {\"choices\": [\"earn\", \"acq\", \"money-fx\", \"grain\", \"crude\", \"trade\", \"interest\", \"ship\", \"wheat\", \"corn\", \"sugar\", \"oilseed\", \"dlr\", \"gnp\", \"coffee\", \"veg-oil\", \"gold\", \"nat-gas\", \"money-supply\", \"livestock\"]}}"}
{"op_code":5,"worker_id":"0c0f9c6a-7791-4e75-bd15-b6694c4e9ca4-139980931965760","trial_id":10,"param_name":"need_label_eq","param_value_internal":0.0,"distribution":"{\"name\": \"IntDistribution\", \"attributes\": {\"log\": false, \"step\": 1, \"low\": 0, \"high\": 1}}"}
{"op_code":5,"worker_id":"0c0f9c6a-7791-4e75-bd15-b6694c4e9ca4-139980931965760","trial_id":10,"param_name":"need_label_minus","param_value_internal":1.0,"distribution":"{\"name\": \"IntDistribution\", \"attributes\": {\"log\": false, \"step\": 1, \"low\": 0, \"high\": 1}}"}
{"op_code":5,"worker_id":"0c0f9c6a-7791-4e75-bd15-b6694c4e9ca4-139980931965760","trial_id":10,"param_name":"label_minus_tau","param_value_internal":6,"distribution":"{\"name\": \"CategoricalDistribution\", \"attributes\": {\"choices\": [\"earn\", \"acq\", \"money-fx\", \"grain\", \"crude\", \"trade\", \"interest\", \"ship\", \"wheat\", \"corn\", \"sugar\", \"oilseed\", \"dlr\", \"gnp\", \"coffee\", \"veg-oil\", \"gold\", \"nat-gas\", \"money-supply\", \"livestock\"]}}"}
{"op_code":5,"worker_id":"0c0f9c6a-7791-4e75-bd15-b6694c4e9ca4-139980931965760","trial_id":10,"param_name":"consequence_label","param_value_internal":11,"distribution":"{\"name\": \"CategoricalDistribution\", \"attributes\": {\"choices\": [\"earn\", \"acq\", \"money-fx\", \"grain\", \"crude\", \"trade\", \"interest\", \"ship\", \"wheat\", \"corn\", \"sugar\", \"oilseed\", \"dlr\", \"gnp\", \"coffee\", \"veg-oil\", \"gold\", \"nat-gas\", \"money-supply\", \"livestock\"]}}"}
{"op_code":6,"worker_id":"0c0f9c6a-7791-4e75-bd15-b6694c4e9ca4-139980931965760","trial_id":10,"state":1,"values":[-1.0],"datetime_complete":"2026-03-21T20:17:43.960426"}
{"op_code":4,"worker_id":"0c0f9c6a-7791-4e75-bd15-b6694c4e9ca4-139980931965760","study_id":0,"datetime_start":"2026-03-21T20:17:43.961371"}
{"op_code":5,"worker_id":"0c0f9c6a-7791-4e75-bd15-b6694c4e9ca4-139980931965760","trial_id":11,"param_name":"body_size","param_value_internal":2.0,"distribution":"{\"name\": \"IntDistribution\", \"attributes\": {\"log\": false, \"step\": 1, \"low\": 1, \"high\": 4}}"}
{"op_code":5,"worker_id":"0c0f9c6a-7791-4e75-bd15-b6694c4e9ca4-139980931965760","trial_id":11,"param_name":"body_pred_idx_0","param_value_internal":32.0,"distribution":"{\"name\": \"IntDistribution\", \"attributes\": {\"log\": false, \"step\": 1, \"low\": 0, \"high\": 99}}"}
{"op_code":5,"worker_id":"0c0f9c6a-7791-4e75-bd15-b6694c4e9ca4-139980931965760","trial_id":11,"param_name":"body_pred_idx_1","param_value_internal":40.0,"distribution":"{\"name\": \"IntDistribution\", \"attributes\": {\"log\": false, \"step\": 1, \"low\": 0, \"high\": 99}}"}
{"op_code":5,"worker_id":"0c0f9c6a-7791-4e75-bd15-b6694c4e9ca4-139980931965760","trial_id":11,"param_name":"need_ml_0","param_value_internal":0.0,"distribution":"{\"name\": \"IntDistribution\", \"attributes\": {\"log\": false, \"step\": 1, \"low\": 0, \"high\": 1}}"}
{"op_code":5,"worker_id":"0c0f9c6a-7791-4e75-bd15-b6694c4e9ca4-139980931965760","trial_id":11,"param_name":"need_ml_1","param_value_internal":0.0,"distribution":"{\"name\": \"IntDistribution\", \"attributes\": {\"log\": false, \"step\": 1, \"low\": 0, \"high\": 1}}"}
{"op_code":5,"worker_id":"0c0f9c6a-7791-4e75-bd15-b6694c4e9ca4-139980931965760","trial_id":11,"param_name":"need_ml_2","param_value_internal":1.0,"distribution":"{\"name\": \"IntDistribution\", \"attributes\": {\"log\": false, \"step\": 1, \"low\": 0, \"high\": 1}}"}
{"op_code":5,"worker_id":"0c0f9c6a-7791-4e75-bd15-b6694c4e9ca4-139980931965760","trial_id":11,"param_name":"ml_tau_2","param_value_internal":19,"distribution":"{\"name\": \"CategoricalDistribution\", \"attributes\": {\"choices\": [\"earn\", \"acq\", \"money-fx\", \"grain\", \"crude\", \"trade\", \"interest\", \"ship\", \"wheat\", \"corn\", \"sugar\", \"oilseed\", \"dlr\", \"gnp\", \"coffee\", \"veg-oil\", \"gold\", \"nat-gas\", \"money-supply\", \"livestock\"]}}"}
{"op_code":5,"worker_id":"0c0f9c6a-7791-4e75-bd15-b6694c4e9ca4-139980931965760","trial_id":11,"param_name":"need_label_contains","param_value_internal":1.0,"distribution":"{\"name\": \"IntDistribution\", \"attributes\": {\"log\": false, \"step\": 1, \"low\": 0, \"high\": 1}}"}
{"op_code":5,"worker_id":"0c0f9c6a-7791-4e75-bd15-b6694c4e9ca4-139980931965760","trial_id":11,"param_name":"label_contains_tau","param_value_internal":4,"distribution":"{\"name\": \"CategoricalDistribution\", \"attributes\": {\"choices\": [\"earn\", \"acq\", \"money-fx\", \"grain\", \"crude\", \"trade\", \"interest\", \"ship\", \"wheat\", \"corn\", \"sugar\", \"oilseed\", \"dlr\", \"gnp\", \"coffee\", \"veg-oil\", \"gold\", \"nat-gas\", \"money-supply\", \"livestock\"]}}"}
{"op_code":5,"worker_id":"0c0f9c6a-7791-4e75-bd15-b6694c4e9ca4-139980931965760","trial_id":11,"param_name":"need_label_eq","param_value_internal":0.0,"distribution":"{\"name\": \"IntDistribution\", \"attributes\": {\"log\": false, \"step\": 1, \"low\": 0, \"high\": 1}}"}
{"op_code":5,"worker_id":"0c0f9c6a-7791-4e75-bd15-b6694c4e9ca4-139980931965760","trial_id":11,"param_name":"need_label_minus","param_value_internal":0.0,"distribution":"{\"name\": \"IntDistribution\", \"attributes\": {\"log\": false, \"step\": 1, \"low\": 0, \"high\": 1}}"}
{"op_code":5,"worker_id":"0c0f9c6a-7791-4e75-bd15-b6694c4e9ca4-139980931965760","trial_id":11,"param_name":"consequence_label","param_value_internal":14,"distribution":"{\"name\": \"CategoricalDistribution\", \"attributes\": {\"choices\": [\"earn\", \"acq\", \"money-fx\", \"grain\", \"crude\", \"trade\", \"interest\", \"ship\", \"wheat\", \"corn\", \"sugar\", \"oilseed\", \"dlr\", \"gnp\", \"coffee\", \"veg-oil\", \"gold\", \"nat-gas\", \"money-supply\", \"livestock\"]}}"}
{"op_code":6,"worker_id":"0c0f9c6a-7791-4e75-bd15-b6694c4e9ca4-139980931965760","trial_id":11,"state":1,"values":[-1.0],"datetime_complete":"2026-03-21T20:17:44.050367"}
{"op_code":4,"worker_id":"0c0f9c6a-7791-4e75-bd15-b6694c4e9ca4-139980931965760","study_id":0,"datetime_start":"2026-03-21T20:17:44.051200"}
{"op_code":5,"worker_id":"0c0f9c6a-7791-4e75-bd15-b6694c4e9ca4-139980931965760","trial_id":12,"param_name":"body_size","param_value_internal":3.0,"distribution":"{\"name\": \"IntDistribution\", \"attributes\": {\"log\": false, \"step\": 1, \"low\": 1, \"high\": 4}}"}
{"op_code":5,"worker_id":"0c0f9c6a-7791-4e75-bd15-b6694c4e9ca4-139980931965760","trial_id":12,"param_name":"body_pred_idx_0","param_value_internal":34.0,"distribution":"{\"name\": \"IntDistribution\", \"attributes\": {\"log\": false, \"step\": 1, \"low\": 0, \"high\": 99}}"}
{"op_code":5,"worker_id":"0c0f9c6a-7791-4e75-bd15-b6694c4e9ca4-139980931965760","trial_id":12,"param_name":"body_pred_idx_1","param_value_internal":18.0,"distribution":"{\"name\": \"IntDistribution\", \"attributes\": {\"log\": false, \"step\": 1, \"low\": 0, \"high\": 99}}"}
{"op_code":5,"worker_id":"0c0f9c6a-7791-4e75-bd15-b6694c4e9ca4-139980931965760","trial_id":12,"param_name":"body_pred_idx_2","param_value_internal":8.0,"distribution":"{\"name\": \"IntDistribution\", \"attributes\": {\"log\": false, \"step\": 1, \"low\": 0, \"high\": 99}}"}
{"op_code":5,"worker_id":"0c0f9c6a-7791-4e75-bd15-b6694c4e9ca4-139980931965760","trial_id":12,"param_name":"eta_8","param_value_internal":1.0,"distribution":"{\"name\": \"IntDistribution\", \"attributes\": {\"log\": false, \"step\": 1, \"low\": 1, \"high\": 20}}"}
{"op_code":5,"worker_id":"0c0f9c6a-7791-4e75-bd15-b6694c4e9ca4-139980931965760","trial_id":12,"param_name":"op_8","param_value_internal":2,"distribution":"{\"name\": \"CategoricalDistribution\", \"attributes\": {\"choices\": [\">=\", \"<=\", \"==\", \">\", \"<\"]}}"}
{"op_code":5,"worker_id":"0c0f9c6a-7791-4e75-bd15-b6694c4e9ca4-139980931965760","trial_id":12,"param_name":"need_ml_0","param_value_internal":1.0,"distribution":"{\"name\": \"IntDistribution\", \"attributes\": {\"log\": false, \"step\": 1, \"low\": 0, \"high\": 1}}"}
{"op_code":5,"worker_id":"0c0f9c6a-7791-4e75-bd15-b6694c4e9ca4-139980931965760","trial_id":12,"param_name":"ml_tau_0","param_value_internal":4,"distribution":"{\"name\": \"CategoricalDistribution\", \"attributes\": {\"choices\": [\"earn\", \"acq\", \"money-fx\", \"grain\", \"crude\", \"trade\", \"interest\", \"ship\", \"wheat\", \"corn\", \"sugar\", \"oilseed\", \"dlr\", \"gnp\", \"coffee\", \"veg-oil\", \"gold\", \"nat-gas\", \"money-supply\", \"livestock\"]}}"}
{"op_code":5,"worker_id":"0c0f9c6a-7791-4e75-bd15-b6694c4e9ca4-139980931965760","trial_id":12,"param_name":"need_ml_1","param_value_internal":0.0,"distribution":"{\"name\": \"IntDistribution\", \"attributes\": {\"log\": false, \"step\": 1, \"low\": 0, \"high\": 1}}"}
{"op_code":5,"worker_id":"0c0f9c6a-7791-4e75-bd15-b6694c4e9ca4-139980931965760","trial_id":12,"param_name":"need_ml_2","param_value_internal":1.0,"distribution":"{\"name\": \"IntDistribution\", \"attributes\": {\"log\": false, \"step\": 1, \"low\": 0, \"high\": 1}}"}
{"op_code":5,"worker_id":"0c0f9c6a-7791-4e75-bd15-b6694c4e9ca4-139980931965760","trial_id":12,"param_name":"ml_tau_2","param_value_internal":6,"distribution":"{\"name\": \"CategoricalDistribution\", \"attributes\": {\"choices\": [\"earn\", \"acq\", \"money-fx\", \"grain\", \"crude\", \"trade\", \"interest\", \"ship\", \"wheat\", \"corn\", \"sugar\", \"oilseed\", \"dlr\", \"gnp\", \"coffee\", \"veg-oil\", \"gold\", \"nat-gas\", \"money-supply\", \"livestock\"]}}"}
{"op_code":5,"worker_id":"0c0f9c6a-7791-4e75-bd15-b6694c4e9ca4-139980931965760","trial_id":12,"param_name":"need_label_contains","param_value_internal":1.0,"distribution":"{\"name\": \"IntDistribution\", \"attributes\": {\"log\": false, \"step\": 1, \"low\": 0, \"high\": 1}}"}
{"op_code":5,"worker_id":"0c0f9c6a-7791-4e75-bd15-b6694c4e9ca4-139980931965760","trial_id":12,"param_name":"label_contains_tau","param_value_internal":5,"distribution":"{\"name\": \"CategoricalDistribution\", \"attributes\": {\"choices\": [\"earn\", \"acq\", \"money-fx\", \"grain\", \"crude\", \"trade\", \"interest\", \"ship\", \"wheat\", \"corn\", \"sugar\", \"oilseed\", \"dlr\", \"gnp\", \"coffee\", \"veg-oil\", \"gold\", \"nat-gas\", \"money-supply\", \"livestock\"]}}"}
{"op_code":5,"worker_id":"0c0f9c6a-7791-4e75-bd15-b6694c4e9ca4-139980931965760","trial_id":12,"param_name":"need_label_eq","param_value_internal":0.0,"distribution":"{\"name\": \"IntDistribution\", \"attributes\": {\"log\": false, \"step\": 1, \"low\": 0, \"high\": 1}}"}
{"op_code":5,"worker_id":"0c0f9c6a-7791-4e75-bd15-b6694c4e9ca4-139980931965760","trial_id":12,"param_name":"need_label_minus","param_value_internal":0.0,"distribution":"{\"name\": \"IntDistribution\", \"attributes\": {\"log\": false, \"step\": 1, \"low\": 0, \"high\": 1}}"}
{"op_code":5,"worker_id":"0c0f9c6a-7791-4e75-bd15-b6694c4e9ca4-139980931965760","trial_id":12,"param_name":"consequence_label","param_value_internal":8,"distribution":"{\"name\": \"CategoricalDistribution\", \"attributes\": {\"choices\": [\"earn\", \"acq\", \"money-fx\", \"grain\", \"crude\", \"trade\", \"interest\", \"ship\", \"wheat\", \"corn\", \"sugar\", \"oilseed\", \"dlr\", \"gnp\", \"coffee\", \"veg-oil\", \"gold\", \"nat-gas\", \"money-supply\", \"livestock\"]}}"}
{"op_code":6,"worker_id":"0c0f9c6a-7791-4e75-bd15-b6694c4e9ca4-139980931965760","trial_id":12,"state":1,"values":[-1.0],"datetime_complete":"2026-03-21T20:17:44.088684"}
{"op_code":4,"worker_id":"0c0f9c6a-7791-4e75-bd15-b6694c4e9ca4-139980931965760","study_id":0,"datetime_start":"2026-03-21T20:17:44.089212"}
{"op_code":5,"worker_id":"0c0f9c6a-7791-4e75-bd15-b6694c4e9ca4-139980931965760","trial_id":13,"param_name":"body_size","param_value_internal":1.0,"distribution":"{\"name\": \"IntDistribution\", \"attributes\": {\"log\": false, \"step\": 1, \"low\": 1, \"high\": 4}}"}
{"op_code":5,"worker_id":"0c0f9c6a-7791-4e75-bd15-b6694c4e9ca4-139980931965760","trial_id":13,"param_name":"body_pred_idx_0","param_value_internal":50.0,"distribution":"{\"name\": \"IntDistribution\", \"attributes\": {\"log\": false, \"step\": 1, \"low\": 0, \"high\": 99}}"}
{"op_code":5,"worker_id":"0c0f9c6a-7791-4e75-bd15-b6694c4e9ca4-139980931965760","trial_id":13,"param_name":"need_ml_0","param_value_internal":0.0,"distribution":"{\"name\": \"IntDistribution\", \"attributes\": {\"log\": false, \"step\": 1, \"low\": 0, \"high\": 1}}"}
{"op_code":5,"worker_id":"0c0f9c6a-7791-4e75-bd15-b6694c4e9ca4-139980931965760","trial_id":13,"param_name":"need_ml_1","param_value_internal":0.0,"distribution":"{\"name\": \"IntDistribution\", \"attributes\": {\"log\": false, \"step\": 1, \"low\": 0, \"high\": 1}}"}
{"op_code":5,"worker_id":"0c0f9c6a-7791-4e75-bd15-b6694c4e9ca4-139980931965760","trial_id":13,"param_name":"need_ml_2","param_value_internal":1.0,"distribution":"{\"name\": \"IntDistribution\", \"attributes\": {\"log\": false, \"step\": 1, \"low\": 0, \"high\": 1}}"}
{"op_code":5,"worker_id":"0c0f9c6a-7791-4e75-bd15-b6694c4e9ca4-139980931965760","trial_id":13,"param_name":"ml_tau_2","param_value_internal":6,"distribution":"{\"name\": \"CategoricalDistribution\", \"attributes\": {\"choices\": [\"earn\", \"acq\", \"money-fx\", \"grain\", \"crude\", \"trade\", \"interest\", \"ship\", \"wheat\", \"corn\", \"sugar\", \"oilseed\", \"dlr\", \"gnp\", \"coffee\", \"veg-oil\", \"gold\", \"nat-gas\", \"money-supply\", \"livestock\"]}}"}
{"op_code":5,"worker_id":"0c0f9c6a-7791-4e75-bd15-b6694c4e9ca4-139980931965760","trial_id":13,"param_name":"need_label_contains","param_value_internal":1.0,"distribution":"{\"name\": \"IntDistribution\", \"attributes\": {\"log\": false, \"step\": 1, \"low\": 0, \"high\": 1}}"}
{"op_code":5,"worker_id":"0c0f9c6a-7791-4e75-bd15-b6694c4e9ca4-139980931965760","trial_id":13,"param_name":"label_contains_tau","param_value_internal":19,"distribution":"{\"name\": \"CategoricalDistribution\", \"attributes\": {\"choices\": [\"earn\", \"acq\", \"money-fx\", \"grain\", \"crude\", \"trade\", \"interest\", \"ship\", \"wheat\", \"corn\", \"sugar\", \"oilseed\", \"dlr\", \"gnp\", \"coffee\", \"veg-oil\", \"gold\", \"nat-gas\", \"money-supply\", \"livestock\"]}}"}
{"op_code":5,"worker_id":"0c0f9c6a-7791-4e75-bd15-b6694c4e9ca4-139980931965760","trial_id":13,"param_name":"need_label_eq","param_value_internal":0.0,"distribution":"{\"name\": \"IntDistribution\", \"attributes\": {\"log\": false, \"step\": 1, \"low\": 0, \"high\": 1}}"}
{"op_code":5,"worker_id":"0c0f9c6a-7791-4e75-bd15-b6694c4e9ca4-139980931965760","trial_id":13,"param_name":"need_label_minus","param_value_internal":0.0,"distribution":"{\"name\": \"IntDistribution\", \"attributes\": {\"log\": false, \"step\": 1, \"low\": 0, \"high\": 1}}"}
{"op_code":5,"worker_id":"0c0f9c6a-7791-4e75-bd15-b6694c4e9ca4-139980931965760","trial_id":13,"param_name":"consequence_label","param_value_internal":1,"distribution":"{\"name\": \"CategoricalDistribution\", \"attributes\": {\"choices\": [\"earn\", \"acq\", \"money-fx\", \"grain\", \"crude\", \"trade\", \"interest\", \"ship\", \"wheat\", \"corn\", \"sugar\", \"oilseed\", \"dlr\", \"gnp\", \"coffee\", \"veg-oil\", \"gold\", \"nat-gas\", \"money-supply\", \"livestock\"]}}"}
{"op_code":6,"worker_id":"0c0f9c6a-7791-4e75-bd15-b6694c4e9ca4-139980931965760","trial_id":13,"state":1,"values":[-1.0],"datetime_complete":"2026-03-21T20:17:44.231838"}
{"op_code":4,"worker_id":"0c0f9c6a-7791-4e75-bd15-b6694c4e9ca4-139980931965760","study_id":0,"datetime_start":"2026-03-21T20:17:44.232733"}
{"op_code":5,"worker_id":"0c0f9c6a-7791-4e75-bd15-b6694c4e9ca4-139980931965760","trial_id":14,"param_name":"body_size","param_value_internal":2.0,"distribution":"{\"name\": \"IntDistribution\", \"attributes\": {\"log\": false, \"step\": 1, \"low\": 1, \"high\": 4}}"}
{"op_code":5,"worker_id":"0c0f9c6a-7791-4e75-bd15-b6694c4e9ca4-139980931965760","trial_id":14,"param_name":"body_pred_idx_0","param_value_internal":22.0,"distribution":"{\"name\": \"IntDistribution\", \"attributes\": {\"log\": false, \"step\": 1, \"low\": 0, \"high\": 99}}"}
{"op_code":5,"worker_id":"0c0f9c6a-7791-4e75-bd15-b6694c4e9ca4-139980931965760","trial_id":14,"param_name":"body_pred_idx_1","param_value_internal":99.0,"distribution":"{\"name\": \"IntDistribution\", \"attributes\": {\"log\": false, \"step\": 1, \"low\": 0, \"high\": 99}}"}
{"op_code":5,"worker_id":"0c0f9c6a-7791-4e75-bd15-b6694c4e9ca4-139980931965760","trial_id":14,"param_name":"need_ml_0","param_value_internal":1.0,"distribution":"{\"name\": \"IntDistribution\", \"attributes\": {\"log\": false, \"step\": 1, \"low\": 0, \"high\": 1}}"}
{"op_code":5,"worker_id":"0c0f9c6a-7791-4e75-bd15-b6694c4e9ca4-139980931965760","trial_id":14,"param_name":"ml_tau_0","param_value_internal":4,"distribution":"{\"name\": \"CategoricalDistribution\", \"attributes\": {\"choices\": [\"earn\", \"acq\", \"money-fx\", \"grain\", \"crude\", \"trade\", \"interest\", \"ship\", \"wheat\", \"corn\", \"sugar\", \"oilseed\", \"dlr\", \"gnp\", \"coffee\", \"veg-oil\", \"gold\", \"nat-gas\", \"money-supply\", \"livestock\"]}}"}
{"op_code":5,"worker_id":"0c0f9c6a-7791-4e75-bd15-b6694c4e9ca4-139980931965760","trial_id":14,"param_name":"need_ml_1","param_value_internal":0.0,"distribution":"{\"name\": \"IntDistribution\", \"attributes\": {\"log\": false, \"step\": 1, \"low\": 0, \"high\": 1}}"}
{"op_code":5,"worker_id":"0c0f9c6a-7791-4e75-bd15-b6694c4e9ca4-139980931965760","trial_id":14,"param_name":"need_ml_2","param_value_internal":0.0,"distribution":"{\"name\": \"IntDistribution\", \"attributes\": {\"log\": false, \"step\": 1, \"low\": 0, \"high\": 1}}"}
{"op_code":5,"worker_id":"0c0f9c6a-7791-4e75-bd15-b6694c4e9ca4-139980931965760","trial_id":14,"param_name":"need_label_contains","param_value_internal":1.0,"distribution":"{\"name\": \"IntDistribution\", \"attributes\": {\"log\": false, \"step\": 1, \"low\": 0, \"high\": 1}}"}
{"op_code":5,"worker_id":"0c0f9c6a-7791-4e75-bd15-b6694c4e9ca4-139980931965760","trial_id":14,"param_name":"label_contains_tau","param_value_internal":17,"distribution":"{\"name\": \"CategoricalDistribution\", \"attributes\": {\"choices\": [\"earn\", \"acq\", \"money-fx\", \"grain\", \"crude\", \"trade\", \"interest\", \"ship\", \"wheat\", \"corn\", \"sugar\", \"oilseed\", \"dlr\", \"gnp\", \"coffee\", \"veg-oil\", \"gold\", \"nat-gas\", \"money-supply\", \"livestock\"]}}"}
{"op_code":5,"worker_id":"0c0f9c6a-7791-4e75-bd15-b6694c4e9ca4-139980931965760","trial_id":14,"param_name":"need_label_eq","param_value_internal":0.0,"distribution":"{\"name\": \"IntDistribution\", \"attributes\": {\"log\": false, \"step\": 1, \"low\": 0, \"high\": 1}}"}
{"op_code":5,"worker_id":"0c0f9c6a-7791-4e75-bd15-b6694c4e9ca4-139980931965760","trial_id":14,"param_name":"need_label_minus","param_value_internal":0.0,"distribution":"{\"name\": \"IntDistribution\", \"attributes\": {\"log\": false, \"step\": 1, \"low\": 0, \"high\": 1}}"}
{"op_code":5,"worker_id":"0c0f9c6a-7791-4e75-bd15-b6694c4e9ca4-139980931965760","trial_id":14,"param_name":"consequence_label","param_value_internal":19,"distribution":"{\"name\": \"CategoricalDistribution\", \"attributes\": {\"choices\": [\"earn\", \"acq\", \"money-fx\", \"grain\", \"crude\", \"trade\", \"interest\", \"ship\", \"wheat\", \"corn\", \"sugar\", \"oilseed\", \"dlr\", \"gnp\", \"coffee\", \"veg-oil\", \"gold\", \"nat-gas\", \"money-supply\", \"livestock\"]}}"}
{"op_code":6,"worker_id":"0c0f9c6a-7791-4e75-bd15-b6694c4e9ca4-139980931965760","trial_id":14,"state":1,"values":[-1.0],"datetime_complete":"2026-03-21T20:17:44.268779"}
{"op_code":4,"worker_id":"0c0f9c6a-7791-4e75-bd15-b6694c4e9ca4-139980931965760","study_id":0,"datetime_start":"2026-03-21T20:17:44.269528"}
{"op_code":5,"worker_id":"0c0f9c6a-7791-4e75-bd15-b6694c4e9ca4-139980931965760","trial_id":15,"param_name":"body_size","param_value_internal":3.0,"distribution":"{\"name\": \"IntDistribution\", \"attributes\": {\"log\": false, \"step\": 1, \"low\": 1, \"high\": 4}}"}
{"op_code":5,"worker_id":"0c0f9c6a-7791-4e75-bd15-b6694c4e9ca4-139980931965760","trial_id":15,"param_name":"body_pred_idx_0","param_value_internal":84.0,"distribution":"{\"name\": \"IntDistribution\", \"attributes\": {\"log\": false, \"step\": 1, \"low\": 0, \"high\": 99}}"}
{"op_code":5,"worker_id":"0c0f9c6a-7791-4e75-bd15-b6694c4e9ca4-139980931965760","trial_id":15,"param_name":"body_pred_idx_1","param_value_internal":33.0,"distribution":"{\"name\": \"IntDistribution\", \"attributes\": {\"log\": false, \"step\": 1, \"low\": 0, \"high\": 99}}"}
{"op_code":5,"worker_id":"0c0f9c6a-7791-4e75-bd15-b6694c4e9ca4-139980931965760","trial_id":15,"param_name":"body_pred_idx_2","param_value_internal":2.0,"distribution":"{\"name\": \"IntDistribution\", \"attributes\": {\"log\": false, \"step\": 1, \"low\": 0, \"high\": 99}}"}
{"op_code":5,"worker_id":"0c0f9c6a-7791-4e75-bd15-b6694c4e9ca4-139980931965760","trial_id":15,"param_name":"need_ml_0","param_value_internal":0.0,"distribution":"{\"name\": \"IntDistribution\", \"attributes\": {\"log\": false, \"step\": 1, \"low\": 0, \"high\": 1}}"}
{"op_code":5,"worker_id":"0c0f9c6a-7791-4e75-bd15-b6694c4e9ca4-139980931965760","trial_id":15,"param_name":"need_ml_1","param_value_internal":0.0,"distribution":"{\"name\": \"IntDistribution\", \"attributes\": {\"log\": false, \"step\": 1, \"low\": 0, \"high\": 1}}"}
{"op_code":5,"worker_id":"0c0f9c6a-7791-4e75-bd15-b6694c4e9ca4-139980931965760","trial_id":15,"param_name":"need_ml_2","param_value_internal":1.0,"distribution":"{\"name\": \"IntDistribution\", \"attributes\": {\"log\": false, \"step\": 1, \"low\": 0, \"high\": 1}}"}
{"op_code":5,"worker_id":"0c0f9c6a-7791-4e75-bd15-b6694c4e9ca4-139980931965760","trial_id":15,"param_name":"ml_tau_2","param_value_internal":14,"distribution":"{\"name\": \"CategoricalDistribution\", \"attributes\": {\"choices\": [\"earn\", \"acq\", \"money-fx\", \"grain\", \"crude\", \"trade\", \"interest\", \"ship\", \"wheat\", \"corn\", \"sugar\", \"oilseed\", \"dlr\", \"gnp\", \"coffee\", \"veg-oil\", \"gold\", \"nat-gas\", \"money-supply\", \"livestock\"]}}"}
{"op_code":5,"worker_id":"0c0f9c6a-7791-4e75-bd15-b6694c4e9ca4-139980931965760","trial_id":15,"param_name":"need_label_contains","param_value_internal":1.0,"distribution":"{\"name\": \"IntDistribution\", \"attributes\": {\"log\": false, \"step\": 1, \"low\": 0, \"high\": 1}}"}
{"op_code":5,"worker_id":"0c0f9c6a-7791-4e75-bd15-b6694c4e9ca4-139980931965760","trial_id":15,"param_name":"label_contains_tau","param_value_internal":10,"distribution":"{\"name\": \"CategoricalDistribution\", \"attributes\": {\"choices\": [\"earn\", \"acq\", \"money-fx\", \"grain\", \"crude\", \"trade\", \"interest\", \"ship\", \"wheat\", \"corn\", \"sugar\", \"oilseed\", \"dlr\", \"gnp\", \"coffee\", \"veg-oil\", \"gold\", \"nat-gas\", \"money-supply\", \"livestock\"]}}"}
{"op_code":5,"worker_id":"0c0f9c6a-7791-4e75-bd15-b6694c4e9ca4-139980931965760","trial_id":15,"param_name":"need_label_eq","param_value_internal":0.0,"distribution":"{\"name\": \"IntDistribution\", \"attributes\": {\"log\": false, \"step\": 1, \"low\": 0, \"high\": 1}}"}
{"op_code":5,"worker_id":"0c0f9c6a-7791-4e75-bd15-b6694c4e9ca4-139980931965760","trial_id":15,"param_name":"need_label_minus","param_value_internal":1.0,"distribution":"{\"name\": \"IntDistribution\", \"attributes\": {\"log\": false, \"step\": 1, \"low\": 0, \"high\": 1}}"}
{"op_code":5,"worker_id":"0c0f9c6a-7791-4e75-bd15-b6694c4e9ca4-139980931965760","trial_id":15,"param_name":"label_minus_tau","param_value_internal":6,"distribution":"{\"name\": \"CategoricalDistribution\", \"attributes\": {\"choices\": [\"earn\", \"acq\", \"money-fx\", \"grain\", \"crude\", \"trade\", \"interest\", \"ship\", \"wheat\", \"corn\", \"sugar\", \"oilseed\", \"dlr\", \"gnp\", \"coffee\", \"veg-oil\", \"gold\", \"nat-gas\", \"money-supply\", \"livestock\"]}}"}
{"op_code":5,"worker_id":"0c0f9c6a-7791-4e75-bd15-b6694c4e9ca4-139980931965760","trial_id":15,"param_name":"consequence_label","param_value_internal":0,"distribution":"{\"name\": \"CategoricalDistribution\", \"attributes\": {\"choices\": [\"earn\", \"acq\", \"money-fx\", \"grain\", \"crude\", \"trade\", \"interest\", \"ship\", \"wheat\", \"corn\", \"sugar\", \"oilseed\", \"dlr\", \"gnp\", \"coffee\", \"veg-oil\", \"gold\", \"nat-gas\", \"money-supply\", \"livestock\"]}}"}
{"op_code":6,"worker_id":"0c0f9c6a-7791-4e75-bd15-b6694c4e9ca4-139980931965760","trial_id":15,"state":1,"values":[-1.0],"datetime_complete":"2026-03-21T20:17:44.305571"}
{"op_code":4,"worker_id":"0c0f9c6a-7791-4e75-bd15-b6694c4e9ca4-139980931965760","study_id":0,"datetime_start":"2026-03-21T20:17:44.306120"}
{"op_code":5,"worker_id":"0c0f9c6a-7791-4e75-bd15-b6694c4e9ca4-139980931965760","trial_id":16,"param_name":"body_size","param_value_internal":1.0,"distribution":"{\"name\": \"IntDistribution\", \"attributes\": {\"log\": false, \"step\": 1, \"low\": 1, \"high\": 4}}"}
{"op_code":5,"worker_id":"0c0f9c6a-7791-4e75-bd15-b6694c4e9ca4-139980931965760","trial_id":16,"param_name":"body_pred_idx_0","param_value_internal":55.0,"distribution":"{\"name\": \"IntDistribution\", \"attributes\": {\"log\": false, \"step\": 1, \"low\": 0, \"high\": 99}}"}
{"op_code":5,"worker_id":"0c0f9c6a-7791-4e75-bd15-b6694c4e9ca4-139980931965760","trial_id":16,"param_name":"need_ml_0","param_value_internal":0.0,"distribution":"{\"name\": \"IntDistribution\", \"attributes\": {\"log\": false, \"step\": 1, \"low\": 0, \"high\": 1}}"}
{"op_code":5,"worker_id":"0c0f9c6a-7791-4e75-bd15-b6694c4e9ca4-139980931965760","trial_id":16,"param_name":"need_ml_1","param_value_internal":0.0,"distribution":"{\"name\": \"IntDistribution\", \"attributes\": {\"log\": false, \"step\": 1, \"low\": 0, \"high\": 1}}"}
{"op_code":5,"worker_id":"0c0f9c6a-7791-4e75-bd15-b6694c4e9ca4-139980931965760","trial_id":16,"param_name":"need_ml_2","param_value_internal":0.0,"distribution":"{\"name\": \"IntDistribution\", \"attributes\": {\"log\": false, \"step\": 1, \"low\": 0, \"high\": 1}}"}
{"op_code":5,"worker_id":"0c0f9c6a-7791-4e75-bd15-b6694c4e9ca4-139980931965760","trial_id":16,"param_name":"need_label_contains","param_value_internal":1.0,"distribution":"{\"name\": \"IntDistribution\", \"attributes\": {\"log\": false, \"step\": 1, \"low\": 0, \"high\": 1}}"}
{"op_code":5,"worker_id":"0c0f9c6a-7791-4e75-bd15-b6694c4e9ca4-139980931965760","trial_id":16,"param_name":"label_contains_tau","param_value_internal":18,"distribution":"{\"name\": \"CategoricalDistribution\", \"attributes\": {\"choices\": [\"earn\", \"acq\", \"money-fx\", \"grain\", \"crude\", \"trade\", \"interest\", \"ship\", \"wheat\", \"corn\", \"sugar\", \"oilseed\", \"dlr\", \"gnp\", \"coffee\", \"veg-oil\", \"gold\", \"nat-gas\", \"money-supply\", \"livestock\"]}}"}
{"op_code":5,"worker_id":"0c0f9c6a-7791-4e75-bd15-b6694c4e9ca4-139980931965760","trial_id":16,"param_name":"need_label_eq","param_value_internal":0.0,"distribution":"{\"name\": \"IntDistribution\", \"attributes\": {\"log\": false, \"step\": 1, \"low\": 0, \"high\": 1}}"}
{"op_code":5,"worker_id":"0c0f9c6a-7791-4e75-bd15-b6694c4e9ca4-139980931965760","trial_id":16,"param_name":"need_label_minus","param_value_internal":0.0,"distribution":"{\"name\": \"IntDistribution\", \"attributes\": {\"log\": false, \"step\": 1, \"low\": 0, \"high\": 1}}"}
{"op_code":5,"worker_id":"0c0f9c6a-7791-4e75-bd15-b6694c4e9ca4-139980931965760","trial_id":16,"param_name":"consequence_label","param_value_internal":10,"distribution":"{\"name\": \"CategoricalDistribution\", \"attributes\": {\"choices\": [\"earn\", \"acq\", \"money-fx\", \"grain\", \"crude\", \"trade\", \"interest\", \"ship\", \"wheat\", \"corn\", \"sugar\", \"oilseed\", \"dlr\", \"gnp\", \"coffee\", \"veg-oil\", \"gold\", \"nat-gas\", \"money-supply\", \"livestock\"]}}"}
{"op_code":6,"worker_id":"0c0f9c6a-7791-4e75-bd15-b6694c4e9ca4-139980931965760","trial_id":16,"state":1,"values":[-1.0],"datetime_complete":"2026-03-21T20:17:44.339203"}
{"op_code":4,"worker_id":"0c0f9c6a-7791-4e75-bd15-b6694c4e9ca4-139980931965760","study_id":0,"datetime_start":"2026-03-21T20:17:44.339812"}
{"op_code":5,"worker_id":"0c0f9c6a-7791-4e75-bd15-b6694c4e9ca4-139980931965760","trial_id":17,"param_name":"body_size","param_value_internal":2.0,"distribution":"{\"name\": \"IntDistribution\", \"attributes\": {\"log\": false, \"step\": 1, \"low\": 1, \"high\": 4}}"}
{"op_code":5,"worker_id":"0c0f9c6a-7791-4e75-bd15-b6694c4e9ca4-139980931965760","trial_id":17,"param_name":"body_pred_idx_0","param_value_internal":40.0,"distribution":"{\"name\": \"IntDistribution\", \"attributes\": {\"log\": false, \"step\": 1, \"low\": 0, \"high\": 99}}"}
{"op_code":5,"worker_id":"0c0f9c6a-7791-4e75-bd15-b6694c4e9ca4-139980931965760","trial_id":17,"param_name":"body_pred_idx_1","param_value_internal":55.0,"distribution":"{\"name\": \"IntDistribution\", \"attributes\": {\"log\": false, \"step\": 1, \"low\": 0, \"high\": 99}}"}
{"op_code":5,"worker_id":"0c0f9c6a-7791-4e75-bd15-b6694c4e9ca4-139980931965760","trial_id":17,"param_name":"need_ml_0","param_value_internal":1.0,"distribution":"{\"name\": \"IntDistribution\", \"attributes\": {\"log\": false, \"step\": 1, \"low\": 0, \"high\": 1}}"}
{"op_code":5,"worker_id":"0c0f9c6a-7791-4e75-bd15-b6694c4e9ca4-139980931965760","trial_id":17,"param_name":"ml_tau_0","param_value_internal":19,"distribution":"{\"name\": \"CategoricalDistribution\", \"attributes\": {\"choices\": [\"earn\", \"acq\", \"money-fx\", \"grain\", \"crude\", \"trade\", \"interest\", \"ship\", \"wheat\", \"corn\", \"sugar\", \"oilseed\", \"dlr\", \"gnp\", \"coffee\", \"veg-oil\", \"gold\", \"nat-gas\", \"money-supply\", \"livestock\"]}}"}
{"op_code":5,"worker_id":"0c0f9c6a-7791-4e75-bd15-b6694c4e9ca4-139980931965760","trial_id":17,"param_name":"need_ml_1","param_value_internal":1.0,"distribution":"{\"name\": \"IntDistribution\", \"attributes\": {\"log\": false, \"step\": 1, \"low\": 0, \"high\": 1}}"}
{"op_code":5,"worker_id":"0c0f9c6a-7791-4e75-bd15-b6694c4e9ca4-139980931965760","trial_id":17,"param_name":"ml_tau_1","param_value_internal":4,"distribution":"{\"name\": \"CategoricalDistribution\", \"attributes\": {\"choices\": [\"earn\", \"acq\", \"money-fx\", \"grain\", \"crude\", \"trade\", \"interest\", \"ship\", \"wheat\", \"corn\", \"sugar\", \"oilseed\", \"dlr\", \"gnp\", \"coffee\", \"veg-oil\", \"gold\", \"nat-gas\", \"money-supply\", \"livestock\"]}}"}
{"op_code":5,"worker_id":"0c0f9c6a-7791-4e75-bd15-b6694c4e9ca4-139980931965760","trial_id":17,"param_name":"need_ml_2","param_value_internal":1.0,"distribution":"{\"name\": \"IntDistribution\", \"attributes\": {\"log\": false, \"step\": 1, \"low\": 0, \"high\": 1}}"}
{"op_code":5,"worker_id":"0c0f9c6a-7791-4e75-bd15-b6694c4e9ca4-139980931965760","trial_id":17,"param_name":"ml_tau_2","param_value_internal":13,"distribution":"{\"name\": \"CategoricalDistribution\", \"attributes\": {\"choices\": [\"earn\", \"acq\", \"money-fx\", \"grain\", \"crude\", \"trade\", \"interest\", \"ship\", \"wheat\", \"corn\", \"sugar\", \"oilseed\", \"dlr\", \"gnp\", \"coffee\", \"veg-oil\", \"gold\", \"nat-gas\", \"money-supply\", \"livestock\"]}}"}
{"op_code":5,"worker_id":"0c0f9c6a-7791-4e75-bd15-b6694c4e9ca4-139980931965760","trial_id":17,"param_name":"need_label_contains","param_value_internal":0.0,"distribution":"{\"name\": \"IntDistribution\", \"attributes\": {\"log\": false, \"step\": 1, \"low\": 0, \"high\": 1}}"}
{"op_code":5,"worker_id":"0c0f9c6a-7791-4e75-bd15-b6694c4e9ca4-139980931965760","trial_id":17,"param_name":"need_label_eq","param_value_internal":1.0,"distribution":"{\"name\": \"IntDistribution\", \"attributes\": {\"log\": false, \"step\": 1, \"low\": 0, \"high\": 1}}"}
{"op_code":5,"worker_id":"0c0f9c6a-7791-4e75-bd15-b6694c4e9ca4-139980931965760","trial_id":17,"param_name":"label_eq_tau","param_value_internal":14,"distribution":"{\"name\": \"CategoricalDistribution\", \"attributes\": {\"choices\": [\"earn\", \"acq\", \"money-fx\", \"grain\", \"crude\", \"trade\", \"interest\", \"ship\", \"wheat\", \"corn\", \"sugar\", \"oilseed\", \"dlr\", \"gnp\", \"coffee\", \"veg-oil\", \"gold\", \"nat-gas\", \"money-supply\", \"livestock\"]}}"}
{"op_code":5,"worker_id":"0c0f9c6a-7791-4e75-bd15-b6694c4e9ca4-139980931965760","trial_id":17,"param_name":"need_label_minus","param_value_internal":1.0,"distribution":"{\"name\": \"IntDistribution\", \"attributes\": {\"log\": false, \"step\": 1, \"low\": 0, \"high\": 1}}"}
{"op_code":5,"worker_id":"0c0f9c6a-7791-4e75-bd15-b6694c4e9ca4-139980931965760","trial_id":17,"param_name":"label_minus_tau","param_value_internal":12,"distribution":"{\"name\": \"CategoricalDistribution\", \"attributes\": {\"choices\": [\"earn\", \"acq\", \"money-fx\", \"grain\", \"crude\", \"trade\", \"interest\", \"ship\", \"wheat\", \"corn\", \"sugar\", \"oilseed\", \"dlr\", \"gnp\", \"coffee\", \"veg-oil\", \"gold\", \"nat-gas\", \"money-supply\", \"livestock\"]}}"}
{"op_code":5,"worker_id":"0c0f9c6a-7791-4e75-bd15-b6694c4e9ca4-139980931965760","trial_id":17,"param_name":"consequence_label","param_value_internal":1,"distribution":"{\"name\": \"CategoricalDistribution\", \"attributes\": {\"choices\": [\"earn\", \"acq\", \"money-fx\", \"grain\", \"crude\", \"trade\", \"interest\", \"ship\", \"wheat\", \"corn\", \"sugar\", \"oilseed\", \"dlr\", \"gnp\", \"coffee\", \"veg-oil\", \"gold\", \"nat-gas\", \"money-supply\", \"livestock\"]}}"}
{"op_code":6,"worker_id":"0c0f9c6a-7791-4e75-bd15-b6694c4e9ca4-139980931965760","trial_id":17,"state":1,"values":[-1.0],"datetime_complete":"2026-03-21T20:17:44.449454"}
{"op_code":4,"worker_id":"0c0f9c6a-7791-4e75-bd15-b6694c4e9ca4-139980931965760","study_id":0,"datetime_start":"2026-03-21T20:17:44.450296"}
{"op_code":5,"worker_id":"0c0f9c6a-7791-4e75-bd15-b6694c4e9ca4-139980931965760","trial_id":18,"param_name":"body_size","param_value_internal":1.0,"distribution":"{\"name\": \"IntDistribution\", \"attributes\": {\"log\": false, \"step\": 1, \"low\": 1, \"high\": 4}}"}
{"op_code":5,"worker_id":"0c0f9c6a-7791-4e75-bd15-b6694c4e9ca4-139980931965760","trial_id":18,"param_name":"body_pred_idx_0","param_value_internal":15.0,"distribution":"{\"name\": \"IntDistribution\", \"attributes\": {\"log\": false, \"step\": 1, \"low\": 0, \"high\": 99}}"}
{"op_code":5,"worker_id":"0c0f9c6a-7791-4e75-bd15-b6694c4e9ca4-139980931965760","trial_id":18,"param_name":"eta_15","param_value_internal":6.0,"distribution":"{\"name\": \"IntDistribution\", \"attributes\": {\"log\": false, \"step\": 1, \"low\": 1, \"high\": 20}}"}
{"op_code":5,"worker_id":"0c0f9c6a-7791-4e75-bd15-b6694c4e9ca4-139980931965760","trial_id":18,"param_name":"op_15","param_value_internal":3,"distribution":"{\"name\": \"CategoricalDistribution\", \"attributes\": {\"choices\": [\">=\", \"<=\", \"==\", \">\", \"<\"]}}"}
{"op_code":5,"worker_id":"0c0f9c6a-7791-4e75-bd15-b6694c4e9ca4-139980931965760","trial_id":18,"param_name":"need_ml_0","param_value_internal":0.0,"distribution":"{\"name\": \"IntDistribution\", \"attributes\": {\"log\": false, \"step\": 1, \"low\": 0, \"high\": 1}}"}
{"op_code":5,"worker_id":"0c0f9c6a-7791-4e75-bd15-b6694c4e9ca4-139980931965760","trial_id":18,"param_name":"need_ml_1","param_value_internal":0.0,"distribution":"{\"name\": \"IntDistribution\", \"attributes\": {\"log\": false, \"step\": 1, \"low\": 0, \"high\": 1}}"}
{"op_code":5,"worker_id":"0c0f9c6a-7791-4e75-bd15-b6694c4e9ca4-139980931965760","trial_id":18,"param_name":"need_ml_2","param_value_internal":0.0,"distribution":"{\"name\": \"IntDistribution\", \"attributes\": {\"log\": false, \"step\": 1, \"low\": 0, \"high\": 1}}"}
{"op_code":5,"worker_id":"0c0f9c6a-7791-4e75-bd15-b6694c4e9ca4-139980931965760","trial_id":18,"param_name":"need_label_contains","param_value_internal":1.0,"distribution":"{\"name\": \"IntDistribution\", \"attributes\": {\"log\": false, \"step\": 1, \"low\": 0, \"high\": 1}}"}
{"op_code":5,"worker_id":"0c0f9c6a-7791-4e75-bd15-b6694c4e9ca4-139980931965760","trial_id":18,"param_name":"label_contains_tau","param_value_internal":3,"distribution":"{\"name\": \"CategoricalDistribution\", \"attributes\": {\"choices\": [\"earn\", \"acq\", \"money-fx\", \"grain\", \"crude\", \"trade\", \"interest\", \"ship\", \"wheat\", \"corn\", \"sugar\", \"oilseed\", \"dlr\", \"gnp\", \"coffee\", \"veg-oil\", \"gold\", \"nat-gas\", \"money-supply\", \"livestock\"]}}"}
{"op_code":5,"worker_id":"0c0f9c6a-7791-4e75-bd15-b6694c4e9ca4-139980931965760","trial_id":18,"param_name":"need_label_eq","param_value_internal":0.0,"distribution":"{\"name\": \"IntDistribution\", \"attributes\": {\"log\": false, \"step\": 1, \"low\": 0, \"high\": 1}}"}
{"op_code":5,"worker_id":"0c0f9c6a-7791-4e75-bd15-b6694c4e9ca4-139980931965760","trial_id":18,"param_name":"need_label_minus","param_value_internal":0.0,"distribution":"{\"name\": \"IntDistribution\", \"attributes\": {\"log\": false, \"step\": 1, \"low\": 0, \"high\": 1}}"}
{"op_code":5,"worker_id":"0c0f9c6a-7791-4e75-bd15-b6694c4e9ca4-139980931965760","trial_id":18,"param_name":"consequence_label","param_value_internal":9,"distribution":"{\"name\": \"CategoricalDistribution\", \"attributes\": {\"choices\": [\"earn\", \"acq\", \"money-fx\", \"grain\", \"crude\", \"trade\", \"interest\", \"ship\", \"wheat\", \"corn\", \"sugar\", \"oilseed\", \"dlr\", \"gnp\", \"coffee\", \"veg-oil\", \"gold\", \"nat-gas\", \"money-supply\", \"livestock\"]}}"}
{"op_code":6,"worker_id":"0c0f9c6a-7791-4e75-bd15-b6694c4e9ca4-139980931965760","trial_id":18,"state":1,"values":[-1.0],"datetime_complete":"2026-03-21T20:17:44.475942"}
{"op_code":4,"worker_id":"0c0f9c6a-7791-4e75-bd15-b6694c4e9ca4-139980931965760","study_id":0,"datetime_start":"2026-03-21T20:17:44.476435"}
{"op_code":5,"worker_id":"0c0f9c6a-7791-4e75-bd15-b6694c4e9ca4-139980931965760","trial_id":19,"param_name":"body_size","param_value_internal":2.0,"distribution":"{\"name\": \"IntDistribution\", \"attributes\": {\"log\": false, \"step\": 1, \"low\": 1, \"high\": 4}}"}
{"op_code":5,"worker_id":"0c0f9c6a-7791-4e75-bd15-b6694c4e9ca4-139980931965760","trial_id":19,"param_name":"body_pred_idx_0","param_value_internal":22.0,"distribution":"{\"name\": \"IntDistribution\", \"attributes\": {\"log\": false, \"step\": 1, \"low\": 0, \"high\": 99}}"}
{"op_code":5,"worker_id":"0c0f9c6a-7791-4e75-bd15-b6694c4e9ca4-139980931965760","trial_id":19,"param_name":"body_pred_idx_1","param_value_internal":59.0,"distribution":"{\"name\": \"IntDistribution\", \"attributes\": {\"log\": false, \"step\": 1, \"low\": 0, \"high\": 99}}"}
{"op_code":5,"worker_id":"0c0f9c6a-7791-4e75-bd15-b6694c4e9ca4-139980931965760","trial_id":19,"param_name":"need_ml_0","param_value_internal":1.0,"distribution":"{\"name\": \"IntDistribution\", \"attributes\": {\"log\": false, \"step\": 1, \"low\": 0, \"high\": 1}}"}
{"op_code":5,"worker_id":"0c0f9c6a-7791-4e75-bd15-b6694c4e9ca4-139980931965760","trial_id":19,"param_name":"ml_tau_0","param_value_internal":7,"distribution":"{\"name\": \"CategoricalDistribution\", \"attributes\": {\"choices\": [\"earn\", \"acq\", \"money-fx\", \"grain\", \"crude\", \"trade\", \"interest\", \"ship\", \"wheat\", \"corn\", \"sugar\", \"oilseed\", \"dlr\", \"gnp\", \"coffee\", \"veg-oil\", \"gold\", \"nat-gas\", \"money-supply\", \"livestock\"]}}"}
{"op_code":5,"worker_id":"0c0f9c6a-7791-4e75-bd15-b6694c4e9ca4-139980931965760","trial_id":19,"param_name":"need_ml_1","param_value_internal":0.0,"distribution":"{\"name\": \"IntDistribution\", \"attributes\": {\"log\": false, \"step\": 1, \"low\": 0, \"high\": 1}}"}
{"op_code":5,"worker_id":"0c0f9c6a-7791-4e75-bd15-b6694c4e9ca4-139980931965760","trial_id":19,"param_name":"need_ml_2","param_value_internal":1.0,"distribution":"{\"name\": \"IntDistribution\", \"attributes\": {\"log\": false, \"step\": 1, \"low\": 0, \"high\": 1}}"}
{"op_code":5,"worker_id":"0c0f9c6a-7791-4e75-bd15-b6694c4e9ca4-139980931965760","trial_id":19,"param_name":"ml_tau_2","param_value_internal":1,"distribution":"{\"name\": \"CategoricalDistribution\", \"attributes\": {\"choices\": [\"earn\", \"acq\", \"money-fx\", \"grain\", \"crude\", \"trade\", \"interest\", \"ship\", \"wheat\", \"corn\", \"sugar\", \"oilseed\", \"dlr\", \"gnp\", \"coffee\", \"veg-oil\", \"gold\", \"nat-gas\", \"money-supply\", \"livestock\"]}}"}
{"op_code":5,"worker_id":"0c0f9c6a-7791-4e75-bd15-b6694c4e9ca4-139980931965760","trial_id":19,"param_name":"need_label_contains","param_value_internal":1.0,"distribution":"{\"name\": \"IntDistribution\", \"attributes\": {\"log\": false, \"step\": 1, \"low\": 0, \"high\": 1}}"}
{"op_code":5,"worker_id":"0c0f9c6a-7791-4e75-bd15-b6694c4e9ca4-139980931965760","trial_id":19,"param_name":"label_contains_tau","param_value_internal":12,"distribution":"{\"name\": \"CategoricalDistribution\", \"attributes\": {\"choices\": [\"earn\", \"acq\", \"money-fx\", \"grain\", \"crude\", \"trade\", \"interest\", \"ship\", \"wheat\", \"corn\", \"sugar\", \"oilseed\", \"dlr\", \"gnp\", \"coffee\", \"veg-oil\", \"gold\", \"nat-gas\", \"money-supply\", \"livestock\"]}}"}
{"op_code":5,"worker_id":"0c0f9c6a-7791-4e75-bd15-b6694c4e9ca4-139980931965760","trial_id":19,"param_name":"need_label_eq","param_value_internal":0.0,"distribution":"{\"name\": \"IntDistribution\", \"attributes\": {\"log\": false, \"step\": 1, \"low\": 0, \"high\": 1}}"}
{"op_code":5,"worker_id":"0c0f9c6a-7791-4e75-bd15-b6694c4e9ca4-139980931965760","trial_id":19,"param_name":"need_label_minus","param_value_internal":1.0,"distribution":"{\"name\": \"IntDistribution\", \"attributes\": {\"log\": false, \"step\": 1, \"low\": 0, \"high\": 1}}"}
{"op_code":5,"worker_id":"0c0f9c6a-7791-4e75-bd15-b6694c4e9ca4-139980931965760","trial_id":19,"param_name":"label_minus_tau","param_value_internal":11,"distribution":"{\"name\": \"CategoricalDistribution\", \"attributes\": {\"choices\": [\"earn\", \"acq\", \"money-fx\", \"grain\", \"crude\", \"trade\", \"interest\", \"ship\", \"wheat\", \"corn\", \"sugar\", \"oilseed\", \"dlr\", \"gnp\", \"coffee\", \"veg-oil\", \"gold\", \"nat-gas\", \"money-supply\", \"livestock\"]}}"}
{"op_code":5,"worker_id":"0c0f9c6a-7791-4e75-bd15-b6694c4e9ca4-139980931965760","trial_id":19,"param_name":"consequence_label","param_value_internal":7,"distribution":"{\"name\": \"CategoricalDistribution\", \"attributes\": {\"choices\": [\"earn\", \"acq\", \"money-fx\", \"grain\", \"crude\", \"trade\", \"interest\", \"ship\", \"wheat\", \"corn\", \"sugar\", \"oilseed\", \"dlr\", \"gnp\", \"coffee\", \"veg-oil\", \"gold\", \"nat-gas\", \"money-supply\", \"livestock\"]}}"}
{"op_code":6,"worker_id":"0c0f9c6a-7791-4e75-bd15-b6694c4e9ca4-139980931965760","trial_id":19,"state":1,"values":[-1.0],"datetime_complete":"2026-03-21T20:17:44.526808"}
{"op_code":4,"worker_id":"0c0f9c6a-7791-4e75-bd15-b6694c4e9ca4-139980931965760","study_id":0,"datetime_start":"2026-03-21T20:17:44.527604"}
{"op_code":5,"worker_id":"0c0f9c6a-7791-4e75-bd15-b6694c4e9ca4-139980931965760","trial_id":20,"param_name":"body_size","param_value_internal":3.0,"distribution":"{\"name\": \"IntDistribution\", \"attributes\": {\"log\": false, \"step\": 1, \"low\": 1, \"high\": 4}}"}
{"op_code":5,"worker_id":"0c0f9c6a-7791-4e75-bd15-b6694c4e9ca4-139980931965760","trial_id":20,"param_name":"body_pred_idx_0","param_value_internal":59.0,"distribution":"{\"name\": \"IntDistribution\", \"attributes\": {\"log\": false, \"step\": 1, \"low\": 0, \"high\": 99}}"}
{"op_code":5,"worker_id":"0c0f9c6a-7791-4e75-bd15-b6694c4e9ca4-139980931965760","trial_id":20,"param_name":"body_pred_idx_1","param_value_internal":0.0,"distribution":"{\"name\": \"IntDistribution\", \"attributes\": {\"log\": false, \"step\": 1, \"low\": 0, \"high\": 99}}"}
{"op_code":5,"worker_id":"0c0f9c6a-7791-4e75-bd15-b6694c4e9ca4-139980931965760","trial_id":20,"param_name":"body_pred_idx_2","param_value_internal":66.0,"distribution":"{\"name\": \"IntDistribution\", \"attributes\": {\"log\": false, \"step\": 1, \"low\": 0, \"high\": 99}}"}
{"op_code":5,"worker_id":"0c0f9c6a-7791-4e75-bd15-b6694c4e9ca4-139980931965760","trial_id":20,"param_name":"need_ml_0","param_value_internal":0.0,"distribution":"{\"name\": \"IntDistribution\", \"attributes\": {\"log\": false, \"step\": 1, \"low\": 0, \"high\": 1}}"}
{"op_code":5,"worker_id":"0c0f9c6a-7791-4e75-bd15-b6694c4e9ca4-139980931965760","trial_id":20,"param_name":"need_ml_1","param_value_internal":1.0,"distribution":"{\"name\": \"IntDistribution\", \"attributes\": {\"log\": false, \"step\": 1, \"low\": 0, \"high\": 1}}"}
{"op_code":5,"worker_id":"0c0f9c6a-7791-4e75-bd15-b6694c4e9ca4-139980931965760","trial_id":20,"param_name":"ml_tau_1","param_value_internal":19,"distribution":"{\"name\": \"CategoricalDistribution\", \"attributes\": {\"choices\": [\"earn\", \"acq\", \"money-fx\", \"grain\", \"crude\", \"trade\", \"interest\", \"ship\", \"wheat\", \"corn\", \"sugar\", \"oilseed\", \"dlr\", \"gnp\", \"coffee\", \"veg-oil\", \"gold\", \"nat-gas\", \"money-supply\", \"livestock\"]}}"}
{"op_code":5,"worker_id":"0c0f9c6a-7791-4e75-bd15-b6694c4e9ca4-139980931965760","trial_id":20,"param_name":"need_ml_2","param_value_internal":0.0,"distribution":"{\"name\": \"IntDistribution\", \"attributes\": {\"log\": false, \"step\": 1, \"low\": 0, \"high\": 1}}"}
{"op_code":5,"worker_id":"0c0f9c6a-7791-4e75-bd15-b6694c4e9ca4-139980931965760","trial_id":20,"param_name":"need_label_contains","param_value_internal":0.0,"distribution":"{\"name\": \"IntDistribution\", \"attributes\": {\"log\": false, \"step\": 1, \"low\": 0, \"high\": 1}}"}
{"op_code":5,"worker_id":"0c0f9c6a-7791-4e75-bd15-b6694c4e9ca4-139980931965760","trial_id":20,"param_name":"need_label_eq","param_value_internal":1.0,"distribution":"{\"name\": \"IntDistribution\", \"attributes\": {\"log\": false, \"step\": 1, \"low\": 0, \"high\": 1}}"}
{"op_code":5,"worker_id":"0c0f9c6a-7791-4e75-bd15-b6694c4e9ca4-139980931965760","trial_id":20,"param_name":"label_eq_tau","param_value_internal":11,"distribution":"{\"name\": \"CategoricalDistribution\", \"attributes\": {\"choices\": [\"earn\", \"acq\", \"money-fx\", \"grain\", \"crude\", \"trade\", \"interest\", \"ship\", \"wheat\", \"corn\", \"sugar\", \"oilseed\", \"dlr\", \"gnp\", \"coffee\", \"veg-oil\", \"gold\", \"nat-gas\", \"money-supply\", \"livestock\"]}}"}
{"op_code":5,"worker_id":"0c0f9c6a-7791-4e75-bd15-b6694c4e9ca4-139980931965760","trial_id":20,"param_name":"need_label_minus","param_value_internal":0.0,"distribution":"{\"name\": \"IntDistribution\", \"attributes\": {\"log\": false, \"step\": 1, \"low\": 0, \"high\": 1}}"}
{"op_code":5,"worker_id":"0c0f9c6a-7791-4e75-bd15-b6694c4e9ca4-139980931965760","trial_id":20,"param_name":"consequence_label","param_value_internal":12,"distribution":"{\"name\": \"CategoricalDistribution\", \"attributes\": {\"choices\": [\"earn\", \"acq\", \"money-fx\", \"grain\", \"crude\", \"trade\", \"interest\", \"ship\", \"wheat\", \"corn\", \"sugar\", \"oilseed\", \"dlr\", \"gnp\", \"coffee\", \"veg-oil\", \"gold\", \"nat-gas\", \"money-supply\", \"livestock\"]}}"}
{"op_code":6,"worker_id":"0c0f9c6a-7791-4e75-bd15-b6694c4e9ca4-139980931965760","trial_id":20,"state":1,"values":[-1.0],"datetime_complete":"2026-03-21T20:17:44.555886"}
{"op_code":4,"worker_id":"0c0f9c6a-7791-4e75-bd15-b6694c4e9ca4-139980931965760","study_id":0,"datetime_start":"2026-03-21T20:17:44.556412"}
{"op_code":5,"worker_id":"0c0f9c6a-7791-4e75-bd15-b6694c4e9ca4-139980931965760","trial_id":21,"param_name":"body_size","param_value_internal":4.0,"distribution":"{\"name\": \"IntDistribution\", \"attributes\": {\"log\": false, \"step\": 1, \"low\": 1, \"high\": 4}}"}
{"op_code":5,"worker_id":"0c0f9c6a-7791-4e75-bd15-b6694c4e9ca4-139980931965760","trial_id":21,"param_name":"body_pred_idx_0","param_value_internal":2.0,"distribution":"{\"name\": \"IntDistribution\", \"attributes\": {\"log\": false, \"step\": 1, \"low\": 0, \"high\": 99}}"}
{"op_code":5,"worker_id":"0c0f9c6a-7791-4e75-bd15-b6694c4e9ca4-139980931965760","trial_id":21,"param_name":"body_pred_idx_1","param_value_internal":37.0,"distribution":"{\"name\": \"IntDistribution\", \"attributes\": {\"log\": false, \"step\": 1, \"low\": 0, \"high\": 99}}"}
{"op_code":5,"worker_id":"0c0f9c6a-7791-4e75-bd15-b6694c4e9ca4-139980931965760","trial_id":21,"param_name":"body_pred_idx_2","param_value_internal":99.0,"distribution":"{\"name\": \"IntDistribution\", \"attributes\": {\"log\": false, \"step\": 1, \"low\": 0, \"high\": 99}}"}
{"op_code":5,"worker_id":"0c0f9c6a-7791-4e75-bd15-b6694c4e9ca4-139980931965760","trial_id":21,"param_name":"body_pred_idx_3","param_value_internal":87.0,"distribution":"{\"name\": \"IntDistribution\", \"attributes\": {\"log\": false, \"step\": 1, \"low\": 0, \"high\": 99}}"}
{"op_code":5,"worker_id":"0c0f9c6a-7791-4e75-bd15-b6694c4e9ca4-139980931965760","trial_id":21,"param_name":"need_ml_0","param_value_internal":0.0,"distribution":"{\"name\": \"IntDistribution\", \"attributes\": {\"log\": false, \"step\": 1, \"low\": 0, \"high\": 1}}"}
{"op_code":5,"worker_id":"0c0f9c6a-7791-4e75-bd15-b6694c4e9ca4-139980931965760","trial_id":21,"param_name":"need_ml_1","param_value_internal":0.0,"distribution":"{\"name\": \"IntDistribution\", \"attributes\": {\"log\": false, \"step\": 1, \"low\": 0, \"high\": 1}}"}
{"op_code":5,"worker_id":"0c0f9c6a-7791-4e75-bd15-b6694c4e9ca4-139980931965760","trial_id":21,"param_name":"need_ml_2","param_value_internal":0.0,"distribution":"{\"name\": \"IntDistribution\", \"attributes\": {\"log\": false, \"step\": 1, \"low\": 0, \"high\": 1}}"}
{"op_code":5,"worker_id":"0c0f9c6a-7791-4e75-bd15-b6694c4e9ca4-139980931965760","trial_id":21,"param_name":"need_label_contains","param_value_internal":1.0,"distribution":"{\"name\": \"IntDistribution\", \"attributes\": {\"log\": false, \"step\": 1, \"low\": 0, \"high\": 1}}"}
{"op_code":5,"worker_id":"0c0f9c6a-7791-4e75-bd15-b6694c4e9ca4-139980931965760","trial_id":21,"param_name":"label_contains_tau","param_value_internal":11,"distribution":"{\"name\": \"CategoricalDistribution\", \"attributes\": {\"choices\": [\"earn\", \"acq\", \"money-fx\", \"grain\", \"crude\", \"trade\", \"interest\", \"ship\", \"wheat\", \"corn\", \"sugar\", \"oilseed\", \"dlr\", \"gnp\", \"coffee\", \"veg-oil\", \"gold\", \"nat-gas\", \"money-supply\", \"livestock\"]}}"}
{"op_code":5,"worker_id":"0c0f9c6a-7791-4e75-bd15-b6694c4e9ca4-139980931965760","trial_id":21,"param_name":"need_label_eq","param_value_internal":0.0,"distribution":"{\"name\": \"IntDistribution\", \"attributes\": {\"log\": false, \"step\": 1, \"low\": 0, \"high\": 1}}"}
{"op_code":5,"worker_id":"0c0f9c6a-7791-4e75-bd15-b6694c4e9ca4-139980931965760","trial_id":21,"param_name":"need_label_minus","param_value_internal":1.0,"distribution":"{\"name\": \"IntDistribution\", \"attributes\": {\"log\": false, \"step\": 1, \"low\": 0, \"high\": 1}}"}
{"op_code":5,"worker_id":"0c0f9c6a-7791-4e75-bd15-b6694c4e9ca4-139980931965760","trial_id":21,"param_name":"label_minus_tau","param_value_internal":9,"distribution":"{\"name\": \"CategoricalDistribution\", \"attributes\": {\"choices\": [\"earn\", \"acq\", \"money-fx\", \"grain\", \"crude\", \"trade\", \"interest\", \"ship\", \"wheat\", \"corn\", \"sugar\", \"oilseed\", \"dlr\", \"gnp\", \"coffee\", \"veg-oil\", \"gold\", \"nat-gas\", \"money-supply\", \"livestock\"]}}"}
{"op_code":5,"worker_id":"0c0f9c6a-7791-4e75-bd15-b6694c4e9ca4-139980931965760","trial_id":21,"param_name":"consequence_label","param_value_internal":17,"distribution":"{\"name\": \"CategoricalDistribution\", \"attributes\": {\"choices\": [\"earn\", \"acq\", \"money-fx\", \"grain\", \"crude\", \"trade\", \"interest\", \"ship\", \"wheat\", \"corn\", \"sugar\", \"oilseed\", \"dlr\", \"gnp\", \"coffee\", \"veg-oil\", \"gold\", \"nat-gas\", \"money-supply\", \"livestock\"]}}"}
{"op_code":6,"worker_id":"0c0f9c6a-7791-4e75-bd15-b6694c4e9ca4-139980931965760","trial_id":21,"state":1,"values":[-1.0],"datetime_complete":"2026-03-21T20:17:44.593011"}
{"op_code":4,"worker_id":"0c0f9c6a-7791-4e75-bd15-b6694c4e9ca4-139980931965760","study_id":0,"datetime_start":"2026-03-21T20:17:44.593607"}
{"op_code":5,"worker_id":"0c0f9c6a-7791-4e75-bd15-b6694c4e9ca4-139980931965760","trial_id":22,"param_name":"body_size","param_value_internal":3.0,"distribution":"{\"name\": \"IntDistribution\", \"attributes\": {\"log\": false, \"step\": 1, \"low\": 1, \"high\": 4}}"}
{"op_code":5,"worker_id":"0c0f9c6a-7791-4e75-bd15-b6694c4e9ca4-139980931965760","trial_id":22,"param_name":"body_pred_idx_0","param_value_internal":42.0,"distribution":"{\"name\": \"IntDistribution\", \"attributes\": {\"log\": false, \"step\": 1, \"low\": 0, \"high\": 99}}"}
{"op_code":5,"worker_id":"0c0f9c6a-7791-4e75-bd15-b6694c4e9ca4-139980931965760","trial_id":22,"param_name":"body_pred_idx_1","param_value_internal":61.0,"distribution":"{\"name\": \"IntDistribution\", \"attributes\": {\"log\": false, \"step\": 1, \"low\": 0, \"high\": 99}}"}
{"op_code":5,"worker_id":"0c0f9c6a-7791-4e75-bd15-b6694c4e9ca4-139980931965760","trial_id":22,"param_name":"body_pred_idx_2","param_value_internal":70.0,"distribution":"{\"name\": \"IntDistribution\", \"attributes\": {\"log\": false, \"step\": 1, \"low\": 0, \"high\": 99}}"}
{"op_code":5,"worker_id":"0c0f9c6a-7791-4e75-bd15-b6694c4e9ca4-139980931965760","trial_id":22,"param_name":"need_ml_0","param_value_internal":0.0,"distribution":"{\"name\": \"IntDistribution\", \"attributes\": {\"log\": false, \"step\": 1, \"low\": 0, \"high\": 1}}"}
{"op_code":5,"worker_id":"0c0f9c6a-7791-4e75-bd15-b6694c4e9ca4-139980931965760","trial_id":22,"param_name":"need_ml_1","param_value_internal":0.0,"distribution":"{\"name\": \"IntDistribution\", \"attributes\": {\"log\": false, \"step\": 1, \"low\": 0, \"high\": 1}}"}
{"op_code":5,"worker_id":"0c0f9c6a-7791-4e75-bd15-b6694c4e9ca4-139980931965760","trial_id":22,"param_name":"need_ml_2","param_value_internal":0.0,"distribution":"{\"name\": \"IntDistribution\", \"attributes\": {\"log\": false, \"step\": 1, \"low\": 0, \"high\": 1}}"}
{"op_code":5,"worker_id":"0c0f9c6a-7791-4e75-bd15-b6694c4e9ca4-139980931965760","trial_id":22,"param_name":"need_label_contains","param_value_internal":1.0,"distribution":"{\"name\": \"IntDistribution\", \"attributes\": {\"log\": false, \"step\": 1, \"low\": 0, \"high\": 1}}"}
{"op_code":5,"worker_id":"0c0f9c6a-7791-4e75-bd15-b6694c4e9ca4-139980931965760","trial_id":22,"param_name":"label_contains_tau","param_value_internal":2,"distribution":"{\"name\": \"CategoricalDistribution\", \"attributes\": {\"choices\": [\"earn\", \"acq\", \"money-fx\", \"grain\", \"crude\", \"trade\", \"interest\", \"ship\", \"wheat\", \"corn\", \"sugar\", \"oilseed\", \"dlr\", \"gnp\", \"coffee\", \"veg-oil\", \"gold\", \"nat-gas\", \"money-supply\", \"livestock\"]}}"}
{"op_code":5,"worker_id":"0c0f9c6a-7791-4e75-bd15-b6694c4e9ca4-139980931965760","trial_id":22,"param_name":"need_label_eq","param_value_internal":0.0,"distribution":"{\"name\": \"IntDistribution\", \"attributes\": {\"log\": false, \"step\": 1, \"low\": 0, \"high\": 1}}"}
{"op_code":5,"worker_id":"0c0f9c6a-7791-4e75-bd15-b6694c4e9ca4-139980931965760","trial_id":22,"param_name":"need_label_minus","param_value_internal":1.0,"distribution":"{\"name\": \"IntDistribution\", \"attributes\": {\"log\": false, \"step\": 1, \"low\": 0, \"high\": 1}}"}
{"op_code":5,"worker_id":"0c0f9c6a-7791-4e75-bd15-b6694c4e9ca4-139980931965760","trial_id":22,"param_name":"label_minus_tau","param_value_internal":0,"distribution":"{\"name\": \"CategoricalDistribution\", \"attributes\": {\"choices\": [\"earn\", \"acq\", \"money-fx\", \"grain\", \"crude\", \"trade\", \"interest\", \"ship\", \"wheat\", \"corn\", \"sugar\", \"oilseed\", \"dlr\", \"gnp\", \"coffee\", \"veg-oil\", \"gold\", \"nat-gas\", \"money-supply\", \"livestock\"]}}"}
{"op_code":5,"worker_id":"0c0f9c6a-7791-4e75-bd15-b6694c4e9ca4-139980931965760","trial_id":22,"param_name":"consequence_label","param_value_internal":18,"distribution":"{\"name\": \"CategoricalDistribution\", \"attributes\": {\"choices\": [\"earn\", \"acq\", \"money-fx\", \"grain\", \"crude\", \"trade\", \"interest\", \"ship\", \"wheat\", \"corn\", \"sugar\", \"oilseed\", \"dlr\", \"gnp\", \"coffee\", \"veg-oil\", \"gold\", \"nat-gas\", \"money-supply\", \"livestock\"]}}"}
{"op_code":6,"worker_id":"0c0f9c6a-7791-4e75-bd15-b6694c4e9ca4-139980931965760","trial_id":22,"state":1,"values":[-1.0],"datetime_complete":"2026-03-21T20:17:44.635767"}
{"op_code":4,"worker_id":"0c0f9c6a-7791-4e75-bd15-b6694c4e9ca4-139980931965760","study_id":0,"datetime_start":"2026-03-21T20:17:44.636469"}
{"op_code":5,"worker_id":"0c0f9c6a-7791-4e75-bd15-b6694c4e9ca4-139980931965760","trial_id":23,"param_name":"body_size","param_value_internal":4.0,"distribution":"{\"name\": \"IntDistribution\", \"attributes\": {\"log\": false, \"step\": 1, \"low\": 1, \"high\": 4}}"}
{"op_code":5,"worker_id":"0c0f9c6a-7791-4e75-bd15-b6694c4e9ca4-139980931965760","trial_id":23,"param_name":"body_pred_idx_0","param_value_internal":19.0,"distribution":"{\"name\": \"IntDistribution\", \"attributes\": {\"log\": false, \"step\": 1, \"low\": 0, \"high\": 99}}"}
{"op_code":5,"worker_id":"0c0f9c6a-7791-4e75-bd15-b6694c4e9ca4-139980931965760","trial_id":23,"param_name":"body_pred_idx_1","param_value_internal":48.0,"distribution":"{\"name\": \"IntDistribution\", \"attributes\": {\"log\": false, \"step\": 1, \"low\": 0, \"high\": 99}}"}
{"op_code":5,"worker_id":"0c0f9c6a-7791-4e75-bd15-b6694c4e9ca4-139980931965760","trial_id":23,"param_name":"body_pred_idx_2","param_value_internal":75.0,"distribution":"{\"name\": \"IntDistribution\", \"attributes\": {\"log\": false, \"step\": 1, \"low\": 0, \"high\": 99}}"}
{"op_code":5,"worker_id":"0c0f9c6a-7791-4e75-bd15-b6694c4e9ca4-139980931965760","trial_id":23,"param_name":"body_pred_idx_3","param_value_internal":3.0,"distribution":"{\"name\": \"IntDistribution\", \"attributes\": {\"log\": false, \"step\": 1, \"low\": 0, \"high\": 99}}"}
{"op_code":5,"worker_id":"0c0f9c6a-7791-4e75-bd15-b6694c4e9ca4-139980931965760","trial_id":23,"param_name":"eta_19","param_value_internal":10.0,"distribution":"{\"name\": \"IntDistribution\", \"attributes\": {\"log\": false, \"step\": 1, \"low\": 1, \"high\": 20}}"}
{"op_code":5,"worker_id":"0c0f9c6a-7791-4e75-bd15-b6694c4e9ca4-139980931965760","trial_id":23,"param_name":"op_19","param_value_internal":4,"distribution":"{\"name\": \"CategoricalDistribution\", \"attributes\": {\"choices\": [\">=\", \"<=\", \"==\", \">\", \"<\"]}}"}
{"op_code":5,"worker_id":"0c0f9c6a-7791-4e75-bd15-b6694c4e9ca4-139980931965760","trial_id":23,"param_name":"need_ml_0","param_value_internal":0.0,"distribution":"{\"name\": \"IntDistribution\", \"attributes\": {\"log\": false, \"step\": 1, \"low\": 0, \"high\": 1}}"}
{"op_code":5,"worker_id":"0c0f9c6a-7791-4e75-bd15-b6694c4e9ca4-139980931965760","trial_id":23,"param_name":"need_ml_1","param_value_internal":0.0,"distribution":"{\"name\": \"IntDistribution\", \"attributes\": {\"log\": false, \"step\": 1, \"low\": 0, \"high\": 1}}"}
{"op_code":5,"worker_id":"0c0f9c6a-7791-4e75-bd15-b6694c4e9ca4-139980931965760","trial_id":23,"param_name":"need_ml_2","param_value_internal":0.0,"distribution":"{\"name\": \"IntDistribution\", \"attributes\": {\"log\": false, \"step\": 1, \"low\": 0, \"high\": 1}}"}
{"op_code":5,"worker_id":"0c0f9c6a-7791-4e75-bd15-b6694c4e9ca4-139980931965760","trial_id":23,"param_name":"need_label_contains","param_value_internal":1.0,"distribution":"{\"name\": \"IntDistribution\", \"attributes\": {\"log\": false, \"step\": 1, \"low\": 0, \"high\": 1}}"}
{"op_code":5,"worker_id":"0c0f9c6a-7791-4e75-bd15-b6694c4e9ca4-139980931965760","trial_id":23,"param_name":"label_contains_tau","param_value_internal":7,"distribution":"{\"name\": \"CategoricalDistribution\", \"attributes\": {\"choices\": [\"earn\", \"acq\", \"money-fx\", \"grain\", \"crude\", \"trade\", \"interest\", \"ship\", \"wheat\", \"corn\", \"sugar\", \"oilseed\", \"dlr\", \"gnp\", \"coffee\", \"veg-oil\", \"gold\", \"nat-gas\", \"money-supply\", \"livestock\"]}}"}
{"op_code":5,"worker_id":"0c0f9c6a-7791-4e75-bd15-b6694c4e9ca4-139980931965760","trial_id":23,"param_name":"need_label_eq","param_value_internal":0.0,"distribution":"{\"name\": \"IntDistribution\", \"attributes\": {\"log\": false, \"step\": 1, \"low\": 0, \"high\": 1}}"}
{"op_code":5,"worker_id":"0c0f9c6a-7791-4e75-bd15-b6694c4e9ca4-139980931965760","trial_id":23,"param_name":"need_label_minus","param_value_internal":1.0,"distribution":"{\"name\": \"IntDistribution\", \"attributes\": {\"log\": false, \"step\": 1, \"low\": 0, \"high\": 1}}"}
{"op_code":5,"worker_id":"0c0f9c6a-7791-4e75-bd15-b6694c4e9ca4-139980931965760","trial_id":23,"param_name":"label_minus_tau","param_value_internal":10,"distribution":"{\"name\": \"CategoricalDistribution\", \"attributes\": {\"choices\": [\"earn\", \"acq\", \"money-fx\", \"grain\", \"crude\", \"trade\", \"interest\", \"ship\", \"wheat\", \"corn\", \"sugar\", \"oilseed\", \"dlr\", \"gnp\", \"coffee\", \"veg-oil\", \"gold\", \"nat-gas\", \"money-supply\", \"livestock\"]}}"}
{"op_code":5,"worker_id":"0c0f9c6a-7791-4e75-bd15-b6694c4e9ca4-139980931965760","trial_id":23,"param_name":"consequence_label","param_value_internal":13,"distribution":"{\"name\": \"CategoricalDistribution\", \"attributes\": {\"choices\": [\"earn\", \"acq\", \"money-fx\", \"grain\", \"crude\", \"trade\", \"interest\", \"ship\", \"wheat\", \"corn\", \"sugar\", \"oilseed\", \"dlr\", \"gnp\", \"coffee\", \"veg-oil\", \"gold\", \"nat-gas\", \"money-supply\", \"livestock\"]}}"}
{"op_code":6,"worker_id":"0c0f9c6a-7791-4e75-bd15-b6694c4e9ca4-139980931965760","trial_id":23,"state":1,"values":[-1.0],"datetime_complete":"2026-03-21T20:17:44.670547"}
{"op_code":4,"worker_id":"0c0f9c6a-7791-4e75-bd15-b6694c4e9ca4-139980931965760","study_id":0,"datetime_start":"2026-03-21T20:17:44.671037"}
{"op_code":5,"worker_id":"0c0f9c6a-7791-4e75-bd15-b6694c4e9ca4-139980931965760","trial_id":24,"param_name":"body_size","param_value_internal":2.0,"distribution":"{\"name\": \"IntDistribution\", \"attributes\": {\"log\": false, \"step\": 1, \"low\": 1, \"high\": 4}}"}
{"op_code":5,"worker_id":"0c0f9c6a-7791-4e75-bd15-b6694c4e9ca4-139980931965760","trial_id":24,"param_name":"body_pred_idx_0","param_value_internal":0.0,"distribution":"{\"name\": \"IntDistribution\", \"attributes\": {\"log\": false, \"step\": 1, \"low\": 0, \"high\": 99}}"}
{"op_code":5,"worker_id":"0c0f9c6a-7791-4e75-bd15-b6694c4e9ca4-139980931965760","trial_id":24,"param_name":"body_pred_idx_1","param_value_internal":30.0,"distribution":"{\"name\": \"IntDistribution\", \"attributes\": {\"log\": false, \"step\": 1, \"low\": 0, \"high\": 99}}"}
{"op_code":5,"worker_id":"0c0f9c6a-7791-4e75-bd15-b6694c4e9ca4-139980931965760","trial_id":24,"param_name":"need_ml_0","param_value_internal":0.0,"distribution":"{\"name\": \"IntDistribution\", \"attributes\": {\"log\": false, \"step\": 1, \"low\": 0, \"high\": 1}}"}
{"op_code":5,"worker_id":"0c0f9c6a-7791-4e75-bd15-b6694c4e9ca4-139980931965760","trial_id":24,"param_name":"need_ml_1","param_value_internal":0.0,"distribution":"{\"name\": \"IntDistribution\", \"attributes\": {\"log\": false, \"step\": 1, \"low\": 0, \"high\": 1}}"}
{"op_code":5,"worker_id":"0c0f9c6a-7791-4e75-bd15-b6694c4e9ca4-139980931965760","trial_id":24,"param_name":"need_ml_2","param_value_internal":0.0,"distribution":"{\"name\": \"IntDistribution\", \"attributes\": {\"log\": false, \"step\": 1, \"low\": 0, \"high\": 1}}"}
{"op_code":5,"worker_id":"0c0f9c6a-7791-4e75-bd15-b6694c4e9ca4-139980931965760","trial_id":24,"param_name":"need_label_contains","param_value_internal":1.0,"distribution":"{\"name\": \"IntDistribution\", \"attributes\": {\"log\": false, \"step\": 1, \"low\": 0, \"high\": 1}}"}
{"op_code":5,"worker_id":"0c0f9c6a-7791-4e75-bd15-b6694c4e9ca4-139980931965760","trial_id":24,"param_name":"label_contains_tau","param_value_internal":5,"distribution":"{\"name\": \"CategoricalDistribution\", \"attributes\": {\"choices\": [\"earn\", \"acq\", \"money-fx\", \"grain\", \"crude\", \"trade\", \"interest\", \"ship\", \"wheat\", \"corn\", \"sugar\", \"oilseed\", \"dlr\", \"gnp\", \"coffee\", \"veg-oil\", \"gold\", \"nat-gas\", \"money-supply\", \"livestock\"]}}"}
{"op_code":5,"worker_id":"0c0f9c6a-7791-4e75-bd15-b6694c4e9ca4-139980931965760","trial_id":24,"param_name":"need_label_eq","param_value_internal":0.0,"distribution":"{\"name\": \"IntDistribution\", \"attributes\": {\"log\": false, \"step\": 1, \"low\": 0, \"high\": 1}}"}
{"op_code":5,"worker_id":"0c0f9c6a-7791-4e75-bd15-b6694c4e9ca4-139980931965760","trial_id":24,"param_name":"need_label_minus","param_value_internal":1.0,"distribution":"{\"name\": \"IntDistribution\", \"attributes\": {\"log\": false, \"step\": 1, \"low\": 0, \"high\": 1}}"}
{"op_code":5,"worker_id":"0c0f9c6a-7791-4e75-bd15-b6694c4e9ca4-139980931965760","trial_id":24,"param_name":"label_minus_tau","param_value_internal":18,"distribution":"{\"name\": \"CategoricalDistribution\", \"attributes\": {\"choices\": [\"earn\", \"acq\", \"money-fx\", \"grain\", \"crude\", \"trade\", \"interest\", \"ship\", \"wheat\", \"corn\", \"sugar\", \"oilseed\", \"dlr\", \"gnp\", \"coffee\", \"veg-oil\", \"gold\", \"nat-gas\", \"money-supply\", \"livestock\"]}}"}
{"op_code":5,"worker_id":"0c0f9c6a-7791-4e75-bd15-b6694c4e9ca4-139980931965760","trial_id":24,"param_name":"consequence_label","param_value_internal":5,"distribution":"{\"name\": \"CategoricalDistribution\", \"attributes\": {\"choices\": [\"earn\", \"acq\", \"money-fx\", \"grain\", \"crude\", \"trade\", \"interest\", \"ship\", \"wheat\", \"corn\", \"sugar\", \"oilseed\", \"dlr\", \"gnp\", \"coffee\", \"veg-oil\", \"gold\", \"nat-gas\", \"money-supply\", \"livestock\"]}}"}
{"op_code":6,"worker_id":"0c0f9c6a-7791-4e75-bd15-b6694c4e9ca4-139980931965760","trial_id":24,"state":1,"values":[-1.0],"datetime_complete":"2026-03-21T20:17:44.697653"}
{"op_code":4,"worker_id":"0c0f9c6a-7791-4e75-bd15-b6694c4e9ca4-139980931965760","study_id":0,"datetime_start":"2026-03-21T20:17:44.698175"}
{"op_code":5,"worker_id":"0c0f9c6a-7791-4e75-bd15-b6694c4e9ca4-139980931965760","trial_id":25,"param_name":"body_size","param_value_internal":3.0,"distribution":"{\"name\": \"IntDistribution\", \"attributes\": {\"log\": false, \"step\": 1, \"low\": 1, \"high\": 4}}"}
{"op_code":5,"worker_id":"0c0f9c6a-7791-4e75-bd15-b6694c4e9ca4-139980931965760","trial_id":25,"param_name":"body_pred_idx_0","param_value_internal":27.0,"distribution":"{\"name\": \"IntDistribution\", \"attributes\": {\"log\": false, \"step\": 1, \"low\": 0, \"high\": 99}}"}
{"op_code":5,"worker_id":"0c0f9c6a-7791-4e75-bd15-b6694c4e9ca4-139980931965760","trial_id":25,"param_name":"body_pred_idx_1","param_value_internal":67.0,"distribution":"{\"name\": \"IntDistribution\", \"attributes\": {\"log\": false, \"step\": 1, \"low\": 0, \"high\": 99}}"}
{"op_code":5,"worker_id":"0c0f9c6a-7791-4e75-bd15-b6694c4e9ca4-139980931965760","trial_id":25,"param_name":"body_pred_idx_2","param_value_internal":55.0,"distribution":"{\"name\": \"IntDistribution\", \"attributes\": {\"log\": false, \"step\": 1, \"low\": 0, \"high\": 99}}"}
{"op_code":5,"worker_id":"0c0f9c6a-7791-4e75-bd15-b6694c4e9ca4-139980931965760","trial_id":25,"param_name":"need_ml_0","param_value_internal":0.0,"distribution":"{\"name\": \"IntDistribution\", \"attributes\": {\"log\": false, \"step\": 1, \"low\": 0, \"high\": 1}}"}
{"op_code":5,"worker_id":"0c0f9c6a-7791-4e75-bd15-b6694c4e9ca4-139980931965760","trial_id":25,"param_name":"need_ml_1","param_value_internal":0.0,"distribution":"{\"name\": \"IntDistribution\", \"attributes\": {\"log\": false, \"step\": 1, \"low\": 0, \"high\": 1}}"}
{"op_code":5,"worker_id":"0c0f9c6a-7791-4e75-bd15-b6694c4e9ca4-139980931965760","trial_id":25,"param_name":"need_ml_2","param_value_internal":0.0,"distribution":"{\"name\": \"IntDistribution\", \"attributes\": {\"log\": false, \"step\": 1, \"low\": 0, \"high\": 1}}"}
{"op_code":5,"worker_id":"0c0f9c6a-7791-4e75-bd15-b6694c4e9ca4-139980931965760","trial_id":25,"param_name":"need_label_contains","param_value_internal":1.0,"distribution":"{\"name\": \"IntDistribution\", \"attributes\": {\"log\": false, \"step\": 1, \"low\": 0, \"high\": 1}}"}
{"op_code":5,"worker_id":"0c0f9c6a-7791-4e75-bd15-b6694c4e9ca4-139980931965760","trial_id":25,"param_name":"label_contains_tau","param_value_internal":9,"distribution":"{\"name\": \"CategoricalDistribution\", \"attributes\": {\"choices\": [\"earn\", \"acq\", \"money-fx\", \"grain\", \"crude\", \"trade\", \"interest\", \"ship\", \"wheat\", \"corn\", \"sugar\", \"oilseed\", \"dlr\", \"gnp\", \"coffee\", \"veg-oil\", \"gold\", \"nat-gas\", \"money-supply\", \"livestock\"]}}"}
{"op_code":5,"worker_id":"0c0f9c6a-7791-4e75-bd15-b6694c4e9ca4-139980931965760","trial_id":25,"param_name":"need_label_eq","param_value_internal":0.0,"distribution":"{\"name\": \"IntDistribution\", \"attributes\": {\"log\": false, \"step\": 1, \"low\": 0, \"high\": 1}}"}
{"op_code":5,"worker_id":"0c0f9c6a-7791-4e75-bd15-b6694c4e9ca4-139980931965760","trial_id":25,"param_name":"need_label_minus","param_value_internal":1.0,"distribution":"{\"name\": \"IntDistribution\", \"attributes\": {\"log\": false, \"step\": 1, \"low\": 0, \"high\": 1}}"}
{"op_code":5,"worker_id":"0c0f9c6a-7791-4e75-bd15-b6694c4e9ca4-139980931965760","trial_id":25,"param_name":"label_minus_tau","param_value_internal":3,"distribution":"{\"name\": \"CategoricalDistribution\", \"attributes\": {\"choices\": [\"earn\", \"acq\", \"money-fx\", \"grain\", \"crude\", \"trade\", \"interest\", \"ship\", \"wheat\", \"corn\", \"sugar\", \"oilseed\", \"dlr\", \"gnp\", \"coffee\", \"veg-oil\", \"gold\", \"nat-gas\", \"money-supply\", \"livestock\"]}}"}
{"op_code":5,"worker_id":"0c0f9c6a-7791-4e75-bd15-b6694c4e9ca4-139980931965760","trial_id":25,"param_name":"consequence_label","param_value_internal":14,"distribution":"{\"name\": \"CategoricalDistribution\", \"attributes\": {\"choices\": [\"earn\", \"acq\", \"money-fx\", \"grain\", \"crude\", \"trade\", \"interest\", \"ship\", \"wheat\", \"corn\", \"sugar\", \"oilseed\", \"dlr\", \"gnp\", \"coffee\", \"veg-oil\", \"gold\", \"nat-gas\", \"money-supply\", \"livestock\"]}}"}
{"op_code":6,"worker_id":"0c0f9c6a-7791-4e75-bd15-b6694c4e9ca4-139980931965760","trial_id":25,"state":1,"values":[-1.0],"datetime_complete":"2026-03-21T20:17:44.735362"}
{"op_code":4,"worker_id":"0c0f9c6a-7791-4e75-bd15-b6694c4e9ca4-139980931965760","study_id":0,"datetime_start":"2026-03-21T20:17:44.736163"}
{"op_code":5,"worker_id":"0c0f9c6a-7791-4e75-bd15-b6694c4e9ca4-139980931965760","trial_id":26,"param_name":"body_size","param_value_internal":1.0,"distribution":"{\"name\": \"IntDistribution\", \"attributes\": {\"log\": false, \"step\": 1, \"low\": 1, \"high\": 4}}"}
{"op_code":5,"worker_id":"0c0f9c6a-7791-4e75-bd15-b6694c4e9ca4-139980931965760","trial_id":26,"param_name":"body_pred_idx_0","param_value_internal":43.0,"distribution":"{\"name\": \"IntDistribution\", \"attributes\": {\"log\": false, \"step\": 1, \"low\": 0, \"high\": 99}}"}
{"op_code":5,"worker_id":"0c0f9c6a-7791-4e75-bd15-b6694c4e9ca4-139980931965760","trial_id":26,"param_name":"need_ml_0","param_value_internal":1.0,"distribution":"{\"name\": \"IntDistribution\", \"attributes\": {\"log\": false, \"step\": 1, \"low\": 0, \"high\": 1}}"}
{"op_code":5,"worker_id":"0c0f9c6a-7791-4e75-bd15-b6694c4e9ca4-139980931965760","trial_id":26,"param_name":"ml_tau_0","param_value_internal":3,"distribution":"{\"name\": \"CategoricalDistribution\", \"attributes\": {\"choices\": [\"earn\", \"acq\", \"money-fx\", \"grain\", \"crude\", \"trade\", \"interest\", \"ship\", \"wheat\", \"corn\", \"sugar\", \"oilseed\", \"dlr\", \"gnp\", \"coffee\", \"veg-oil\", \"gold\", \"nat-gas\", \"money-supply\", \"livestock\"]}}"}
{"op_code":5,"worker_id":"0c0f9c6a-7791-4e75-bd15-b6694c4e9ca4-139980931965760","trial_id":26,"param_name":"need_ml_1","param_value_internal":0.0,"distribution":"{\"name\": \"IntDistribution\", \"attributes\": {\"log\": false, \"step\": 1, \"low\": 0, \"high\": 1}}"}
{"op_code":5,"worker_id":"0c0f9c6a-7791-4e75-bd15-b6694c4e9ca4-139980931965760","trial_id":26,"param_name":"need_ml_2","param_value_internal":1.0,"distribution":"{\"name\": \"IntDistribution\", \"attributes\": {\"log\": false, \"step\": 1, \"low\": 0, \"high\": 1}}"}
{"op_code":5,"worker_id":"0c0f9c6a-7791-4e75-bd15-b6694c4e9ca4-139980931965760","trial_id":26,"param_name":"ml_tau_2","param_value_internal":11,"distribution":"{\"name\": \"CategoricalDistribution\", \"attributes\": {\"choices\": [\"earn\", \"acq\", \"money-fx\", \"grain\", \"crude\", \"trade\", \"interest\", \"ship\", \"wheat\", \"corn\", \"sugar\", \"oilseed\", \"dlr\", \"gnp\", \"coffee\", \"veg-oil\", \"gold\", \"nat-gas\", \"money-supply\", \"livestock\"]}}"}
{"op_code":5,"worker_id":"0c0f9c6a-7791-4e75-bd15-b6694c4e9ca4-139980931965760","trial_id":26,"param_name":"need_label_contains","param_value_internal":1.0,"distribution":"{\"name\": \"IntDistribution\", \"attributes\": {\"log\": false, \"step\": 1, \"low\": 0, \"high\": 1}}"}
{"op_code":5,"worker_id":"0c0f9c6a-7791-4e75-bd15-b6694c4e9ca4-139980931965760","trial_id":26,"param_name":"label_contains_tau","param_value_internal":16,"distribution":"{\"name\": \"CategoricalDistribution\", \"attributes\": {\"choices\": [\"earn\", \"acq\", \"money-fx\", \"grain\", \"crude\", \"trade\", \"interest\", \"ship\", \"wheat\", \"corn\", \"sugar\", \"oilseed\", \"dlr\", \"gnp\", \"coffee\", \"veg-oil\", \"gold\", \"nat-gas\", \"money-supply\", \"livestock\"]}}"}
{"op_code":5,"worker_id":"0c0f9c6a-7791-4e75-bd15-b6694c4e9ca4-139980931965760","trial_id":26,"param_name":"need_label_eq","param_value_internal":0.0,"distribution":"{\"name\": \"IntDistribution\", \"attributes\": {\"log\": false, \"step\": 1, \"low\": 0, \"high\": 1}}"}
{"op_code":5,"worker_id":"0c0f9c6a-7791-4e75-bd15-b6694c4e9ca4-139980931965760","trial_id":26,"param_name":"need_label_minus","param_value_internal":1.0,"distribution":"{\"name\": \"IntDistribution\", \"attributes\": {\"log\": false, \"step\": 1, \"low\": 0, \"high\": 1}}"}
{"op_code":5,"worker_id":"0c0f9c6a-7791-4e75-bd15-b6694c4e9ca4-139980931965760","trial_id":26,"param_name":"label_minus_tau","param_value_internal":4,"distribution":"{\"name\": \"CategoricalDistribution\", \"attributes\": {\"choices\": [\"earn\", \"acq\", \"money-fx\", \"grain\", \"crude\", \"trade\", \"interest\", \"ship\", \"wheat\", \"corn\", \"sugar\", \"oilseed\", \"dlr\", \"gnp\", \"coffee\", \"veg-oil\", \"gold\", \"nat-gas\", \"money-supply\", \"livestock\"]}}"}
{"op_code":5,"worker_id":"0c0f9c6a-7791-4e75-bd15-b6694c4e9ca4-139980931965760","trial_id":26,"param_name":"consequence_label","param_value_internal":1,"distribution":"{\"name\": \"CategoricalDistribution\", \"attributes\": {\"choices\": [\"earn\", \"acq\", \"money-fx\", \"grain\", \"crude\", \"trade\", \"interest\", \"ship\", \"wheat\", \"corn\", \"sugar\", \"oilseed\", \"dlr\", \"gnp\", \"coffee\", \"veg-oil\", \"gold\", \"nat-gas\", \"money-supply\", \"livestock\"]}}"}
{"op_code":6,"worker_id":"0c0f9c6a-7791-4e75-bd15-b6694c4e9ca4-139980931965760","trial_id":26,"state":1,"values":[-1.0],"datetime_complete":"2026-03-21T20:17:45.484939"}
{"op_code":4,"worker_id":"0c0f9c6a-7791-4e75-bd15-b6694c4e9ca4-139980931965760","study_id":0,"datetime_start":"2026-03-21T20:17:45.485910"}
{"op_code":5,"worker_id":"0c0f9c6a-7791-4e75-bd15-b6694c4e9ca4-139980931965760","trial_id":27,"param_name":"body_size","param_value_internal":4.0,"distribution":"{\"name\": \"IntDistribution\", \"attributes\": {\"log\": false, \"step\": 1, \"low\": 1, \"high\": 4}}"}
{"op_code":5,"worker_id":"0c0f9c6a-7791-4e75-bd15-b6694c4e9ca4-139980931965760","trial_id":27,"param_name":"body_pred_idx_0","param_value_internal":10.0,"distribution":"{\"name\": \"IntDistribution\", \"attributes\": {\"log\": false, \"step\": 1, \"low\": 0, \"high\": 99}}"}
{"op_code":5,"worker_id":"0c0f9c6a-7791-4e75-bd15-b6694c4e9ca4-139980931965760","trial_id":27,"param_name":"body_pred_idx_1","param_value_internal":47.0,"distribution":"{\"name\": \"IntDistribution\", \"attributes\": {\"log\": false, \"step\": 1, \"low\": 0, \"high\": 99}}"}
{"op_code":5,"worker_id":"0c0f9c6a-7791-4e75-bd15-b6694c4e9ca4-139980931965760","trial_id":27,"param_name":"body_pred_idx_2","param_value_internal":87.0,"distribution":"{\"name\": \"IntDistribution\", \"attributes\": {\"log\": false, \"step\": 1, \"low\": 0, \"high\": 99}}"}
{"op_code":5,"worker_id":"0c0f9c6a-7791-4e75-bd15-b6694c4e9ca4-139980931965760","trial_id":27,"param_name":"body_pred_idx_3","param_value_internal":75.0,"distribution":"{\"name\": \"IntDistribution\", \"attributes\": {\"log\": false, \"step\": 1, \"low\": 0, \"high\": 99}}"}
{"op_code":5,"worker_id":"0c0f9c6a-7791-4e75-bd15-b6694c4e9ca4-139980931965760","trial_id":27,"param_name":"need_ml_0","param_value_internal":0.0,"distribution":"{\"name\": \"IntDistribution\", \"attributes\": {\"log\": false, \"step\": 1, \"low\": 0, \"high\": 1}}"}
{"op_code":5,"worker_id":"0c0f9c6a-7791-4e75-bd15-b6694c4e9ca4-139980931965760","trial_id":27,"param_name":"need_ml_1","param_value_internal":0.0,"distribution":"{\"name\": \"IntDistribution\", \"attributes\": {\"log\": false, \"step\": 1, \"low\": 0, \"high\": 1}}"}
{"op_code":5,"worker_id":"0c0f9c6a-7791-4e75-bd15-b6694c4e9ca4-139980931965760","trial_id":27,"param_name":"need_ml_2","param_value_internal":0.0,"distribution":"{\"name\": \"IntDistribution\", \"attributes\": {\"log\": false, \"step\": 1, \"low\": 0, \"high\": 1}}"}
{"op_code":5,"worker_id":"0c0f9c6a-7791-4e75-bd15-b6694c4e9ca4-139980931965760","trial_id":27,"param_name":"need_label_contains","param_value_internal":1.0,"distribution":"{\"name\": \"IntDistribution\", \"attributes\": {\"log\": false, \"step\": 1, \"low\": 0, \"high\": 1}}"}
{"op_code":5,"worker_id":"0c0f9c6a-7791-4e75-bd15-b6694c4e9ca4-139980931965760","trial_id":27,"param_name":"label_contains_tau","param_value_internal":6,"distribution":"{\"name\": \"CategoricalDistribution\", \"attributes\": {\"choices\": [\"earn\", \"acq\", \"money-fx\", \"grain\", \"crude\", \"trade\", \"interest\", \"ship\", \"wheat\", \"corn\", \"sugar\", \"oilseed\", \"dlr\", \"gnp\", \"coffee\", \"veg-oil\", \"gold\", \"nat-gas\", \"money-supply\", \"livestock\"]}}"}
{"op_code":5,"worker_id":"0c0f9c6a-7791-4e75-bd15-b6694c4e9ca4-139980931965760","trial_id":27,"param_name":"need_label_eq","param_value_internal":0.0,"distribution":"{\"name\": \"IntDistribution\", \"attributes\": {\"log\": false, \"step\": 1, \"low\": 0, \"high\": 1}}"}
{"op_code":5,"worker_id":"0c0f9c6a-7791-4e75-bd15-b6694c4e9ca4-139980931965760","trial_id":27,"param_name":"need_label_minus","param_value_internal":1.0,"distribution":"{\"name\": \"IntDistribution\", \"attributes\": {\"log\": false, \"step\": 1, \"low\": 0, \"high\": 1}}"}
{"op_code":5,"worker_id":"0c0f9c6a-7791-4e75-bd15-b6694c4e9ca4-139980931965760","trial_id":27,"param_name":"label_minus_tau","param_value_internal":9,"distribution":"{\"name\": \"CategoricalDistribution\", \"attributes\": {\"choices\": [\"earn\", \"acq\", \"money-fx\", \"grain\", \"crude\", \"trade\", \"interest\", \"ship\", \"wheat\", \"corn\", \"sugar\", \"oilseed\", \"dlr\", \"gnp\", \"coffee\", \"veg-oil\", \"gold\", \"nat-gas\", \"money-supply\", \"livestock\"]}}"}
{"op_code":5,"worker_id":"0c0f9c6a-7791-4e75-bd15-b6694c4e9ca4-139980931965760","trial_id":27,"param_name":"consequence_label","param_value_internal":13,"distribution":"{\"name\": \"CategoricalDistribution\", \"attributes\": {\"choices\": [\"earn\", \"acq\", \"money-fx\", \"grain\", \"crude\", \"trade\", \"interest\", \"ship\", \"wheat\", \"corn\", \"sugar\", \"oilseed\", \"dlr\", \"gnp\", \"coffee\", \"veg-oil\", \"gold\", \"nat-gas\", \"money-supply\", \"livestock\"]}}"}
{"op_code":6,"worker_id":"0c0f9c6a-7791-4e75-bd15-b6694c4e9ca4-139980931965760","trial_id":27,"state":1,"values":[-1.0],"datetime_complete":"2026-03-21T20:17:45.524327"}
{"op_code":4,"worker_id":"0c0f9c6a-7791-4e75-bd15-b6694c4e9ca4-139980931965760","study_id":0,"datetime_start":"2026-03-21T20:17:45.525177"}
{"op_code":5,"worker_id":"0c0f9c6a-7791-4e75-bd15-b6694c4e9ca4-139980931965760","trial_id":28,"param_name":"body_size","param_value_internal":2.0,"distribution":"{\"name\": \"IntDistribution\", \"attributes\": {\"log\": false, \"step\": 1, \"low\": 1, \"high\": 4}}"}
{"op_code":5,"worker_id":"0c0f9c6a-7791-4e75-bd15-b6694c4e9ca4-139980931965760","trial_id":28,"param_name":"body_pred_idx_0","param_value_internal":63.0,"distribution":"{\"name\": \"IntDistribution\", \"attributes\": {\"log\": false, \"step\": 1, \"low\": 0, \"high\": 99}}"}
{"op_code":5,"worker_id":"0c0f9c6a-7791-4e75-bd15-b6694c4e9ca4-139980931965760","trial_id":28,"param_name":"body_pred_idx_1","param_value_internal":90.0,"distribution":"{\"name\": \"IntDistribution\", \"attributes\": {\"log\": false, \"step\": 1, \"low\": 0, \"high\": 99}}"}
{"op_code":5,"worker_id":"0c0f9c6a-7791-4e75-bd15-b6694c4e9ca4-139980931965760","trial_id":28,"param_name":"need_ml_0","param_value_internal":1.0,"distribution":"{\"name\": \"IntDistribution\", \"attributes\": {\"log\": false, \"step\": 1, \"low\": 0, \"high\": 1}}"}
{"op_code":5,"worker_id":"0c0f9c6a-7791-4e75-bd15-b6694c4e9ca4-139980931965760","trial_id":28,"param_name":"ml_tau_0","param_value_internal":17,"distribution":"{\"name\": \"CategoricalDistribution\", \"attributes\": {\"choices\": [\"earn\", \"acq\", \"money-fx\", \"grain\", \"crude\", \"trade\", \"interest\", \"ship\", \"wheat\", \"corn\", \"sugar\", \"oilseed\", \"dlr\", \"gnp\", \"coffee\", \"veg-oil\", \"gold\", \"nat-gas\", \"money-supply\", \"livestock\"]}}"}
{"op_code":5,"worker_id":"0c0f9c6a-7791-4e75-bd15-b6694c4e9ca4-139980931965760","trial_id":28,"param_name":"need_ml_1","param_value_internal":0.0,"distribution":"{\"name\": \"IntDistribution\", \"attributes\": {\"log\": false, \"step\": 1, \"low\": 0, \"high\": 1}}"}
{"op_code":5,"worker_id":"0c0f9c6a-7791-4e75-bd15-b6694c4e9ca4-139980931965760","trial_id":28,"param_name":"need_ml_2","param_value_internal":1.0,"distribution":"{\"name\": \"IntDistribution\", \"attributes\": {\"log\": false, \"step\": 1, \"low\": 0, \"high\": 1}}"}
{"op_code":5,"worker_id":"0c0f9c6a-7791-4e75-bd15-b6694c4e9ca4-139980931965760","trial_id":28,"param_name":"ml_tau_2","param_value_internal":2,"distribution":"{\"name\": \"CategoricalDistribution\", \"attributes\": {\"choices\": [\"earn\", \"acq\", \"money-fx\", \"grain\", \"crude\", \"trade\", \"interest\", \"ship\", \"wheat\", \"corn\", \"sugar\", \"oilseed\", \"dlr\", \"gnp\", \"coffee\", \"veg-oil\", \"gold\", \"nat-gas\", \"money-supply\", \"livestock\"]}}"}
{"op_code":5,"worker_id":"0c0f9c6a-7791-4e75-bd15-b6694c4e9ca4-139980931965760","trial_id":28,"param_name":"need_label_contains","param_value_internal":1.0,"distribution":"{\"name\": \"IntDistribution\", \"attributes\": {\"log\": false, \"step\": 1, \"low\": 0, \"high\": 1}}"}
{"op_code":5,"worker_id":"0c0f9c6a-7791-4e75-bd15-b6694c4e9ca4-139980931965760","trial_id":28,"param_name":"label_contains_tau","param_value_internal":13,"distribution":"{\"name\": \"CategoricalDistribution\", \"attributes\": {\"choices\": [\"earn\", \"acq\", \"money-fx\", \"grain\", \"crude\", \"trade\", \"interest\", \"ship\", \"wheat\", \"corn\", \"sugar\", \"oilseed\", \"dlr\", \"gnp\", \"coffee\", \"veg-oil\", \"gold\", \"nat-gas\", \"money-supply\", \"livestock\"]}}"}
{"op_code":5,"worker_id":"0c0f9c6a-7791-4e75-bd15-b6694c4e9ca4-139980931965760","trial_id":28,"param_name":"need_label_eq","param_value_internal":0.0,"distribution":"{\"name\": \"IntDistribution\", \"attributes\": {\"log\": false, \"step\": 1, \"low\": 0, \"high\": 1}}"}
{"op_code":5,"worker_id":"0c0f9c6a-7791-4e75-bd15-b6694c4e9ca4-139980931965760","trial_id":28,"param_name":"need_label_minus","param_value_internal":0.0,"distribution":"{\"name\": \"IntDistribution\", \"attributes\": {\"log\": false, \"step\": 1, \"low\": 0, \"high\": 1}}"}
{"op_code":5,"worker_id":"0c0f9c6a-7791-4e75-bd15-b6694c4e9ca4-139980931965760","trial_id":28,"param_name":"consequence_label","param_value_internal":14,"distribution":"{\"name\": \"CategoricalDistribution\", \"attributes\": {\"choices\": [\"earn\", \"acq\", \"money-fx\", \"grain\", \"crude\", \"trade\", \"interest\", \"ship\", \"wheat\", \"corn\", \"sugar\", \"oilseed\", \"dlr\", \"gnp\", \"coffee\", \"veg-oil\", \"gold\", \"nat-gas\", \"money-supply\", \"livestock\"]}}"}
{"op_code":6,"worker_id":"0c0f9c6a-7791-4e75-bd15-b6694c4e9ca4-139980931965760","trial_id":28,"state":1,"values":[-1.0],"datetime_complete":"2026-03-21T20:17:45.916979"}
{"op_code":4,"worker_id":"0c0f9c6a-7791-4e75-bd15-b6694c4e9ca4-139980931965760","study_id":0,"datetime_start":"2026-03-21T20:17:45.917853"}
{"op_code":5,"worker_id":"0c0f9c6a-7791-4e75-bd15-b6694c4e9ca4-139980931965760","trial_id":29,"param_name":"body_size","param_value_internal":1.0,"distribution":"{\"name\": \"IntDistribution\", \"attributes\": {\"log\": false, \"step\": 1, \"low\": 1, \"high\": 4}}"}
{"op_code":5,"worker_id":"0c0f9c6a-7791-4e75-bd15-b6694c4e9ca4-139980931965760","trial_id":29,"param_name":"body_pred_idx_0","param_value_internal":79.0,"distribution":"{\"name\": \"IntDistribution\", \"attributes\": {\"log\": false, \"step\": 1, \"low\": 0, \"high\": 99}}"}
{"op_code":5,"worker_id":"0c0f9c6a-7791-4e75-bd15-b6694c4e9ca4-139980931965760","trial_id":29,"param_name":"need_ml_0","param_value_internal":0.0,"distribution":"{\"name\": \"IntDistribution\", \"attributes\": {\"log\": false, \"step\": 1, \"low\": 0, \"high\": 1}}"}
{"op_code":5,"worker_id":"0c0f9c6a-7791-4e75-bd15-b6694c4e9ca4-139980931965760","trial_id":29,"param_name":"need_ml_1","param_value_internal":0.0,"distribution":"{\"name\": \"IntDistribution\", \"attributes\": {\"log\": false, \"step\": 1, \"low\": 0, \"high\": 1}}"}
{"op_code":5,"worker_id":"0c0f9c6a-7791-4e75-bd15-b6694c4e9ca4-139980931965760","trial_id":29,"param_name":"need_ml_2","param_value_internal":0.0,"distribution":"{\"name\": \"IntDistribution\", \"attributes\": {\"log\": false, \"step\": 1, \"low\": 0, \"high\": 1}}"}
{"op_code":5,"worker_id":"0c0f9c6a-7791-4e75-bd15-b6694c4e9ca4-139980931965760","trial_id":29,"param_name":"need_label_contains","param_value_internal":1.0,"distribution":"{\"name\": \"IntDistribution\", \"attributes\": {\"log\": false, \"step\": 1, \"low\": 0, \"high\": 1}}"}
{"op_code":5,"worker_id":"0c0f9c6a-7791-4e75-bd15-b6694c4e9ca4-139980931965760","trial_id":29,"param_name":"label_contains_tau","param_value_internal":15,"distribution":"{\"name\": \"CategoricalDistribution\", \"attributes\": {\"choices\": [\"earn\", \"acq\", \"money-fx\", \"grain\", \"crude\", \"trade\", \"interest\", \"ship\", \"wheat\", \"corn\", \"sugar\", \"oilseed\", \"dlr\", \"gnp\", \"coffee\", \"veg-oil\", \"gold\", \"nat-gas\", \"money-supply\", \"livestock\"]}}"}
{"op_code":5,"worker_id":"0c0f9c6a-7791-4e75-bd15-b6694c4e9ca4-139980931965760","trial_id":29,"param_name":"need_label_eq","param_value_internal":1.0,"distribution":"{\"name\": \"IntDistribution\", \"attributes\": {\"log\": false, \"step\": 1, \"low\": 0, \"high\": 1}}"}
{"op_code":5,"worker_id":"0c0f9c6a-7791-4e75-bd15-b6694c4e9ca4-139980931965760","trial_id":29,"param_name":"label_eq_tau","param_value_internal":18,"distribution":"{\"name\": \"CategoricalDistribution\", \"attributes\": {\"choices\": [\"earn\", \"acq\", \"money-fx\", \"grain\", \"crude\", \"trade\", \"interest\", \"ship\", \"wheat\", \"corn\", \"sugar\", \"oilseed\", \"dlr\", \"gnp\", \"coffee\", \"veg-oil\", \"gold\", \"nat-gas\", \"money-supply\", \"livestock\"]}}"}
{"op_code":5,"worker_id":"0c0f9c6a-7791-4e75-bd15-b6694c4e9ca4-139980931965760","trial_id":29,"param_name":"need_label_minus","param_value_internal":1.0,"distribution":"{\"name\": \"IntDistribution\", \"attributes\": {\"log\": false, \"step\": 1, \"low\": 0, \"high\": 1}}"}
{"op_code":5,"worker_id":"0c0f9c6a-7791-4e75-bd15-b6694c4e9ca4-139980931965760","trial_id":29,"param_name":"label_minus_tau","param_value_internal":1,"distribution":"{\"name\": \"CategoricalDistribution\", \"attributes\": {\"choices\": [\"earn\", \"acq\", \"money-fx\", \"grain\", \"crude\", \"trade\", \"interest\", \"ship\", \"wheat\", \"corn\", \"sugar\", \"oilseed\", \"dlr\", \"gnp\", \"coffee\", \"veg-oil\", \"gold\", \"nat-gas\", \"money-supply\", \"livestock\"]}}"}
{"op_code":5,"worker_id":"0c0f9c6a-7791-4e75-bd15-b6694c4e9ca4-139980931965760","trial_id":29,"param_name":"consequence_label","param_value_internal":7,"distribution":"{\"name\": \"CategoricalDistribution\", \"attributes\": {\"choices\": [\"earn\", \"acq\", \"money-fx\", \"grain\", \"crude\", \"trade\", \"interest\", \"ship\", \"wheat\", \"corn\", \"sugar\", \"oilseed\", \"dlr\", \"gnp\", \"coffee\", \"veg-oil\", \"gold\", \"nat-gas\", \"money-supply\", \"livestock\"]}}"}
{"op_code":6,"worker_id":"0c0f9c6a-7791-4e75-bd15-b6694c4e9ca4-139980931965760","trial_id":29,"state":1,"values":[-1.0],"datetime_complete":"2026-03-21T20:17:45.950431"}
{"op_code":4,"worker_id":"0c0f9c6a-7791-4e75-bd15-b6694c4e9ca4-139980931965760","study_id":0,"datetime_start":"2026-03-21T20:17:45.953696"}
{"op_code":5,"worker_id":"0c0f9c6a-7791-4e75-bd15-b6694c4e9ca4-139980931965760","trial_id":30,"param_name":"body_size","param_value_internal":1.0,"distribution":"{\"name\": \"IntDistribution\", \"attributes\": {\"log\": false, \"step\": 1, \"low\": 1, \"high\": 4}}"}
{"op_code":5,"worker_id":"0c0f9c6a-7791-4e75-bd15-b6694c4e9ca4-139980931965760","trial_id":30,"param_name":"body_pred_idx_0","param_value_internal":9.0,"distribution":"{\"name\": \"IntDistribution\", \"attributes\": {\"log\": false, \"step\": 1, \"low\": 0, \"high\": 99}}"}
{"op_code":5,"worker_id":"0c0f9c6a-7791-4e75-bd15-b6694c4e9ca4-139980931965760","trial_id":30,"param_name":"eta_9","param_value_internal":2.0,"distribution":"{\"name\": \"IntDistribution\", \"attributes\": {\"log\": false, \"step\": 1, \"low\": 1, \"high\": 20}}"}
{"op_code":5,"worker_id":"0c0f9c6a-7791-4e75-bd15-b6694c4e9ca4-139980931965760","trial_id":30,"param_name":"op_9","param_value_internal":1,"distribution":"{\"name\": \"CategoricalDistribution\", \"attributes\": {\"choices\": [\">=\", \"<=\", \"==\", \">\", \"<\"]}}"}
{"op_code":5,"worker_id":"0c0f9c6a-7791-4e75-bd15-b6694c4e9ca4-139980931965760","trial_id":30,"param_name":"need_ml_0","param_value_internal":1.0,"distribution":"{\"name\": \"IntDistribution\", \"attributes\": {\"log\": false, \"step\": 1, \"low\": 0, \"high\": 1}}"}
{"op_code":5,"worker_id":"0c0f9c6a-7791-4e75-bd15-b6694c4e9ca4-139980931965760","trial_id":30,"param_name":"ml_tau_0","param_value_internal":15,"distribution":"{\"name\": \"CategoricalDistribution\", \"attributes\": {\"choices\": [\"earn\", \"acq\", \"money-fx\", \"grain\", \"crude\", \"trade\", \"interest\", \"ship\", \"wheat\", \"corn\", \"sugar\", \"oilseed\", \"dlr\", \"gnp\", \"coffee\", \"veg-oil\", \"gold\", \"nat-gas\", \"money-supply\", \"livestock\"]}}"}
{"op_code":5,"worker_id":"0c0f9c6a-7791-4e75-bd15-b6694c4e9ca4-139980931965760","trial_id":30,"param_name":"need_ml_1","param_value_internal":0.0,"distribution":"{\"name\": \"IntDistribution\", \"attributes\": {\"log\": false, \"step\": 1, \"low\": 0, \"high\": 1}}"}
{"op_code":5,"worker_id":"0c0f9c6a-7791-4e75-bd15-b6694c4e9ca4-139980931965760","trial_id":30,"param_name":"need_ml_2","param_value_internal":0.0,"distribution":"{\"name\": \"IntDistribution\", \"attributes\": {\"log\": false, \"step\": 1, \"low\": 0, \"high\": 1}}"}
{"op_code":5,"worker_id":"0c0f9c6a-7791-4e75-bd15-b6694c4e9ca4-139980931965760","trial_id":30,"param_name":"need_label_contains","param_value_internal":1.0,"distribution":"{\"name\": \"IntDistribution\", \"attributes\": {\"log\": false, \"step\": 1, \"low\": 0, \"high\": 1}}"}
{"op_code":5,"worker_id":"0c0f9c6a-7791-4e75-bd15-b6694c4e9ca4-139980931965760","trial_id":30,"param_name":"label_contains_tau","param_value_internal":8,"distribution":"{\"name\": \"CategoricalDistribution\", \"attributes\": {\"choices\": [\"earn\", \"acq\", \"money-fx\", \"grain\", \"crude\", \"trade\", \"interest\", \"ship\", \"wheat\", \"corn\", \"sugar\", \"oilseed\", \"dlr\", \"gnp\", \"coffee\", \"veg-oil\", \"gold\", \"nat-gas\", \"money-supply\", \"livestock\"]}}"}
{"op_code":5,"worker_id":"0c0f9c6a-7791-4e75-bd15-b6694c4e9ca4-139980931965760","trial_id":30,"param_name":"need_label_eq","param_value_internal":0.0,"distribution":"{\"name\": \"IntDistribution\", \"attributes\": {\"log\": false, \"step\": 1, \"low\": 0, \"high\": 1}}"}
{"op_code":5,"worker_id":"0c0f9c6a-7791-4e75-bd15-b6694c4e9ca4-139980931965760","trial_id":30,"param_name":"need_label_minus","param_value_internal":0.0,"distribution":"{\"name\": \"IntDistribution\", \"attributes\": {\"log\": false, \"step\": 1, \"low\": 0, \"high\": 1}}"}
{"op_code":5,"worker_id":"0c0f9c6a-7791-4e75-bd15-b6694c4e9ca4-139980931965760","trial_id":30,"param_name":"consequence_label","param_value_internal":6,"distribution":"{\"name\": \"CategoricalDistribution\", \"attributes\": {\"choices\": [\"earn\", \"acq\", \"money-fx\", \"grain\", \"crude\", \"trade\", \"interest\", \"ship\", \"wheat\", \"corn\", \"sugar\", \"oilseed\", \"dlr\", \"gnp\", \"coffee\", \"veg-oil\", \"gold\", \"nat-gas\", \"money-supply\", \"livestock\"]}}"}
{"op_code":6,"worker_id":"0c0f9c6a-7791-4e75-bd15-b6694c4e9ca4-139980931965760","trial_id":30,"state":1,"values":[-1.0],"datetime_complete":"2026-03-21T20:17:49.468828"}
{"op_code":4,"worker_id":"0c0f9c6a-7791-4e75-bd15-b6694c4e9ca4-139980931965760","study_id":0,"datetime_start":"2026-03-21T20:17:49.469859"}
{"op_code":5,"worker_id":"0c0f9c6a-7791-4e75-bd15-b6694c4e9ca4-139980931965760","trial_id":31,"param_name":"body_size","param_value_internal":1.0,"distribution":"{\"name\": \"IntDistribution\", \"attributes\": {\"log\": false, \"step\": 1, \"low\": 1, \"high\": 4}}"}
{"op_code":5,"worker_id":"0c0f9c6a-7791-4e75-bd15-b6694c4e9ca4-139980931965760","trial_id":31,"param_name":"body_pred_idx_0","param_value_internal":7.0,"distribution":"{\"name\": \"IntDistribution\", \"attributes\": {\"log\": false, \"step\": 1, \"low\": 0, \"high\": 99}}"}
{"op_code":5,"worker_id":"0c0f9c6a-7791-4e75-bd15-b6694c4e9ca4-139980931965760","trial_id":31,"param_name":"need_ml_0","param_value_internal":1.0,"distribution":"{\"name\": \"IntDistribution\", \"attributes\": {\"log\": false, \"step\": 1, \"low\": 0, \"high\": 1}}"}
{"op_code":5,"worker_id":"0c0f9c6a-7791-4e75-bd15-b6694c4e9ca4-139980931965760","trial_id":31,"param_name":"ml_tau_0","param_value_internal":10,"distribution":"{\"name\": \"CategoricalDistribution\", \"attributes\": {\"choices\": [\"earn\", \"acq\", \"money-fx\", \"grain\", \"crude\", \"trade\", \"interest\", \"ship\", \"wheat\", \"corn\", \"sugar\", \"oilseed\", \"dlr\", \"gnp\", \"coffee\", \"veg-oil\", \"gold\", \"nat-gas\", \"money-supply\", \"livestock\"]}}"}
{"op_code":5,"worker_id":"0c0f9c6a-7791-4e75-bd15-b6694c4e9ca4-139980931965760","trial_id":31,"param_name":"need_ml_1","param_value_internal":0.0,"distribution":"{\"name\": \"IntDistribution\", \"attributes\": {\"log\": false, \"step\": 1, \"low\": 0, \"high\": 1}}"}
{"op_code":5,"worker_id":"0c0f9c6a-7791-4e75-bd15-b6694c4e9ca4-139980931965760","trial_id":31,"param_name":"need_ml_2","param_value_internal":0.0,"distribution":"{\"name\": \"IntDistribution\", \"attributes\": {\"log\": false, \"step\": 1, \"low\": 0, \"high\": 1}}"}
{"op_code":5,"worker_id":"0c0f9c6a-7791-4e75-bd15-b6694c4e9ca4-139980931965760","trial_id":31,"param_name":"need_label_contains","param_value_internal":1.0,"distribution":"{\"name\": \"IntDistribution\", \"attributes\": {\"log\": false, \"step\": 1, \"low\": 0, \"high\": 1}}"}
{"op_code":5,"worker_id":"0c0f9c6a-7791-4e75-bd15-b6694c4e9ca4-139980931965760","trial_id":31,"param_name":"label_contains_tau","param_value_internal":1,"distribution":"{\"name\": \"CategoricalDistribution\", \"attributes\": {\"choices\": [\"earn\", \"acq\", \"money-fx\", \"grain\", \"crude\", \"trade\", \"interest\", \"ship\", \"wheat\", \"corn\", \"sugar\", \"oilseed\", \"dlr\", \"gnp\", \"coffee\", \"veg-oil\", \"gold\", \"nat-gas\", \"money-supply\", \"livestock\"]}}"}
{"op_code":5,"worker_id":"0c0f9c6a-7791-4e75-bd15-b6694c4e9ca4-139980931965760","trial_id":31,"param_name":"need_label_eq","param_value_internal":1.0,"distribution":"{\"name\": \"IntDistribution\", \"attributes\": {\"log\": false, \"step\": 1, \"low\": 0, \"high\": 1}}"}
{"op_code":5,"worker_id":"0c0f9c6a-7791-4e75-bd15-b6694c4e9ca4-139980931965760","trial_id":31,"param_name":"label_eq_tau","param_value_internal":19,"distribution":"{\"name\": \"CategoricalDistribution\", \"attributes\": {\"choices\": [\"earn\", \"acq\", \"money-fx\", \"grain\", \"crude\", \"trade\", \"interest\", \"ship\", \"wheat\", \"corn\", \"sugar\", \"oilseed\", \"dlr\", \"gnp\", \"coffee\", \"veg-oil\", \"gold\", \"nat-gas\", \"money-supply\", \"livestock\"]}}"}
{"op_code":5,"worker_id":"0c0f9c6a-7791-4e75-bd15-b6694c4e9ca4-139980931965760","trial_id":31,"param_name":"need_label_minus","param_value_internal":0.0,"distribution":"{\"name\": \"IntDistribution\", \"attributes\": {\"log\": false, \"step\": 1, \"low\": 0, \"high\": 1}}"}
{"op_code":5,"worker_id":"0c0f9c6a-7791-4e75-bd15-b6694c4e9ca4-139980931965760","trial_id":31,"param_name":"consequence_label","param_value_internal":6,"distribution":"{\"name\": \"CategoricalDistribution\", \"attributes\": {\"choices\": [\"earn\", \"acq\", \"money-fx\", \"grain\", \"crude\", \"trade\", \"interest\", \"ship\", \"wheat\", \"corn\", \"sugar\", \"oilseed\", \"dlr\", \"gnp\", \"coffee\", \"veg-oil\", \"gold\", \"nat-gas\", \"money-supply\", \"livestock\"]}}"}
{"op_code":6,"worker_id":"0c0f9c6a-7791-4e75-bd15-b6694c4e9ca4-139980931965760","trial_id":31,"state":1,"values":[-1.0],"datetime_complete":"2026-03-21T20:17:50.607996"}
{"op_code":4,"worker_id":"0c0f9c6a-7791-4e75-bd15-b6694c4e9ca4-139980931965760","study_id":0,"datetime_start":"2026-03-21T20:17:50.608844"}
{"op_code":5,"worker_id":"0c0f9c6a-7791-4e75-bd15-b6694c4e9ca4-139980931965760","trial_id":32,"param_name":"body_size","param_value_internal":2.0,"distribution":"{\"name\": \"IntDistribution\", \"attributes\": {\"log\": false, \"step\": 1, \"low\": 1, \"high\": 4}}"}
{"op_code":5,"worker_id":"0c0f9c6a-7791-4e75-bd15-b6694c4e9ca4-139980931965760","trial_id":32,"param_name":"body_pred_idx_0","param_value_internal":92.0,"distribution":"{\"name\": \"IntDistribution\", \"attributes\": {\"log\": false, \"step\": 1, \"low\": 0, \"high\": 99}}"}
{"op_code":5,"worker_id":"0c0f9c6a-7791-4e75-bd15-b6694c4e9ca4-139980931965760","trial_id":32,"param_name":"body_pred_idx_1","param_value_internal":67.0,"distribution":"{\"name\": \"IntDistribution\", \"attributes\": {\"log\": false, \"step\": 1, \"low\": 0, \"high\": 99}}"}
{"op_code":5,"worker_id":"0c0f9c6a-7791-4e75-bd15-b6694c4e9ca4-139980931965760","trial_id":32,"param_name":"need_ml_0","param_value_internal":1.0,"distribution":"{\"name\": \"IntDistribution\", \"attributes\": {\"log\": false, \"step\": 1, \"low\": 0, \"high\": 1}}"}
{"op_code":5,"worker_id":"0c0f9c6a-7791-4e75-bd15-b6694c4e9ca4-139980931965760","trial_id":32,"param_name":"ml_tau_0","param_value_internal":18,"distribution":"{\"name\": \"CategoricalDistribution\", \"attributes\": {\"choices\": [\"earn\", \"acq\", \"money-fx\", \"grain\", \"crude\", \"trade\", \"interest\", \"ship\", \"wheat\", \"corn\", \"sugar\", \"oilseed\", \"dlr\", \"gnp\", \"coffee\", \"veg-oil\", \"gold\", \"nat-gas\", \"money-supply\", \"livestock\"]}}"}
{"op_code":5,"worker_id":"0c0f9c6a-7791-4e75-bd15-b6694c4e9ca4-139980931965760","trial_id":32,"param_name":"need_ml_1","param_value_internal":0.0,"distribution":"{\"name\": \"IntDistribution\", \"attributes\": {\"log\": false, \"step\": 1, \"low\": 0, \"high\": 1}}"}
{"op_code":5,"worker_id":"0c0f9c6a-7791-4e75-bd15-b6694c4e9ca4-139980931965760","trial_id":32,"param_name":"need_ml_2","param_value_internal":0.0,"distribution":"{\"name\": \"IntDistribution\", \"attributes\": {\"log\": false, \"step\": 1, \"low\": 0, \"high\": 1}}"}
{"op_code":5,"worker_id":"0c0f9c6a-7791-4e75-bd15-b6694c4e9ca4-139980931965760","trial_id":32,"param_name":"need_label_contains","param_value_internal":1.0,"distribution":"{\"name\": \"IntDistribution\", \"attributes\": {\"log\": false, \"step\": 1, \"low\": 0, \"high\": 1}}"}
{"op_code":5,"worker_id":"0c0f9c6a-7791-4e75-bd15-b6694c4e9ca4-139980931965760","trial_id":32,"param_name":"label_contains_tau","param_value_internal":1,"distribution":"{\"name\": \"CategoricalDistribution\", \"attributes\": {\"choices\": [\"earn\", \"acq\", \"money-fx\", \"grain\", \"crude\", \"trade\", \"interest\", \"ship\", \"wheat\", \"corn\", \"sugar\", \"oilseed\", \"dlr\", \"gnp\", \"coffee\", \"veg-oil\", \"gold\", \"nat-gas\", \"money-supply\", \"livestock\"]}}"}
{"op_code":5,"worker_id":"0c0f9c6a-7791-4e75-bd15-b6694c4e9ca4-139980931965760","trial_id":32,"param_name":"need_label_eq","param_value_internal":1.0,"distribution":"{\"name\": \"IntDistribution\", \"attributes\": {\"log\": false, \"step\": 1, \"low\": 0, \"high\": 1}}"}
{"op_code":5,"worker_id":"0c0f9c6a-7791-4e75-bd15-b6694c4e9ca4-139980931965760","trial_id":32,"param_name":"label_eq_tau","param_value_internal":19,"distribution":"{\"name\": \"CategoricalDistribution\", \"attributes\": {\"choices\": [\"earn\", \"acq\", \"money-fx\", \"grain\", \"crude\", \"trade\", \"interest\", \"ship\", \"wheat\", \"corn\", \"sugar\", \"oilseed\", \"dlr\", \"gnp\", \"coffee\", \"veg-oil\", \"gold\", \"nat-gas\", \"money-supply\", \"livestock\"]}}"}
{"op_code":5,"worker_id":"0c0f9c6a-7791-4e75-bd15-b6694c4e9ca4-139980931965760","trial_id":32,"param_name":"need_label_minus","param_value_internal":0.0,"distribution":"{\"name\": \"IntDistribution\", \"attributes\": {\"log\": false, \"step\": 1, \"low\": 0, \"high\": 1}}"}
{"op_code":5,"worker_id":"0c0f9c6a-7791-4e75-bd15-b6694c4e9ca4-139980931965760","trial_id":32,"param_name":"consequence_label","param_value_internal":2,"distribution":"{\"name\": \"CategoricalDistribution\", \"attributes\": {\"choices\": [\"earn\", \"acq\", \"money-fx\", \"grain\", \"crude\", \"trade\", \"interest\", \"ship\", \"wheat\", \"corn\", \"sugar\", \"oilseed\", \"dlr\", \"gnp\", \"coffee\", \"veg-oil\", \"gold\", \"nat-gas\", \"money-supply\", \"livestock\"]}}"}
{"op_code":6,"worker_id":"0c0f9c6a-7791-4e75-bd15-b6694c4e9ca4-139980931965760","trial_id":32,"state":1,"values":[-1.0],"datetime_complete":"2026-03-21T20:17:50.828370"}
{"op_code":4,"worker_id":"0c0f9c6a-7791-4e75-bd15-b6694c4e9ca4-139980931965760","study_id":0,"datetime_start":"2026-03-21T20:17:50.829211"}
{"op_code":5,"worker_id":"0c0f9c6a-7791-4e75-bd15-b6694c4e9ca4-139980931965760","trial_id":33,"param_name":"body_size","param_value_internal":1.0,"distribution":"{\"name\": \"IntDistribution\", \"attributes\": {\"log\": false, \"step\": 1, \"low\": 1, \"high\": 4}}"}
{"op_code":5,"worker_id":"0c0f9c6a-7791-4e75-bd15-b6694c4e9ca4-139980931965760","trial_id":33,"param_name":"body_pred_idx_0","param_value_internal":16.0,"distribution":"{\"name\": \"IntDistribution\", \"attributes\": {\"log\": false, \"step\": 1, \"low\": 0, \"high\": 99}}"}
{"op_code":5,"worker_id":"0c0f9c6a-7791-4e75-bd15-b6694c4e9ca4-139980931965760","trial_id":33,"param_name":"need_ml_0","param_value_internal":1.0,"distribution":"{\"name\": \"IntDistribution\", \"attributes\": {\"log\": false, \"step\": 1, \"low\": 0, \"high\": 1}}"}
{"op_code":5,"worker_id":"0c0f9c6a-7791-4e75-bd15-b6694c4e9ca4-139980931965760","trial_id":33,"param_name":"ml_tau_0","param_value_internal":12,"distribution":"{\"name\": \"CategoricalDistribution\", \"attributes\": {\"choices\": [\"earn\", \"acq\", \"money-fx\", \"grain\", \"crude\", \"trade\", \"interest\", \"ship\", \"wheat\", \"corn\", \"sugar\", \"oilseed\", \"dlr\", \"gnp\", \"coffee\", \"veg-oil\", \"gold\", \"nat-gas\", \"money-supply\", \"livestock\"]}}"}
{"op_code":5,"worker_id":"0c0f9c6a-7791-4e75-bd15-b6694c4e9ca4-139980931965760","trial_id":33,"param_name":"need_ml_1","param_value_internal":0.0,"distribution":"{\"name\": \"IntDistribution\", \"attributes\": {\"log\": false, \"step\": 1, \"low\": 0, \"high\": 1}}"}
{"op_code":5,"worker_id":"0c0f9c6a-7791-4e75-bd15-b6694c4e9ca4-139980931965760","trial_id":33,"param_name":"need_ml_2","param_value_internal":0.0,"distribution":"{\"name\": \"IntDistribution\", \"attributes\": {\"log\": false, \"step\": 1, \"low\": 0, \"high\": 1}}"}
{"op_code":5,"worker_id":"0c0f9c6a-7791-4e75-bd15-b6694c4e9ca4-139980931965760","trial_id":33,"param_name":"need_label_contains","param_value_internal":1.0,"distribution":"{\"name\": \"IntDistribution\", \"attributes\": {\"log\": false, \"step\": 1, \"low\": 0, \"high\": 1}}"}
{"op_code":5,"worker_id":"0c0f9c6a-7791-4e75-bd15-b6694c4e9ca4-139980931965760","trial_id":33,"param_name":"label_contains_tau","param_value_internal":2,"distribution":"{\"name\": \"CategoricalDistribution\", \"attributes\": {\"choices\": [\"earn\", \"acq\", \"money-fx\", \"grain\", \"crude\", \"trade\", \"interest\", \"ship\", \"wheat\", \"corn\", \"sugar\", \"oilseed\", \"dlr\", \"gnp\", \"coffee\", \"veg-oil\", \"gold\", \"nat-gas\", \"money-supply\", \"livestock\"]}}"}
{"op_code":5,"worker_id":"0c0f9c6a-7791-4e75-bd15-b6694c4e9ca4-139980931965760","trial_id":33,"param_name":"need_label_eq","param_value_internal":1.0,"distribution":"{\"name\": \"IntDistribution\", \"attributes\": {\"log\": false, \"step\": 1, \"low\": 0, \"high\": 1}}"}
{"op_code":5,"worker_id":"0c0f9c6a-7791-4e75-bd15-b6694c4e9ca4-139980931965760","trial_id":33,"param_name":"label_eq_tau","param_value_internal":0,"distribution":"{\"name\": \"CategoricalDistribution\", \"attributes\": {\"choices\": [\"earn\", \"acq\", \"money-fx\", \"grain\", \"crude\", \"trade\", \"interest\", \"ship\", \"wheat\", \"corn\", \"sugar\", \"oilseed\", \"dlr\", \"gnp\", \"coffee\", \"veg-oil\", \"gold\", \"nat-gas\", \"money-supply\", \"livestock\"]}}"}
{"op_code":5,"worker_id":"0c0f9c6a-7791-4e75-bd15-b6694c4e9ca4-139980931965760","trial_id":33,"param_name":"need_label_minus","param_value_internal":0.0,"distribution":"{\"name\": \"IntDistribution\", \"attributes\": {\"log\": false, \"step\": 1, \"low\": 0, \"high\": 1}}"}
{"op_code":5,"worker_id":"0c0f9c6a-7791-4e75-bd15-b6694c4e9ca4-139980931965760","trial_id":33,"param_name":"consequence_label","param_value_internal":6,"distribution":"{\"name\": \"CategoricalDistribution\", \"attributes\": {\"choices\": [\"earn\", \"acq\", \"money-fx\", \"grain\", \"crude\", \"trade\", \"interest\", \"ship\", \"wheat\", \"corn\", \"sugar\", \"oilseed\", \"dlr\", \"gnp\", \"coffee\", \"veg-oil\", \"gold\", \"nat-gas\", \"money-supply\", \"livestock\"]}}"}
{"op_code":6,"worker_id":"0c0f9c6a-7791-4e75-bd15-b6694c4e9ca4-139980931965760","trial_id":33,"state":1,"values":[-1.0],"datetime_complete":"2026-03-21T20:17:51.345237"}
{"op_code":4,"worker_id":"0c0f9c6a-7791-4e75-bd15-b6694c4e9ca4-139980931965760","study_id":0,"datetime_start":"2026-03-21T20:17:51.346178"}
{"op_code":5,"worker_id":"0c0f9c6a-7791-4e75-bd15-b6694c4e9ca4-139980931965760","trial_id":34,"param_name":"body_size","param_value_internal":1.0,"distribution":"{\"name\": \"IntDistribution\", \"attributes\": {\"log\": false, \"step\": 1, \"low\": 1, \"high\": 4}}"}
{"op_code":5,"worker_id":"0c0f9c6a-7791-4e75-bd15-b6694c4e9ca4-139980931965760","trial_id":34,"param_name":"body_pred_idx_0","param_value_internal":3.0,"distribution":"{\"name\": \"IntDistribution\", \"attributes\": {\"log\": false, \"step\": 1, \"low\": 0, \"high\": 99}}"}
{"op_code":5,"worker_id":"0c0f9c6a-7791-4e75-bd15-b6694c4e9ca4-139980931965760","trial_id":34,"param_name":"need_ml_0","param_value_internal":1.0,"distribution":"{\"name\": \"IntDistribution\", \"attributes\": {\"log\": false, \"step\": 1, \"low\": 0, \"high\": 1}}"}
{"op_code":5,"worker_id":"0c0f9c6a-7791-4e75-bd15-b6694c4e9ca4-139980931965760","trial_id":34,"param_name":"ml_tau_0","param_value_internal":11,"distribution":"{\"name\": \"CategoricalDistribution\", \"attributes\": {\"choices\": [\"earn\", \"acq\", \"money-fx\", \"grain\", \"crude\", \"trade\", \"interest\", \"ship\", \"wheat\", \"corn\", \"sugar\", \"oilseed\", \"dlr\", \"gnp\", \"coffee\", \"veg-oil\", \"gold\", \"nat-gas\", \"money-supply\", \"livestock\"]}}"}
{"op_code":5,"worker_id":"0c0f9c6a-7791-4e75-bd15-b6694c4e9ca4-139980931965760","trial_id":34,"param_name":"need_ml_1","param_value_internal":0.0,"distribution":"{\"name\": \"IntDistribution\", \"attributes\": {\"log\": false, \"step\": 1, \"low\": 0, \"high\": 1}}"}
{"op_code":5,"worker_id":"0c0f9c6a-7791-4e75-bd15-b6694c4e9ca4-139980931965760","trial_id":34,"param_name":"need_ml_2","param_value_internal":0.0,"distribution":"{\"name\": \"IntDistribution\", \"attributes\": {\"log\": false, \"step\": 1, \"low\": 0, \"high\": 1}}"}
{"op_code":5,"worker_id":"0c0f9c6a-7791-4e75-bd15-b6694c4e9ca4-139980931965760","trial_id":34,"param_name":"need_label_contains","param_value_internal":0.0,"distribution":"{\"name\": \"IntDistribution\", \"attributes\": {\"log\": false, \"step\": 1, \"low\": 0, \"high\": 1}}"}
{"op_code":5,"worker_id":"0c0f9c6a-7791-4e75-bd15-b6694c4e9ca4-139980931965760","trial_id":34,"param_name":"need_label_eq","param_value_internal":1.0,"distribution":"{\"name\": \"IntDistribution\", \"attributes\": {\"log\": false, \"step\": 1, \"low\": 0, \"high\": 1}}"}
{"op_code":5,"worker_id":"0c0f9c6a-7791-4e75-bd15-b6694c4e9ca4-139980931965760","trial_id":34,"param_name":"label_eq_tau","param_value_internal":3,"distribution":"{\"name\": \"CategoricalDistribution\", \"attributes\": {\"choices\": [\"earn\", \"acq\", \"money-fx\", \"grain\", \"crude\", \"trade\", \"interest\", \"ship\", \"wheat\", \"corn\", \"sugar\", \"oilseed\", \"dlr\", \"gnp\", \"coffee\", \"veg-oil\", \"gold\", \"nat-gas\", \"money-supply\", \"livestock\"]}}"}
{"op_code":5,"worker_id":"0c0f9c6a-7791-4e75-bd15-b6694c4e9ca4-139980931965760","trial_id":34,"param_name":"need_label_minus","param_value_internal":0.0,"distribution":"{\"name\": \"IntDistribution\", \"attributes\": {\"log\": false, \"step\": 1, \"low\": 0, \"high\": 1}}"}
{"op_code":5,"worker_id":"0c0f9c6a-7791-4e75-bd15-b6694c4e9ca4-139980931965760","trial_id":34,"param_name":"consequence_label","param_value_internal":5,"distribution":"{\"name\": \"CategoricalDistribution\", \"attributes\": {\"choices\": [\"earn\", \"acq\", \"money-fx\", \"grain\", \"crude\", \"trade\", \"interest\", \"ship\", \"wheat\", \"corn\", \"sugar\", \"oilseed\", \"dlr\", \"gnp\", \"coffee\", \"veg-oil\", \"gold\", \"nat-gas\", \"money-supply\", \"livestock\"]}}"}
{"op_code":6,"worker_id":"0c0f9c6a-7791-4e75-bd15-b6694c4e9ca4-139980931965760","trial_id":34,"state":1,"values":[-1.0],"datetime_complete":"2026-03-21T20:17:51.462547"}
{"op_code":4,"worker_id":"0c0f9c6a-7791-4e75-bd15-b6694c4e9ca4-139980931965760","study_id":0,"datetime_start":"2026-03-21T20:17:51.463506"}
{"op_code":5,"worker_id":"0c0f9c6a-7791-4e75-bd15-b6694c4e9ca4-139980931965760","trial_id":35,"param_name":"body_size","param_value_internal":4.0,"distribution":"{\"name\": \"IntDistribution\", \"attributes\": {\"log\": false, \"step\": 1, \"low\": 1, \"high\": 4}}"}
{"op_code":5,"worker_id":"0c0f9c6a-7791-4e75-bd15-b6694c4e9ca4-139980931965760","trial_id":35,"param_name":"body_pred_idx_0","param_value_internal":27.0,"distribution":"{\"name\": \"IntDistribution\", \"attributes\": {\"log\": false, \"step\": 1, \"low\": 0, \"high\": 99}}"}
{"op_code":5,"worker_id":"0c0f9c6a-7791-4e75-bd15-b6694c4e9ca4-139980931965760","trial_id":35,"param_name":"body_pred_idx_1","param_value_internal":23.0,"distribution":"{\"name\": \"IntDistribution\", \"attributes\": {\"log\": false, \"step\": 1, \"low\": 0, \"high\": 99}}"}
{"op_code":5,"worker_id":"0c0f9c6a-7791-4e75-bd15-b6694c4e9ca4-139980931965760","trial_id":35,"param_name":"body_pred_idx_2","param_value_internal":23.0,"distribution":"{\"name\": \"IntDistribution\", \"attributes\": {\"log\": false, \"step\": 1, \"low\": 0, \"high\": 99}}"}
{"op_code":5,"worker_id":"0c0f9c6a-7791-4e75-bd15-b6694c4e9ca4-139980931965760","trial_id":35,"param_name":"body_pred_idx_3","param_value_internal":46.0,"distribution":"{\"name\": \"IntDistribution\", \"attributes\": {\"log\": false, \"step\": 1, \"low\": 0, \"high\": 99}}"}
{"op_code":5,"worker_id":"0c0f9c6a-7791-4e75-bd15-b6694c4e9ca4-139980931965760","trial_id":35,"param_name":"need_ml_0","param_value_internal":1.0,"distribution":"{\"name\": \"IntDistribution\", \"attributes\": {\"log\": false, \"step\": 1, \"low\": 0, \"high\": 1}}"}
{"op_code":5,"worker_id":"0c0f9c6a-7791-4e75-bd15-b6694c4e9ca4-139980931965760","trial_id":35,"param_name":"ml_tau_0","param_value_internal":14,"distribution":"{\"name\": \"CategoricalDistribution\", \"attributes\": {\"choices\": [\"earn\", \"acq\", \"money-fx\", \"grain\", \"crude\", \"trade\", \"interest\", \"ship\", \"wheat\", \"corn\", \"sugar\", \"oilseed\", \"dlr\", \"gnp\", \"coffee\", \"veg-oil\", \"gold\", \"nat-gas\", \"money-supply\", \"livestock\"]}}"}
{"op_code":5,"worker_id":"0c0f9c6a-7791-4e75-bd15-b6694c4e9ca4-139980931965760","trial_id":35,"param_name":"need_ml_1","param_value_internal":0.0,"distribution":"{\"name\": \"IntDistribution\", \"attributes\": {\"log\": false, \"step\": 1, \"low\": 0, \"high\": 1}}"}
{"op_code":5,"worker_id":"0c0f9c6a-7791-4e75-bd15-b6694c4e9ca4-139980931965760","trial_id":35,"param_name":"need_ml_2","param_value_internal":0.0,"distribution":"{\"name\": \"IntDistribution\", \"attributes\": {\"log\": false, \"step\": 1, \"low\": 0, \"high\": 1}}"}
{"op_code":5,"worker_id":"0c0f9c6a-7791-4e75-bd15-b6694c4e9ca4-139980931965760","trial_id":35,"param_name":"need_label_contains","param_value_internal":1.0,"distribution":"{\"name\": \"IntDistribution\", \"attributes\": {\"log\": false, \"step\": 1, \"low\": 0, \"high\": 1}}"}
{"op_code":5,"worker_id":"0c0f9c6a-7791-4e75-bd15-b6694c4e9ca4-139980931965760","trial_id":35,"param_name":"label_contains_tau","param_value_internal":5,"distribution":"{\"name\": \"CategoricalDistribution\", \"attributes\": {\"choices\": [\"earn\", \"acq\", \"money-fx\", \"grain\", \"crude\", \"trade\", \"interest\", \"ship\", \"wheat\", \"corn\", \"sugar\", \"oilseed\", \"dlr\", \"gnp\", \"coffee\", \"veg-oil\", \"gold\", \"nat-gas\", \"money-supply\", \"livestock\"]}}"}
{"op_code":5,"worker_id":"0c0f9c6a-7791-4e75-bd15-b6694c4e9ca4-139980931965760","trial_id":35,"param_name":"need_label_eq","param_value_internal":1.0,"distribution":"{\"name\": \"IntDistribution\", \"attributes\": {\"log\": false, \"step\": 1, \"low\": 0, \"high\": 1}}"}
{"op_code":5,"worker_id":"0c0f9c6a-7791-4e75-bd15-b6694c4e9ca4-139980931965760","trial_id":35,"param_name":"label_eq_tau","param_value_internal":15,"distribution":"{\"name\": \"CategoricalDistribution\", \"attributes\": {\"choices\": [\"earn\", \"acq\", \"money-fx\", \"grain\", \"crude\", \"trade\", \"interest\", \"ship\", \"wheat\", \"corn\", \"sugar\", \"oilseed\", \"dlr\", \"gnp\", \"coffee\", \"veg-oil\", \"gold\", \"nat-gas\", \"money-supply\", \"livestock\"]}}"}
{"op_code":5,"worker_id":"0c0f9c6a-7791-4e75-bd15-b6694c4e9ca4-139980931965760","trial_id":35,"param_name":"need_label_minus","param_value_internal":1.0,"distribution":"{\"name\": \"IntDistribution\", \"attributes\": {\"log\": false, \"step\": 1, \"low\": 0, \"high\": 1}}"}
{"op_code":5,"worker_id":"0c0f9c6a-7791-4e75-bd15-b6694c4e9ca4-139980931965760","trial_id":35,"param_name":"label_minus_tau","param_value_internal":17,"distribution":"{\"name\": \"CategoricalDistribution\", \"attributes\": {\"choices\": [\"earn\", \"acq\", \"money-fx\", \"grain\", \"crude\", \"trade\", \"interest\", \"ship\", \"wheat\", \"corn\", \"sugar\", \"oilseed\", \"dlr\", \"gnp\", \"coffee\", \"veg-oil\", \"gold\", \"nat-gas\", \"money-supply\", \"livestock\"]}}"}
{"op_code":5,"worker_id":"0c0f9c6a-7791-4e75-bd15-b6694c4e9ca4-139980931965760","trial_id":35,"param_name":"consequence_label","param_value_internal":4,"distribution":"{\"name\": \"CategoricalDistribution\", \"attributes\": {\"choices\": [\"earn\", \"acq\", \"money-fx\", \"grain\", \"crude\", \"trade\", \"interest\", \"ship\", \"wheat\", \"corn\", \"sugar\", \"oilseed\", \"dlr\", \"gnp\", \"coffee\", \"veg-oil\", \"gold\", \"nat-gas\", \"money-supply\", \"livestock\"]}}"}
{"op_code":6,"worker_id":"0c0f9c6a-7791-4e75-bd15-b6694c4e9ca4-139980931965760","trial_id":35,"state":1,"values":[-1.0],"datetime_complete":"2026-03-21T20:17:51.523563"}
{"op_code":4,"worker_id":"0c0f9c6a-7791-4e75-bd15-b6694c4e9ca4-139980931965760","study_id":0,"datetime_start":"2026-03-21T20:17:51.524272"}
{"op_code":5,"worker_id":"0c0f9c6a-7791-4e75-bd15-b6694c4e9ca4-139980931965760","trial_id":36,"param_name":"body_size","param_value_internal":2.0,"distribution":"{\"name\": \"IntDistribution\", \"attributes\": {\"log\": false, \"step\": 1, \"low\": 1, \"high\": 4}}"}
{"op_code":5,"worker_id":"0c0f9c6a-7791-4e75-bd15-b6694c4e9ca4-139980931965760","trial_id":36,"param_name":"body_pred_idx_0","param_value_internal":12.0,"distribution":"{\"name\": \"IntDistribution\", \"attributes\": {\"log\": false, \"step\": 1, \"low\": 0, \"high\": 99}}"}
{"op_code":5,"worker_id":"0c0f9c6a-7791-4e75-bd15-b6694c4e9ca4-139980931965760","trial_id":36,"param_name":"body_pred_idx_1","param_value_internal":42.0,"distribution":"{\"name\": \"IntDistribution\", \"attributes\": {\"log\": false, \"step\": 1, \"low\": 0, \"high\": 99}}"}
{"op_code":5,"worker_id":"0c0f9c6a-7791-4e75-bd15-b6694c4e9ca4-139980931965760","trial_id":36,"param_name":"need_ml_0","param_value_internal":1.0,"distribution":"{\"name\": \"IntDistribution\", \"attributes\": {\"log\": false, \"step\": 1, \"low\": 0, \"high\": 1}}"}
{"op_code":5,"worker_id":"0c0f9c6a-7791-4e75-bd15-b6694c4e9ca4-139980931965760","trial_id":36,"param_name":"ml_tau_0","param_value_internal":13,"distribution":"{\"name\": \"CategoricalDistribution\", \"attributes\": {\"choices\": [\"earn\", \"acq\", \"money-fx\", \"grain\", \"crude\", \"trade\", \"interest\", \"ship\", \"wheat\", \"corn\", \"sugar\", \"oilseed\", \"dlr\", \"gnp\", \"coffee\", \"veg-oil\", \"gold\", \"nat-gas\", \"money-supply\", \"livestock\"]}}"}
{"op_code":5,"worker_id":"0c0f9c6a-7791-4e75-bd15-b6694c4e9ca4-139980931965760","trial_id":36,"param_name":"need_ml_1","param_value_internal":1.0,"distribution":"{\"name\": \"IntDistribution\", \"attributes\": {\"log\": false, \"step\": 1, \"low\": 0, \"high\": 1}}"}
{"op_code":5,"worker_id":"0c0f9c6a-7791-4e75-bd15-b6694c4e9ca4-139980931965760","trial_id":36,"param_name":"ml_tau_1","param_value_internal":2,"distribution":"{\"name\": \"CategoricalDistribution\", \"attributes\": {\"choices\": [\"earn\", \"acq\", \"money-fx\", \"grain\", \"crude\", \"trade\", \"interest\", \"ship\", \"wheat\", \"corn\", \"sugar\", \"oilseed\", \"dlr\", \"gnp\", \"coffee\", \"veg-oil\", \"gold\", \"nat-gas\", \"money-supply\", \"livestock\"]}}"}
{"op_code":5,"worker_id":"0c0f9c6a-7791-4e75-bd15-b6694c4e9ca4-139980931965760","trial_id":36,"param_name":"need_ml_2","param_value_internal":0.0,"distribution":"{\"name\": \"IntDistribution\", \"attributes\": {\"log\": false, \"step\": 1, \"low\": 0, \"high\": 1}}"}
{"op_code":5,"worker_id":"0c0f9c6a-7791-4e75-bd15-b6694c4e9ca4-139980931965760","trial_id":36,"param_name":"need_label_contains","param_value_internal":0.0,"distribution":"{\"name\": \"IntDistribution\", \"attributes\": {\"log\": false, \"step\": 1, \"low\": 0, \"high\": 1}}"}
{"op_code":5,"worker_id":"0c0f9c6a-7791-4e75-bd15-b6694c4e9ca4-139980931965760","trial_id":36,"param_name":"need_label_eq","param_value_internal":0.0,"distribution":"{\"name\": \"IntDistribution\", \"attributes\": {\"log\": false, \"step\": 1, \"low\": 0, \"high\": 1}}"}
{"op_code":5,"worker_id":"0c0f9c6a-7791-4e75-bd15-b6694c4e9ca4-139980931965760","trial_id":36,"param_name":"need_label_minus","param_value_internal":0.0,"distribution":"{\"name\": \"IntDistribution\", \"attributes\": {\"log\": false, \"step\": 1, \"low\": 0, \"high\": 1}}"}
{"op_code":5,"worker_id":"0c0f9c6a-7791-4e75-bd15-b6694c4e9ca4-139980931965760","trial_id":36,"param_name":"consequence_label","param_value_internal":15,"distribution":"{\"name\": \"CategoricalDistribution\", \"attributes\": {\"choices\": [\"earn\", \"acq\", \"money-fx\", \"grain\", \"crude\", \"trade\", \"interest\", \"ship\", \"wheat\", \"corn\", \"sugar\", \"oilseed\", \"dlr\", \"gnp\", \"coffee\", \"veg-oil\", \"gold\", \"nat-gas\", \"money-supply\", \"livestock\"]}}"}
{"op_code":6,"worker_id":"0c0f9c6a-7791-4e75-bd15-b6694c4e9ca4-139980931965760","trial_id":36,"state":1,"values":[-1.0],"datetime_complete":"2026-03-21T20:17:51.599017"}
{"op_code":4,"worker_id":"0c0f9c6a-7791-4e75-bd15-b6694c4e9ca4-139980931965760","study_id":0,"datetime_start":"2026-03-21T20:17:51.600134"}
{"op_code":5,"worker_id":"0c0f9c6a-7791-4e75-bd15-b6694c4e9ca4-139980931965760","trial_id":37,"param_name":"body_size","param_value_internal":1.0,"distribution":"{\"name\": \"IntDistribution\", \"attributes\": {\"log\": false, \"step\": 1, \"low\": 1, \"high\": 4}}"}
{"op_code":5,"worker_id":"0c0f9c6a-7791-4e75-bd15-b6694c4e9ca4-139980931965760","trial_id":37,"param_name":"body_pred_idx_0","param_value_internal":6.0,"distribution":"{\"name\": \"IntDistribution\", \"attributes\": {\"log\": false, \"step\": 1, \"low\": 0, \"high\": 99}}"}
{"op_code":5,"worker_id":"0c0f9c6a-7791-4e75-bd15-b6694c4e9ca4-139980931965760","trial_id":37,"param_name":"need_ml_0","param_value_internal":0.0,"distribution":"{\"name\": \"IntDistribution\", \"attributes\": {\"log\": false, \"step\": 1, \"low\": 0, \"high\": 1}}"}
{"op_code":5,"worker_id":"0c0f9c6a-7791-4e75-bd15-b6694c4e9ca4-139980931965760","trial_id":37,"param_name":"need_ml_1","param_value_internal":0.0,"distribution":"{\"name\": \"IntDistribution\", \"attributes\": {\"log\": false, \"step\": 1, \"low\": 0, \"high\": 1}}"}
{"op_code":5,"worker_id":"0c0f9c6a-7791-4e75-bd15-b6694c4e9ca4-139980931965760","trial_id":37,"param_name":"need_ml_2","param_value_internal":1.0,"distribution":"{\"name\": \"IntDistribution\", \"attributes\": {\"log\": false, \"step\": 1, \"low\": 0, \"high\": 1}}"}
{"op_code":5,"worker_id":"0c0f9c6a-7791-4e75-bd15-b6694c4e9ca4-139980931965760","trial_id":37,"param_name":"ml_tau_2","param_value_internal":15,"distribution":"{\"name\": \"CategoricalDistribution\", \"attributes\": {\"choices\": [\"earn\", \"acq\", \"money-fx\", \"grain\", \"crude\", \"trade\", \"interest\", \"ship\", \"wheat\", \"corn\", \"sugar\", \"oilseed\", \"dlr\", \"gnp\", \"coffee\", \"veg-oil\", \"gold\", \"nat-gas\", \"money-supply\", \"livestock\"]}}"}
{"op_code":5,"worker_id":"0c0f9c6a-7791-4e75-bd15-b6694c4e9ca4-139980931965760","trial_id":37,"param_name":"need_label_contains","param_value_internal":1.0,"distribution":"{\"name\": \"IntDistribution\", \"attributes\": {\"log\": false, \"step\": 1, \"low\": 0, \"high\": 1}}"}
{"op_code":5,"worker_id":"0c0f9c6a-7791-4e75-bd15-b6694c4e9ca4-139980931965760","trial_id":37,"param_name":"label_contains_tau","param_value_internal":1,"distribution":"{\"name\": \"CategoricalDistribution\", \"attributes\": {\"choices\": [\"earn\", \"acq\", \"money-fx\", \"grain\", \"crude\", \"trade\", \"interest\", \"ship\", \"wheat\", \"corn\", \"sugar\", \"oilseed\", \"dlr\", \"gnp\", \"coffee\", \"veg-oil\", \"gold\", \"nat-gas\", \"money-supply\", \"livestock\"]}}"}
{"op_code":5,"worker_id":"0c0f9c6a-7791-4e75-bd15-b6694c4e9ca4-139980931965760","trial_id":37,"param_name":"need_label_eq","param_value_internal":1.0,"distribution":"{\"name\": \"IntDistribution\", \"attributes\": {\"log\": false, \"step\": 1, \"low\": 0, \"high\": 1}}"}
{"op_code":5,"worker_id":"0c0f9c6a-7791-4e75-bd15-b6694c4e9ca4-139980931965760","trial_id":37,"param_name":"label_eq_tau","param_value_internal":5,"distribution":"{\"name\": \"CategoricalDistribution\", \"attributes\": {\"choices\": [\"earn\", \"acq\", \"money-fx\", \"grain\", \"crude\", \"trade\", \"interest\", \"ship\", \"wheat\", \"corn\", \"sugar\", \"oilseed\", \"dlr\", \"gnp\", \"coffee\", \"veg-oil\", \"gold\", \"nat-gas\", \"money-supply\", \"livestock\"]}}"}
{"op_code":5,"worker_id":"0c0f9c6a-7791-4e75-bd15-b6694c4e9ca4-139980931965760","trial_id":37,"param_name":"need_label_minus","param_value_internal":1.0,"distribution":"{\"name\": \"IntDistribution\", \"attributes\": {\"log\": false, \"step\": 1, \"low\": 0, \"high\": 1}}"}
{"op_code":5,"worker_id":"0c0f9c6a-7791-4e75-bd15-b6694c4e9ca4-139980931965760","trial_id":37,"param_name":"label_minus_tau","param_value_internal":14,"distribution":"{\"name\": \"CategoricalDistribution\", \"attributes\": {\"choices\": [\"earn\", \"acq\", \"money-fx\", \"grain\", \"crude\", \"trade\", \"interest\", \"ship\", \"wheat\", \"corn\", \"sugar\", \"oilseed\", \"dlr\", \"gnp\", \"coffee\", \"veg-oil\", \"gold\", \"nat-gas\", \"money-supply\", \"livestock\"]}}"}
{"op_code":5,"worker_id":"0c0f9c6a-7791-4e75-bd15-b6694c4e9ca4-139980931965760","trial_id":37,"param_name":"consequence_label","param_value_internal":3,"distribution":"{\"name\": \"CategoricalDistribution\", \"attributes\": {\"choices\": [\"earn\", \"acq\", \"money-fx\", \"grain\", \"crude\", \"trade\", \"interest\", \"ship\", \"wheat\", \"corn\", \"sugar\", \"oilseed\", \"dlr\", \"gnp\", \"coffee\", \"veg-oil\", \"gold\", \"nat-gas\", \"money-supply\", \"livestock\"]}}"}
{"op_code":6,"worker_id":"0c0f9c6a-7791-4e75-bd15-b6694c4e9ca4-139980931965760","trial_id":37,"state":1,"values":[-1.0],"datetime_complete":"2026-03-21T20:17:51.660843"}
{"op_code":4,"worker_id":"0c0f9c6a-7791-4e75-bd15-b6694c4e9ca4-139980931965760","study_id":0,"datetime_start":"2026-03-21T20:17:51.670225"}
{"op_code":5,"worker_id":"0c0f9c6a-7791-4e75-bd15-b6694c4e9ca4-139980931965760","trial_id":38,"param_name":"body_size","param_value_internal":2.0,"distribution":"{\"name\": \"IntDistribution\", \"attributes\": {\"log\": false, \"step\": 1, \"low\": 1, \"high\": 4}}"}
{"op_code":5,"worker_id":"0c0f9c6a-7791-4e75-bd15-b6694c4e9ca4-139980931965760","trial_id":38,"param_name":"body_pred_idx_0","param_value_internal":27.0,"distribution":"{\"name\": \"IntDistribution\", \"attributes\": {\"log\": false, \"step\": 1, \"low\": 0, \"high\": 99}}"}
{"op_code":5,"worker_id":"0c0f9c6a-7791-4e75-bd15-b6694c4e9ca4-139980931965760","trial_id":38,"param_name":"body_pred_idx_1","param_value_internal":53.0,"distribution":"{\"name\": \"IntDistribution\", \"attributes\": {\"log\": false, \"step\": 1, \"low\": 0, \"high\": 99}}"}
{"op_code":5,"worker_id":"0c0f9c6a-7791-4e75-bd15-b6694c4e9ca4-139980931965760","trial_id":38,"param_name":"need_ml_0","param_value_internal":1.0,"distribution":"{\"name\": \"IntDistribution\", \"attributes\": {\"log\": false, \"step\": 1, \"low\": 0, \"high\": 1}}"}
{"op_code":5,"worker_id":"0c0f9c6a-7791-4e75-bd15-b6694c4e9ca4-139980931965760","trial_id":38,"param_name":"ml_tau_0","param_value_internal":9,"distribution":"{\"name\": \"CategoricalDistribution\", \"attributes\": {\"choices\": [\"earn\", \"acq\", \"money-fx\", \"grain\", \"crude\", \"trade\", \"interest\", \"ship\", \"wheat\", \"corn\", \"sugar\", \"oilseed\", \"dlr\", \"gnp\", \"coffee\", \"veg-oil\", \"gold\", \"nat-gas\", \"money-supply\", \"livestock\"]}}"}
{"op_code":5,"worker_id":"0c0f9c6a-7791-4e75-bd15-b6694c4e9ca4-139980931965760","trial_id":38,"param_name":"need_ml_1","param_value_internal":0.0,"distribution":"{\"name\": \"IntDistribution\", \"attributes\": {\"log\": false, \"step\": 1, \"low\": 0, \"high\": 1}}"}
{"op_code":5,"worker_id":"0c0f9c6a-7791-4e75-bd15-b6694c4e9ca4-139980931965760","trial_id":38,"param_name":"need_ml_2","param_value_internal":0.0,"distribution":"{\"name\": \"IntDistribution\", \"attributes\": {\"log\": false, \"step\": 1, \"low\": 0, \"high\": 1}}"}
{"op_code":5,"worker_id":"0c0f9c6a-7791-4e75-bd15-b6694c4e9ca4-139980931965760","trial_id":38,"param_name":"need_label_contains","param_value_internal":1.0,"distribution":"{\"name\": \"IntDistribution\", \"attributes\": {\"log\": false, \"step\": 1, \"low\": 0, \"high\": 1}}"}
{"op_code":5,"worker_id":"0c0f9c6a-7791-4e75-bd15-b6694c4e9ca4-139980931965760","trial_id":38,"param_name":"label_contains_tau","param_value_internal":15,"distribution":"{\"name\": \"CategoricalDistribution\", \"attributes\": {\"choices\": [\"earn\", \"acq\", \"money-fx\", \"grain\", \"crude\", \"trade\", \"interest\", \"ship\", \"wheat\", \"corn\", \"sugar\", \"oilseed\", \"dlr\", \"gnp\", \"coffee\", \"veg-oil\", \"gold\", \"nat-gas\", \"money-supply\", \"livestock\"]}}"}
{"op_code":5,"worker_id":"0c0f9c6a-7791-4e75-bd15-b6694c4e9ca4-139980931965760","trial_id":38,"param_name":"need_label_eq","param_value_internal":0.0,"distribution":"{\"name\": \"IntDistribution\", \"attributes\": {\"log\": false, \"step\": 1, \"low\": 0, \"high\": 1}}"}
{"op_code":5,"worker_id":"0c0f9c6a-7791-4e75-bd15-b6694c4e9ca4-139980931965760","trial_id":38,"param_name":"need_label_minus","param_value_internal":0.0,"distribution":"{\"name\": \"IntDistribution\", \"attributes\": {\"log\": false, \"step\": 1, \"low\": 0, \"high\": 1}}"}
{"op_code":5,"worker_id":"0c0f9c6a-7791-4e75-bd15-b6694c4e9ca4-139980931965760","trial_id":38,"param_name":"consequence_label","param_value_internal":16,"distribution":"{\"name\": \"CategoricalDistribution\", \"attributes\": {\"choices\": [\"earn\", \"acq\", \"money-fx\", \"grain\", \"crude\", \"trade\", \"interest\", \"ship\", \"wheat\", \"corn\", \"sugar\", \"oilseed\", \"dlr\", \"gnp\", \"coffee\", \"veg-oil\", \"gold\", \"nat-gas\", \"money-supply\", \"livestock\"]}}"}
{"op_code":6,"worker_id":"0c0f9c6a-7791-4e75-bd15-b6694c4e9ca4-139980931965760","trial_id":38,"state":1,"values":[-1.0],"datetime_complete":"2026-03-21T20:17:51.822555"}
{"op_code":4,"worker_id":"0c0f9c6a-7791-4e75-bd15-b6694c4e9ca4-139980931965760","study_id":0,"datetime_start":"2026-03-21T20:17:51.823885"}
{"op_code":5,"worker_id":"0c0f9c6a-7791-4e75-bd15-b6694c4e9ca4-139980931965760","trial_id":39,"param_name":"body_size","param_value_internal":3.0,"distribution":"{\"name\": \"IntDistribution\", \"attributes\": {\"log\": false, \"step\": 1, \"low\": 1, \"high\": 4}}"}
{"op_code":5,"worker_id":"0c0f9c6a-7791-4e75-bd15-b6694c4e9ca4-139980931965760","trial_id":39,"param_name":"body_pred_idx_0","param_value_internal":64.0,"distribution":"{\"name\": \"IntDistribution\", \"attributes\": {\"log\": false, \"step\": 1, \"low\": 0, \"high\": 99}}"}
{"op_code":5,"worker_id":"0c0f9c6a-7791-4e75-bd15-b6694c4e9ca4-139980931965760","trial_id":39,"param_name":"body_pred_idx_1","param_value_internal":86.0,"distribution":"{\"name\": \"IntDistribution\", \"attributes\": {\"log\": false, \"step\": 1, \"low\": 0, \"high\": 99}}"}
{"op_code":5,"worker_id":"0c0f9c6a-7791-4e75-bd15-b6694c4e9ca4-139980931965760","trial_id":39,"param_name":"body_pred_idx_2","param_value_internal":57.0,"distribution":"{\"name\": \"IntDistribution\", \"attributes\": {\"log\": false, \"step\": 1, \"low\": 0, \"high\": 99}}"}
{"op_code":5,"worker_id":"0c0f9c6a-7791-4e75-bd15-b6694c4e9ca4-139980931965760","trial_id":39,"param_name":"need_ml_0","param_value_internal":0.0,"distribution":"{\"name\": \"IntDistribution\", \"attributes\": {\"log\": false, \"step\": 1, \"low\": 0, \"high\": 1}}"}
{"op_code":5,"worker_id":"0c0f9c6a-7791-4e75-bd15-b6694c4e9ca4-139980931965760","trial_id":39,"param_name":"need_ml_1","param_value_internal":1.0,"distribution":"{\"name\": \"IntDistribution\", \"attributes\": {\"log\": false, \"step\": 1, \"low\": 0, \"high\": 1}}"}
{"op_code":5,"worker_id":"0c0f9c6a-7791-4e75-bd15-b6694c4e9ca4-139980931965760","trial_id":39,"param_name":"ml_tau_1","param_value_internal":12,"distribution":"{\"name\": \"CategoricalDistribution\", \"attributes\": {\"choices\": [\"earn\", \"acq\", \"money-fx\", \"grain\", \"crude\", \"trade\", \"interest\", \"ship\", \"wheat\", \"corn\", \"sugar\", \"oilseed\", \"dlr\", \"gnp\", \"coffee\", \"veg-oil\", \"gold\", \"nat-gas\", \"money-supply\", \"livestock\"]}}"}
{"op_code":5,"worker_id":"0c0f9c6a-7791-4e75-bd15-b6694c4e9ca4-139980931965760","trial_id":39,"param_name":"need_ml_2","param_value_internal":1.0,"distribution":"{\"name\": \"IntDistribution\", \"attributes\": {\"log\": false, \"step\": 1, \"low\": 0, \"high\": 1}}"}
{"op_code":5,"worker_id":"0c0f9c6a-7791-4e75-bd15-b6694c4e9ca4-139980931965760","trial_id":39,"param_name":"ml_tau_2","param_value_internal":18,"distribution":"{\"name\": \"CategoricalDistribution\", \"attributes\": {\"choices\": [\"earn\", \"acq\", \"money-fx\", \"grain\", \"crude\", \"trade\", \"interest\", \"ship\", \"wheat\", \"corn\", \"sugar\", \"oilseed\", \"dlr\", \"gnp\", \"coffee\", \"veg-oil\", \"gold\", \"nat-gas\", \"money-supply\", \"livestock\"]}}"}
{"op_code":5,"worker_id":"0c0f9c6a-7791-4e75-bd15-b6694c4e9ca4-139980931965760","trial_id":39,"param_name":"need_label_contains","param_value_internal":0.0,"distribution":"{\"name\": \"IntDistribution\", \"attributes\": {\"log\": false, \"step\": 1, \"low\": 0, \"high\": 1}}"}
{"op_code":5,"worker_id":"0c0f9c6a-7791-4e75-bd15-b6694c4e9ca4-139980931965760","trial_id":39,"param_name":"need_label_eq","param_value_internal":0.0,"distribution":"{\"name\": \"IntDistribution\", \"attributes\": {\"log\": false, \"step\": 1, \"low\": 0, \"high\": 1}}"}
{"op_code":5,"worker_id":"0c0f9c6a-7791-4e75-bd15-b6694c4e9ca4-139980931965760","trial_id":39,"param_name":"need_label_minus","param_value_internal":1.0,"distribution":"{\"name\": \"IntDistribution\", \"attributes\": {\"log\": false, \"step\": 1, \"low\": 0, \"high\": 1}}"}
{"op_code":5,"worker_id":"0c0f9c6a-7791-4e75-bd15-b6694c4e9ca4-139980931965760","trial_id":39,"param_name":"label_minus_tau","param_value_internal":8,"distribution":"{\"name\": \"CategoricalDistribution\", \"attributes\": {\"choices\": [\"earn\", \"acq\", \"money-fx\", \"grain\", \"crude\", \"trade\", \"interest\", \"ship\", \"wheat\", \"corn\", \"sugar\", \"oilseed\", \"dlr\", \"gnp\", \"coffee\", \"veg-oil\", \"gold\", \"nat-gas\", \"money-supply\", \"livestock\"]}}"}
{"op_code":5,"worker_id":"0c0f9c6a-7791-4e75-bd15-b6694c4e9ca4-139980931965760","trial_id":39,"param_name":"consequence_label","param_value_internal":11,"distribution":"{\"name\": \"CategoricalDistribution\", \"attributes\": {\"choices\": [\"earn\", \"acq\", \"money-fx\", \"grain\", \"crude\", \"trade\", \"interest\", \"ship\", \"wheat\", \"corn\", \"sugar\", \"oilseed\", \"dlr\", \"gnp\", \"coffee\", \"veg-oil\", \"gold\", \"nat-gas\", \"money-supply\", \"livestock\"]}}"}
{"op_code":6,"worker_id":"0c0f9c6a-7791-4e75-bd15-b6694c4e9ca4-139980931965760","trial_id":39,"state":1,"values":[-1.0],"datetime_complete":"2026-03-21T20:17:51.882040"}
{"op_code":4,"worker_id":"0c0f9c6a-7791-4e75-bd15-b6694c4e9ca4-139980931965760","study_id":0,"datetime_start":"2026-03-21T20:17:51.885295"}
{"op_code":5,"worker_id":"0c0f9c6a-7791-4e75-bd15-b6694c4e9ca4-139980931965760","trial_id":40,"param_name":"body_size","param_value_internal":1.0,"distribution":"{\"name\": \"IntDistribution\", \"attributes\": {\"log\": false, \"step\": 1, \"low\": 1, \"high\": 4}}"}
{"op_code":5,"worker_id":"0c0f9c6a-7791-4e75-bd15-b6694c4e9ca4-139980931965760","trial_id":40,"param_name":"body_pred_idx_0","param_value_internal":47.0,"distribution":"{\"name\": \"IntDistribution\", \"attributes\": {\"log\": false, \"step\": 1, \"low\": 0, \"high\": 99}}"}
{"op_code":5,"worker_id":"0c0f9c6a-7791-4e75-bd15-b6694c4e9ca4-139980931965760","trial_id":40,"param_name":"need_ml_0","param_value_internal":1.0,"distribution":"{\"name\": \"IntDistribution\", \"attributes\": {\"log\": false, \"step\": 1, \"low\": 0, \"high\": 1}}"}
{"op_code":5,"worker_id":"0c0f9c6a-7791-4e75-bd15-b6694c4e9ca4-139980931965760","trial_id":40,"param_name":"ml_tau_0","param_value_internal":8,"distribution":"{\"name\": \"CategoricalDistribution\", \"attributes\": {\"choices\": [\"earn\", \"acq\", \"money-fx\", \"grain\", \"crude\", \"trade\", \"interest\", \"ship\", \"wheat\", \"corn\", \"sugar\", \"oilseed\", \"dlr\", \"gnp\", \"coffee\", \"veg-oil\", \"gold\", \"nat-gas\", \"money-supply\", \"livestock\"]}}"}
{"op_code":5,"worker_id":"0c0f9c6a-7791-4e75-bd15-b6694c4e9ca4-139980931965760","trial_id":40,"param_name":"need_ml_1","param_value_internal":0.0,"distribution":"{\"name\": \"IntDistribution\", \"attributes\": {\"log\": false, \"step\": 1, \"low\": 0, \"high\": 1}}"}
{"op_code":5,"worker_id":"0c0f9c6a-7791-4e75-bd15-b6694c4e9ca4-139980931965760","trial_id":40,"param_name":"need_ml_2","param_value_internal":0.0,"distribution":"{\"name\": \"IntDistribution\", \"attributes\": {\"log\": false, \"step\": 1, \"low\": 0, \"high\": 1}}"}
{"op_code":5,"worker_id":"0c0f9c6a-7791-4e75-bd15-b6694c4e9ca4-139980931965760","trial_id":40,"param_name":"need_label_contains","param_value_internal":1.0,"distribution":"{\"name\": \"IntDistribution\", \"attributes\": {\"log\": false, \"step\": 1, \"low\": 0, \"high\": 1}}"}
{"op_code":5,"worker_id":"0c0f9c6a-7791-4e75-bd15-b6694c4e9ca4-139980931965760","trial_id":40,"param_name":"label_contains_tau","param_value_internal":2,"distribution":"{\"name\": \"CategoricalDistribution\", \"attributes\": {\"choices\": [\"earn\", \"acq\", \"money-fx\", \"grain\", \"crude\", \"trade\", \"interest\", \"ship\", \"wheat\", \"corn\", \"sugar\", \"oilseed\", \"dlr\", \"gnp\", \"coffee\", \"veg-oil\", \"gold\", \"nat-gas\", \"money-supply\", \"livestock\"]}}"}
{"op_code":5,"worker_id":"0c0f9c6a-7791-4e75-bd15-b6694c4e9ca4-139980931965760","trial_id":40,"param_name":"need_label_eq","param_value_internal":1.0,"distribution":"{\"name\": \"IntDistribution\", \"attributes\": {\"log\": false, \"step\": 1, \"low\": 0, \"high\": 1}}"}
{"op_code":5,"worker_id":"0c0f9c6a-7791-4e75-bd15-b6694c4e9ca4-139980931965760","trial_id":40,"param_name":"label_eq_tau","param_value_internal":17,"distribution":"{\"name\": \"CategoricalDistribution\", \"attributes\": {\"choices\": [\"earn\", \"acq\", \"money-fx\", \"grain\", \"crude\", \"trade\", \"interest\", \"ship\", \"wheat\", \"corn\", \"sugar\", \"oilseed\", \"dlr\", \"gnp\", \"coffee\", \"veg-oil\", \"gold\", \"nat-gas\", \"money-supply\", \"livestock\"]}}"}
{"op_code":5,"worker_id":"0c0f9c6a-7791-4e75-bd15-b6694c4e9ca4-139980931965760","trial_id":40,"param_name":"need_label_minus","param_value_internal":0.0,"distribution":"{\"name\": \"IntDistribution\", \"attributes\": {\"log\": false, \"step\": 1, \"low\": 0, \"high\": 1}}"}
{"op_code":5,"worker_id":"0c0f9c6a-7791-4e75-bd15-b6694c4e9ca4-139980931965760","trial_id":40,"param_name":"consequence_label","param_value_internal":13,"distribution":"{\"name\": \"CategoricalDistribution\", \"attributes\": {\"choices\": [\"earn\", \"acq\", \"money-fx\", \"grain\", \"crude\", \"trade\", \"interest\", \"ship\", \"wheat\", \"corn\", \"sugar\", \"oilseed\", \"dlr\", \"gnp\", \"coffee\", \"veg-oil\", \"gold\", \"nat-gas\", \"money-supply\", \"livestock\"]}}"}
{"op_code":6,"worker_id":"0c0f9c6a-7791-4e75-bd15-b6694c4e9ca4-139980931965760","trial_id":40,"state":1,"values":[-1.0],"datetime_complete":"2026-03-21T20:17:52.413248"}
{"op_code":4,"worker_id":"0c0f9c6a-7791-4e75-bd15-b6694c4e9ca4-139980931965760","study_id":0,"datetime_start":"2026-03-21T20:17:52.414400"}
{"op_code":5,"worker_id":"0c0f9c6a-7791-4e75-bd15-b6694c4e9ca4-139980931965760","trial_id":41,"param_name":"body_size","param_value_internal":2.0,"distribution":"{\"name\": \"IntDistribution\", \"attributes\": {\"log\": false, \"step\": 1, \"low\": 1, \"high\": 4}}"}
{"op_code":5,"worker_id":"0c0f9c6a-7791-4e75-bd15-b6694c4e9ca4-139980931965760","trial_id":41,"param_name":"body_pred_idx_0","param_value_internal":96.0,"distribution":"{\"name\": \"IntDistribution\", \"attributes\": {\"log\": false, \"step\": 1, \"low\": 0, \"high\": 99}}"}
{"op_code":5,"worker_id":"0c0f9c6a-7791-4e75-bd15-b6694c4e9ca4-139980931965760","trial_id":41,"param_name":"body_pred_idx_1","param_value_internal":68.0,"distribution":"{\"name\": \"IntDistribution\", \"attributes\": {\"log\": false, \"step\": 1, \"low\": 0, \"high\": 99}}"}
{"op_code":5,"worker_id":"0c0f9c6a-7791-4e75-bd15-b6694c4e9ca4-139980931965760","trial_id":41,"param_name":"need_ml_0","param_value_internal":0.0,"distribution":"{\"name\": \"IntDistribution\", \"attributes\": {\"log\": false, \"step\": 1, \"low\": 0, \"high\": 1}}"}
{"op_code":5,"worker_id":"0c0f9c6a-7791-4e75-bd15-b6694c4e9ca4-139980931965760","trial_id":41,"param_name":"need_ml_1","param_value_internal":0.0,"distribution":"{\"name\": \"IntDistribution\", \"attributes\": {\"log\": false, \"step\": 1, \"low\": 0, \"high\": 1}}"}
{"op_code":5,"worker_id":"0c0f9c6a-7791-4e75-bd15-b6694c4e9ca4-139980931965760","trial_id":41,"param_name":"need_ml_2","param_value_internal":1.0,"distribution":"{\"name\": \"IntDistribution\", \"attributes\": {\"log\": false, \"step\": 1, \"low\": 0, \"high\": 1}}"}
{"op_code":5,"worker_id":"0c0f9c6a-7791-4e75-bd15-b6694c4e9ca4-139980931965760","trial_id":41,"param_name":"ml_tau_2","param_value_internal":0,"distribution":"{\"name\": \"CategoricalDistribution\", \"attributes\": {\"choices\": [\"earn\", \"acq\", \"money-fx\", \"grain\", \"crude\", \"trade\", \"interest\", \"ship\", \"wheat\", \"corn\", \"sugar\", \"oilseed\", \"dlr\", \"gnp\", \"coffee\", \"veg-oil\", \"gold\", \"nat-gas\", \"money-supply\", \"livestock\"]}}"}
{"op_code":5,"worker_id":"0c0f9c6a-7791-4e75-bd15-b6694c4e9ca4-139980931965760","trial_id":41,"param_name":"need_label_contains","param_value_internal":0.0,"distribution":"{\"name\": \"IntDistribution\", \"attributes\": {\"log\": false, \"step\": 1, \"low\": 0, \"high\": 1}}"}
{"op_code":5,"worker_id":"0c0f9c6a-7791-4e75-bd15-b6694c4e9ca4-139980931965760","trial_id":41,"param_name":"need_label_eq","param_value_internal":1.0,"distribution":"{\"name\": \"IntDistribution\", \"attributes\": {\"log\": false, \"step\": 1, \"low\": 0, \"high\": 1}}"}
{"op_code":5,"worker_id":"0c0f9c6a-7791-4e75-bd15-b6694c4e9ca4-139980931965760","trial_id":41,"param_name":"label_eq_tau","param_value_internal":4,"distribution":"{\"name\": \"CategoricalDistribution\", \"attributes\": {\"choices\": [\"earn\", \"acq\", \"money-fx\", \"grain\", \"crude\", \"trade\", \"interest\", \"ship\", \"wheat\", \"corn\", \"sugar\", \"oilseed\", \"dlr\", \"gnp\", \"coffee\", \"veg-oil\", \"gold\", \"nat-gas\", \"money-supply\", \"livestock\"]}}"}
{"op_code":5,"worker_id":"0c0f9c6a-7791-4e75-bd15-b6694c4e9ca4-139980931965760","trial_id":41,"param_name":"need_label_minus","param_value_internal":1.0,"distribution":"{\"name\": \"IntDistribution\", \"attributes\": {\"log\": false, \"step\": 1, \"low\": 0, \"high\": 1}}"}
{"op_code":5,"worker_id":"0c0f9c6a-7791-4e75-bd15-b6694c4e9ca4-139980931965760","trial_id":41,"param_name":"label_minus_tau","param_value_internal":19,"distribution":"{\"name\": \"CategoricalDistribution\", \"attributes\": {\"choices\": [\"earn\", \"acq\", \"money-fx\", \"grain\", \"crude\", \"trade\", \"interest\", \"ship\", \"wheat\", \"corn\", \"sugar\", \"oilseed\", \"dlr\", \"gnp\", \"coffee\", \"veg-oil\", \"gold\", \"nat-gas\", \"money-supply\", \"livestock\"]}}"}
{"op_code":5,"worker_id":"0c0f9c6a-7791-4e75-bd15-b6694c4e9ca4-139980931965760","trial_id":41,"param_name":"consequence_label","param_value_internal":2,"distribution":"{\"name\": \"CategoricalDistribution\", \"attributes\": {\"choices\": [\"earn\", \"acq\", \"money-fx\", \"grain\", \"crude\", \"trade\", \"interest\", \"ship\", \"wheat\", \"corn\", \"sugar\", \"oilseed\", \"dlr\", \"gnp\", \"coffee\", \"veg-oil\", \"gold\", \"nat-gas\", \"money-supply\", \"livestock\"]}}"}
{"op_code":6,"worker_id":"0c0f9c6a-7791-4e75-bd15-b6694c4e9ca4-139980931965760","trial_id":41,"state":1,"values":[-1.0],"datetime_complete":"2026-03-21T20:17:52.450514"}
{"op_code":4,"worker_id":"0c0f9c6a-7791-4e75-bd15-b6694c4e9ca4-139980931965760","study_id":0,"datetime_start":"2026-03-21T20:17:52.451267"}
{"op_code":5,"worker_id":"0c0f9c6a-7791-4e75-bd15-b6694c4e9ca4-139980931965760","trial_id":42,"param_name":"body_size","param_value_internal":2.0,"distribution":"{\"name\": \"IntDistribution\", \"attributes\": {\"log\": false, \"step\": 1, \"low\": 1, \"high\": 4}}"}
{"op_code":5,"worker_id":"0c0f9c6a-7791-4e75-bd15-b6694c4e9ca4-139980931965760","trial_id":42,"param_name":"body_pred_idx_0","param_value_internal":88.0,"distribution":"{\"name\": \"IntDistribution\", \"attributes\": {\"log\": false, \"step\": 1, \"low\": 0, \"high\": 99}}"}
{"op_code":5,"worker_id":"0c0f9c6a-7791-4e75-bd15-b6694c4e9ca4-139980931965760","trial_id":42,"param_name":"body_pred_idx_1","param_value_internal":61.0,"distribution":"{\"name\": \"IntDistribution\", \"attributes\": {\"log\": false, \"step\": 1, \"low\": 0, \"high\": 99}}"}
{"op_code":5,"worker_id":"0c0f9c6a-7791-4e75-bd15-b6694c4e9ca4-139980931965760","trial_id":42,"param_name":"need_ml_0","param_value_internal":0.0,"distribution":"{\"name\": \"IntDistribution\", \"attributes\": {\"log\": false, \"step\": 1, \"low\": 0, \"high\": 1}}"}
{"op_code":5,"worker_id":"0c0f9c6a-7791-4e75-bd15-b6694c4e9ca4-139980931965760","trial_id":42,"param_name":"need_ml_1","param_value_internal":0.0,"distribution":"{\"name\": \"IntDistribution\", \"attributes\": {\"log\": false, \"step\": 1, \"low\": 0, \"high\": 1}}"}
{"op_code":5,"worker_id":"0c0f9c6a-7791-4e75-bd15-b6694c4e9ca4-139980931965760","trial_id":42,"param_name":"need_ml_2","param_value_internal":1.0,"distribution":"{\"name\": \"IntDistribution\", \"attributes\": {\"log\": false, \"step\": 1, \"low\": 0, \"high\": 1}}"}
{"op_code":5,"worker_id":"0c0f9c6a-7791-4e75-bd15-b6694c4e9ca4-139980931965760","trial_id":42,"param_name":"ml_tau_2","param_value_internal":17,"distribution":"{\"name\": \"CategoricalDistribution\", \"attributes\": {\"choices\": [\"earn\", \"acq\", \"money-fx\", \"grain\", \"crude\", \"trade\", \"interest\", \"ship\", \"wheat\", \"corn\", \"sugar\", \"oilseed\", \"dlr\", \"gnp\", \"coffee\", \"veg-oil\", \"gold\", \"nat-gas\", \"money-supply\", \"livestock\"]}}"}
{"op_code":5,"worker_id":"0c0f9c6a-7791-4e75-bd15-b6694c4e9ca4-139980931965760","trial_id":42,"param_name":"need_label_contains","param_value_internal":0.0,"distribution":"{\"name\": \"IntDistribution\", \"attributes\": {\"log\": false, \"step\": 1, \"low\": 0, \"high\": 1}}"}
{"op_code":5,"worker_id":"0c0f9c6a-7791-4e75-bd15-b6694c4e9ca4-139980931965760","trial_id":42,"param_name":"need_label_eq","param_value_internal":1.0,"distribution":"{\"name\": \"IntDistribution\", \"attributes\": {\"log\": false, \"step\": 1, \"low\": 0, \"high\": 1}}"}
{"op_code":5,"worker_id":"0c0f9c6a-7791-4e75-bd15-b6694c4e9ca4-139980931965760","trial_id":42,"param_name":"label_eq_tau","param_value_internal":12,"distribution":"{\"name\": \"CategoricalDistribution\", \"attributes\": {\"choices\": [\"earn\", \"acq\", \"money-fx\", \"grain\", \"crude\", \"trade\", \"interest\", \"ship\", \"wheat\", \"corn\", \"sugar\", \"oilseed\", \"dlr\", \"gnp\", \"coffee\", \"veg-oil\", \"gold\", \"nat-gas\", \"money-supply\", \"livestock\"]}}"}
{"op_code":5,"worker_id":"0c0f9c6a-7791-4e75-bd15-b6694c4e9ca4-139980931965760","trial_id":42,"param_name":"need_label_minus","param_value_internal":1.0,"distribution":"{\"name\": \"IntDistribution\", \"attributes\": {\"log\": false, \"step\": 1, \"low\": 0, \"high\": 1}}"}
{"op_code":5,"worker_id":"0c0f9c6a-7791-4e75-bd15-b6694c4e9ca4-139980931965760","trial_id":42,"param_name":"label_minus_tau","param_value_internal":7,"distribution":"{\"name\": \"CategoricalDistribution\", \"attributes\": {\"choices\": [\"earn\", \"acq\", \"money-fx\", \"grain\", \"crude\", \"trade\", \"interest\", \"ship\", \"wheat\", \"corn\", \"sugar\", \"oilseed\", \"dlr\", \"gnp\", \"coffee\", \"veg-oil\", \"gold\", \"nat-gas\", \"money-supply\", \"livestock\"]}}"}
{"op_code":5,"worker_id":"0c0f9c6a-7791-4e75-bd15-b6694c4e9ca4-139980931965760","trial_id":42,"param_name":"consequence_label","param_value_internal":2,"distribution":"{\"name\": \"CategoricalDistribution\", \"attributes\": {\"choices\": [\"earn\", \"acq\", \"money-fx\", \"grain\", \"crude\", \"trade\", \"interest\", \"ship\", \"wheat\", \"corn\", \"sugar\", \"oilseed\", \"dlr\", \"gnp\", \"coffee\", \"veg-oil\", \"gold\", \"nat-gas\", \"money-supply\", \"livestock\"]}}"}
{"op_code":6,"worker_id":"0c0f9c6a-7791-4e75-bd15-b6694c4e9ca4-139980931965760","trial_id":42,"state":1,"values":[-1.0],"datetime_complete":"2026-03-21T20:17:52.496139"}
{"op_code":4,"worker_id":"0c0f9c6a-7791-4e75-bd15-b6694c4e9ca4-139980931965760","study_id":0,"datetime_start":"2026-03-21T20:17:52.496767"}
{"op_code":5,"worker_id":"0c0f9c6a-7791-4e75-bd15-b6694c4e9ca4-139980931965760","trial_id":43,"param_name":"body_size","param_value_internal":2.0,"distribution":"{\"name\": \"IntDistribution\", \"attributes\": {\"log\": false, \"step\": 1, \"low\": 1, \"high\": 4}}"}
{"op_code":5,"worker_id":"0c0f9c6a-7791-4e75-bd15-b6694c4e9ca4-139980931965760","trial_id":43,"param_name":"body_pred_idx_0","param_value_internal":75.0,"distribution":"{\"name\": \"IntDistribution\", \"attributes\": {\"log\": false, \"step\": 1, \"low\": 0, \"high\": 99}}"}
{"op_code":5,"worker_id":"0c0f9c6a-7791-4e75-bd15-b6694c4e9ca4-139980931965760","trial_id":43,"param_name":"body_pred_idx_1","param_value_internal":73.0,"distribution":"{\"name\": \"IntDistribution\", \"attributes\": {\"log\": false, \"step\": 1, \"low\": 0, \"high\": 99}}"}
{"op_code":5,"worker_id":"0c0f9c6a-7791-4e75-bd15-b6694c4e9ca4-139980931965760","trial_id":43,"param_name":"need_ml_0","param_value_internal":0.0,"distribution":"{\"name\": \"IntDistribution\", \"attributes\": {\"log\": false, \"step\": 1, \"low\": 0, \"high\": 1}}"}
{"op_code":5,"worker_id":"0c0f9c6a-7791-4e75-bd15-b6694c4e9ca4-139980931965760","trial_id":43,"param_name":"need_ml_1","param_value_internal":0.0,"distribution":"{\"name\": \"IntDistribution\", \"attributes\": {\"log\": false, \"step\": 1, \"low\": 0, \"high\": 1}}"}
{"op_code":5,"worker_id":"0c0f9c6a-7791-4e75-bd15-b6694c4e9ca4-139980931965760","trial_id":43,"param_name":"need_ml_2","param_value_internal":1.0,"distribution":"{\"name\": \"IntDistribution\", \"attributes\": {\"log\": false, \"step\": 1, \"low\": 0, \"high\": 1}}"}
{"op_code":5,"worker_id":"0c0f9c6a-7791-4e75-bd15-b6694c4e9ca4-139980931965760","trial_id":43,"param_name":"ml_tau_2","param_value_internal":4,"distribution":"{\"name\": \"CategoricalDistribution\", \"attributes\": {\"choices\": [\"earn\", \"acq\", \"money-fx\", \"grain\", \"crude\", \"trade\", \"interest\", \"ship\", \"wheat\", \"corn\", \"sugar\", \"oilseed\", \"dlr\", \"gnp\", \"coffee\", \"veg-oil\", \"gold\", \"nat-gas\", \"money-supply\", \"livestock\"]}}"}
{"op_code":5,"worker_id":"0c0f9c6a-7791-4e75-bd15-b6694c4e9ca4-139980931965760","trial_id":43,"param_name":"need_label_contains","param_value_internal":0.0,"distribution":"{\"name\": \"IntDistribution\", \"attributes\": {\"log\": false, \"step\": 1, \"low\": 0, \"high\": 1}}"}
{"op_code":5,"worker_id":"0c0f9c6a-7791-4e75-bd15-b6694c4e9ca4-139980931965760","trial_id":43,"param_name":"need_label_eq","param_value_internal":1.0,"distribution":"{\"name\": \"IntDistribution\", \"attributes\": {\"log\": false, \"step\": 1, \"low\": 0, \"high\": 1}}"}
{"op_code":5,"worker_id":"0c0f9c6a-7791-4e75-bd15-b6694c4e9ca4-139980931965760","trial_id":43,"param_name":"label_eq_tau","param_value_internal":4,"distribution":"{\"name\": \"CategoricalDistribution\", \"attributes\": {\"choices\": [\"earn\", \"acq\", \"money-fx\", \"grain\", \"crude\", \"trade\", \"interest\", \"ship\", \"wheat\", \"corn\", \"sugar\", \"oilseed\", \"dlr\", \"gnp\", \"coffee\", \"veg-oil\", \"gold\", \"nat-gas\", \"money-supply\", \"livestock\"]}}"}
{"op_code":5,"worker_id":"0c0f9c6a-7791-4e75-bd15-b6694c4e9ca4-139980931965760","trial_id":43,"param_name":"need_label_minus","param_value_internal":1.0,"distribution":"{\"name\": \"IntDistribution\", \"attributes\": {\"log\": false, \"step\": 1, \"low\": 0, \"high\": 1}}"}
{"op_code":5,"worker_id":"0c0f9c6a-7791-4e75-bd15-b6694c4e9ca4-139980931965760","trial_id":43,"param_name":"label_minus_tau","param_value_internal":15,"distribution":"{\"name\": \"CategoricalDistribution\", \"attributes\": {\"choices\": [\"earn\", \"acq\", \"money-fx\", \"grain\", \"crude\", \"trade\", \"interest\", \"ship\", \"wheat\", \"corn\", \"sugar\", \"oilseed\", \"dlr\", \"gnp\", \"coffee\", \"veg-oil\", \"gold\", \"nat-gas\", \"money-supply\", \"livestock\"]}}"}
{"op_code":5,"worker_id":"0c0f9c6a-7791-4e75-bd15-b6694c4e9ca4-139980931965760","trial_id":43,"param_name":"consequence_label","param_value_internal":8,"distribution":"{\"name\": \"CategoricalDistribution\", \"attributes\": {\"choices\": [\"earn\", \"acq\", \"money-fx\", \"grain\", \"crude\", \"trade\", \"interest\", \"ship\", \"wheat\", \"corn\", \"sugar\", \"oilseed\", \"dlr\", \"gnp\", \"coffee\", \"veg-oil\", \"gold\", \"nat-gas\", \"money-supply\", \"livestock\"]}}"}
{"op_code":6,"worker_id":"0c0f9c6a-7791-4e75-bd15-b6694c4e9ca4-139980931965760","trial_id":43,"state":1,"values":[-1.0],"datetime_complete":"2026-03-21T20:17:52.554710"}
{"op_code":4,"worker_id":"0c0f9c6a-7791-4e75-bd15-b6694c4e9ca4-139980931965760","study_id":0,"datetime_start":"2026-03-21T20:17:52.555619"}
{"op_code":5,"worker_id":"0c0f9c6a-7791-4e75-bd15-b6694c4e9ca4-139980931965760","trial_id":44,"param_name":"body_size","param_value_internal":1.0,"distribution":"{\"name\": \"IntDistribution\", \"attributes\": {\"log\": false, \"step\": 1, \"low\": 1, \"high\": 4}}"}
{"op_code":5,"worker_id":"0c0f9c6a-7791-4e75-bd15-b6694c4e9ca4-139980931965760","trial_id":44,"param_name":"body_pred_idx_0","param_value_internal":72.0,"distribution":"{\"name\": \"IntDistribution\", \"attributes\": {\"log\": false, \"step\": 1, \"low\": 0, \"high\": 99}}"}
{"op_code":5,"worker_id":"0c0f9c6a-7791-4e75-bd15-b6694c4e9ca4-139980931965760","trial_id":44,"param_name":"need_ml_0","param_value_internal":0.0,"distribution":"{\"name\": \"IntDistribution\", \"attributes\": {\"log\": false, \"step\": 1, \"low\": 0, \"high\": 1}}"}
{"op_code":5,"worker_id":"0c0f9c6a-7791-4e75-bd15-b6694c4e9ca4-139980931965760","trial_id":44,"param_name":"need_ml_1","param_value_internal":0.0,"distribution":"{\"name\": \"IntDistribution\", \"attributes\": {\"log\": false, \"step\": 1, \"low\": 0, \"high\": 1}}"}
{"op_code":5,"worker_id":"0c0f9c6a-7791-4e75-bd15-b6694c4e9ca4-139980931965760","trial_id":44,"param_name":"need_ml_2","param_value_internal":1.0,"distribution":"{\"name\": \"IntDistribution\", \"attributes\": {\"log\": false, \"step\": 1, \"low\": 0, \"high\": 1}}"}
{"op_code":5,"worker_id":"0c0f9c6a-7791-4e75-bd15-b6694c4e9ca4-139980931965760","trial_id":44,"param_name":"ml_tau_2","param_value_internal":3,"distribution":"{\"name\": \"CategoricalDistribution\", \"attributes\": {\"choices\": [\"earn\", \"acq\", \"money-fx\", \"grain\", \"crude\", \"trade\", \"interest\", \"ship\", \"wheat\", \"corn\", \"sugar\", \"oilseed\", \"dlr\", \"gnp\", \"coffee\", \"veg-oil\", \"gold\", \"nat-gas\", \"money-supply\", \"livestock\"]}}"}
{"op_code":5,"worker_id":"0c0f9c6a-7791-4e75-bd15-b6694c4e9ca4-139980931965760","trial_id":44,"param_name":"need_label_contains","param_value_internal":0.0,"distribution":"{\"name\": \"IntDistribution\", \"attributes\": {\"log\": false, \"step\": 1, \"low\": 0, \"high\": 1}}"}
{"op_code":5,"worker_id":"0c0f9c6a-7791-4e75-bd15-b6694c4e9ca4-139980931965760","trial_id":44,"param_name":"need_label_eq","param_value_internal":1.0,"distribution":"{\"name\": \"IntDistribution\", \"attributes\": {\"log\": false, \"step\": 1, \"low\": 0, \"high\": 1}}"}
{"op_code":5,"worker_id":"0c0f9c6a-7791-4e75-bd15-b6694c4e9ca4-139980931965760","trial_id":44,"param_name":"label_eq_tau","param_value_internal":2,"distribution":"{\"name\": \"CategoricalDistribution\", \"attributes\": {\"choices\": [\"earn\", \"acq\", \"money-fx\", \"grain\", \"crude\", \"trade\", \"interest\", \"ship\", \"wheat\", \"corn\", \"sugar\", \"oilseed\", \"dlr\", \"gnp\", \"coffee\", \"veg-oil\", \"gold\", \"nat-gas\", \"money-supply\", \"livestock\"]}}"}
{"op_code":5,"worker_id":"0c0f9c6a-7791-4e75-bd15-b6694c4e9ca4-139980931965760","trial_id":44,"param_name":"need_label_minus","param_value_internal":1.0,"distribution":"{\"name\": \"IntDistribution\", \"attributes\": {\"log\": false, \"step\": 1, \"low\": 0, \"high\": 1}}"}
{"op_code":5,"worker_id":"0c0f9c6a-7791-4e75-bd15-b6694c4e9ca4-139980931965760","trial_id":44,"param_name":"label_minus_tau","param_value_internal":13,"distribution":"{\"name\": \"CategoricalDistribution\", \"attributes\": {\"choices\": [\"earn\", \"acq\", \"money-fx\", \"grain\", \"crude\", \"trade\", \"interest\", \"ship\", \"wheat\", \"corn\", \"sugar\", \"oilseed\", \"dlr\", \"gnp\", \"coffee\", \"veg-oil\", \"gold\", \"nat-gas\", \"money-supply\", \"livestock\"]}}"}
{"op_code":5,"worker_id":"0c0f9c6a-7791-4e75-bd15-b6694c4e9ca4-139980931965760","trial_id":44,"param_name":"consequence_label","param_value_internal":10,"distribution":"{\"name\": \"CategoricalDistribution\", \"attributes\": {\"choices\": [\"earn\", \"acq\", \"money-fx\", \"grain\", \"crude\", \"trade\", \"interest\", \"ship\", \"wheat\", \"corn\", \"sugar\", \"oilseed\", \"dlr\", \"gnp\", \"coffee\", \"veg-oil\", \"gold\", \"nat-gas\", \"money-supply\", \"livestock\"]}}"}
{"op_code":6,"worker_id":"0c0f9c6a-7791-4e75-bd15-b6694c4e9ca4-139980931965760","trial_id":44,"state":1,"values":[-1.0],"datetime_complete":"2026-03-21T20:17:52.629553"}
{"op_code":4,"worker_id":"0c0f9c6a-7791-4e75-bd15-b6694c4e9ca4-139980931965760","study_id":0,"datetime_start":"2026-03-21T20:17:52.630710"}
{"op_code":5,"worker_id":"0c0f9c6a-7791-4e75-bd15-b6694c4e9ca4-139980931965760","trial_id":45,"param_name":"body_size","param_value_internal":3.0,"distribution":"{\"name\": \"IntDistribution\", \"attributes\": {\"log\": false, \"step\": 1, \"low\": 1, \"high\": 4}}"}
{"op_code":5,"worker_id":"0c0f9c6a-7791-4e75-bd15-b6694c4e9ca4-139980931965760","trial_id":45,"param_name":"body_pred_idx_0","param_value_internal":37.0,"distribution":"{\"name\": \"IntDistribution\", \"attributes\": {\"log\": false, \"step\": 1, \"low\": 0, \"high\": 99}}"}
{"op_code":5,"worker_id":"0c0f9c6a-7791-4e75-bd15-b6694c4e9ca4-139980931965760","trial_id":45,"param_name":"body_pred_idx_1","param_value_internal":82.0,"distribution":"{\"name\": \"IntDistribution\", \"attributes\": {\"log\": false, \"step\": 1, \"low\": 0, \"high\": 99}}"}
{"op_code":5,"worker_id":"0c0f9c6a-7791-4e75-bd15-b6694c4e9ca4-139980931965760","trial_id":45,"param_name":"body_pred_idx_2","param_value_internal":81.0,"distribution":"{\"name\": \"IntDistribution\", \"attributes\": {\"log\": false, \"step\": 1, \"low\": 0, \"high\": 99}}"}
{"op_code":5,"worker_id":"0c0f9c6a-7791-4e75-bd15-b6694c4e9ca4-139980931965760","trial_id":45,"param_name":"need_ml_0","param_value_internal":0.0,"distribution":"{\"name\": \"IntDistribution\", \"attributes\": {\"log\": false, \"step\": 1, \"low\": 0, \"high\": 1}}"}
{"op_code":5,"worker_id":"0c0f9c6a-7791-4e75-bd15-b6694c4e9ca4-139980931965760","trial_id":45,"param_name":"need_ml_1","param_value_internal":0.0,"distribution":"{\"name\": \"IntDistribution\", \"attributes\": {\"log\": false, \"step\": 1, \"low\": 0, \"high\": 1}}"}
{"op_code":5,"worker_id":"0c0f9c6a-7791-4e75-bd15-b6694c4e9ca4-139980931965760","trial_id":45,"param_name":"need_ml_2","param_value_internal":1.0,"distribution":"{\"name\": \"IntDistribution\", \"attributes\": {\"log\": false, \"step\": 1, \"low\": 0, \"high\": 1}}"}
{"op_code":5,"worker_id":"0c0f9c6a-7791-4e75-bd15-b6694c4e9ca4-139980931965760","trial_id":45,"param_name":"ml_tau_2","param_value_internal":8,"distribution":"{\"name\": \"CategoricalDistribution\", \"attributes\": {\"choices\": [\"earn\", \"acq\", \"money-fx\", \"grain\", \"crude\", \"trade\", \"interest\", \"ship\", \"wheat\", \"corn\", \"sugar\", \"oilseed\", \"dlr\", \"gnp\", \"coffee\", \"veg-oil\", \"gold\", \"nat-gas\", \"money-supply\", \"livestock\"]}}"}
{"op_code":5,"worker_id":"0c0f9c6a-7791-4e75-bd15-b6694c4e9ca4-139980931965760","trial_id":45,"param_name":"need_label_contains","param_value_internal":1.0,"distribution":"{\"name\": \"IntDistribution\", \"attributes\": {\"log\": false, \"step\": 1, \"low\": 0, \"high\": 1}}"}
{"op_code":5,"worker_id":"0c0f9c6a-7791-4e75-bd15-b6694c4e9ca4-139980931965760","trial_id":45,"param_name":"label_contains_tau","param_value_internal":14,"distribution":"{\"name\": \"CategoricalDistribution\", \"attributes\": {\"choices\": [\"earn\", \"acq\", \"money-fx\", \"grain\", \"crude\", \"trade\", \"interest\", \"ship\", \"wheat\", \"corn\", \"sugar\", \"oilseed\", \"dlr\", \"gnp\", \"coffee\", \"veg-oil\", \"gold\", \"nat-gas\", \"money-supply\", \"livestock\"]}}"}
{"op_code":5,"worker_id":"0c0f9c6a-7791-4e75-bd15-b6694c4e9ca4-139980931965760","trial_id":45,"param_name":"need_label_eq","param_value_internal":0.0,"distribution":"{\"name\": \"IntDistribution\", \"attributes\": {\"log\": false, \"step\": 1, \"low\": 0, \"high\": 1}}"}
{"op_code":5,"worker_id":"0c0f9c6a-7791-4e75-bd15-b6694c4e9ca4-139980931965760","trial_id":45,"param_name":"need_label_minus","param_value_internal":1.0,"distribution":"{\"name\": \"IntDistribution\", \"attributes\": {\"log\": false, \"step\": 1, \"low\": 0, \"high\": 1}}"}
{"op_code":5,"worker_id":"0c0f9c6a-7791-4e75-bd15-b6694c4e9ca4-139980931965760","trial_id":45,"param_name":"label_minus_tau","param_value_internal":16,"distribution":"{\"name\": \"CategoricalDistribution\", \"attributes\": {\"choices\": [\"earn\", \"acq\", \"money-fx\", \"grain\", \"crude\", \"trade\", \"interest\", \"ship\", \"wheat\", \"corn\", \"sugar\", \"oilseed\", \"dlr\", \"gnp\", \"coffee\", \"veg-oil\", \"gold\", \"nat-gas\", \"money-supply\", \"livestock\"]}}"}
{"op_code":5,"worker_id":"0c0f9c6a-7791-4e75-bd15-b6694c4e9ca4-139980931965760","trial_id":45,"param_name":"consequence_label","param_value_internal":0,"distribution":"{\"name\": \"CategoricalDistribution\", \"attributes\": {\"choices\": [\"earn\", \"acq\", \"money-fx\", \"grain\", \"crude\", \"trade\", \"interest\", \"ship\", \"wheat\", \"corn\", \"sugar\", \"oilseed\", \"dlr\", \"gnp\", \"coffee\", \"veg-oil\", \"gold\", \"nat-gas\", \"money-supply\", \"livestock\"]}}"}
{"op_code":6,"worker_id":"0c0f9c6a-7791-4e75-bd15-b6694c4e9ca4-139980931965760","trial_id":45,"state":1,"values":[-1.0],"datetime_complete":"2026-03-21T20:17:52.697573"}
{"op_code":4,"worker_id":"0c0f9c6a-7791-4e75-bd15-b6694c4e9ca4-139980931965760","study_id":0,"datetime_start":"2026-03-21T20:17:52.698446"}
{"op_code":5,"worker_id":"0c0f9c6a-7791-4e75-bd15-b6694c4e9ca4-139980931965760","trial_id":46,"param_name":"body_size","param_value_internal":2.0,"distribution":"{\"name\": \"IntDistribution\", \"attributes\": {\"log\": false, \"step\": 1, \"low\": 1, \"high\": 4}}"}
{"op_code":5,"worker_id":"0c0f9c6a-7791-4e75-bd15-b6694c4e9ca4-139980931965760","trial_id":46,"param_name":"body_pred_idx_0","param_value_internal":14.0,"distribution":"{\"name\": \"IntDistribution\", \"attributes\": {\"log\": false, \"step\": 1, \"low\": 0, \"high\": 99}}"}
{"op_code":5,"worker_id":"0c0f9c6a-7791-4e75-bd15-b6694c4e9ca4-139980931965760","trial_id":46,"param_name":"body_pred_idx_1","param_value_internal":94.0,"distribution":"{\"name\": \"IntDistribution\", \"attributes\": {\"log\": false, \"step\": 1, \"low\": 0, \"high\": 99}}"}
{"op_code":5,"worker_id":"0c0f9c6a-7791-4e75-bd15-b6694c4e9ca4-139980931965760","trial_id":46,"param_name":"need_ml_0","param_value_internal":0.0,"distribution":"{\"name\": \"IntDistribution\", \"attributes\": {\"log\": false, \"step\": 1, \"low\": 0, \"high\": 1}}"}
{"op_code":5,"worker_id":"0c0f9c6a-7791-4e75-bd15-b6694c4e9ca4-139980931965760","trial_id":46,"param_name":"need_ml_1","param_value_internal":0.0,"distribution":"{\"name\": \"IntDistribution\", \"attributes\": {\"log\": false, \"step\": 1, \"low\": 0, \"high\": 1}}"}
{"op_code":5,"worker_id":"0c0f9c6a-7791-4e75-bd15-b6694c4e9ca4-139980931965760","trial_id":46,"param_name":"need_ml_2","param_value_internal":1.0,"distribution":"{\"name\": \"IntDistribution\", \"attributes\": {\"log\": false, \"step\": 1, \"low\": 0, \"high\": 1}}"}
{"op_code":5,"worker_id":"0c0f9c6a-7791-4e75-bd15-b6694c4e9ca4-139980931965760","trial_id":46,"param_name":"ml_tau_2","param_value_internal":5,"distribution":"{\"name\": \"CategoricalDistribution\", \"attributes\": {\"choices\": [\"earn\", \"acq\", \"money-fx\", \"grain\", \"crude\", \"trade\", \"interest\", \"ship\", \"wheat\", \"corn\", \"sugar\", \"oilseed\", \"dlr\", \"gnp\", \"coffee\", \"veg-oil\", \"gold\", \"nat-gas\", \"money-supply\", \"livestock\"]}}"}
{"op_code":5,"worker_id":"0c0f9c6a-7791-4e75-bd15-b6694c4e9ca4-139980931965760","trial_id":46,"param_name":"need_label_contains","param_value_internal":1.0,"distribution":"{\"name\": \"IntDistribution\", \"attributes\": {\"log\": false, \"step\": 1, \"low\": 0, \"high\": 1}}"}
{"op_code":5,"worker_id":"0c0f9c6a-7791-4e75-bd15-b6694c4e9ca4-139980931965760","trial_id":46,"param_name":"label_contains_tau","param_value_internal":15,"distribution":"{\"name\": \"CategoricalDistribution\", \"attributes\": {\"choices\": [\"earn\", \"acq\", \"money-fx\", \"grain\", \"crude\", \"trade\", \"interest\", \"ship\", \"wheat\", \"corn\", \"sugar\", \"oilseed\", \"dlr\", \"gnp\", \"coffee\", \"veg-oil\", \"gold\", \"nat-gas\", \"money-supply\", \"livestock\"]}}"}
{"op_code":5,"worker_id":"0c0f9c6a-7791-4e75-bd15-b6694c4e9ca4-139980931965760","trial_id":46,"param_name":"need_label_eq","param_value_internal":0.0,"distribution":"{\"name\": \"IntDistribution\", \"attributes\": {\"log\": false, \"step\": 1, \"low\": 0, \"high\": 1}}"}
{"op_code":5,"worker_id":"0c0f9c6a-7791-4e75-bd15-b6694c4e9ca4-139980931965760","trial_id":46,"param_name":"need_label_minus","param_value_internal":1.0,"distribution":"{\"name\": \"IntDistribution\", \"attributes\": {\"log\": false, \"step\": 1, \"low\": 0, \"high\": 1}}"}
{"op_code":5,"worker_id":"0c0f9c6a-7791-4e75-bd15-b6694c4e9ca4-139980931965760","trial_id":46,"param_name":"label_minus_tau","param_value_internal":9,"distribution":"{\"name\": \"CategoricalDistribution\", \"attributes\": {\"choices\": [\"earn\", \"acq\", \"money-fx\", \"grain\", \"crude\", \"trade\", \"interest\", \"ship\", \"wheat\", \"corn\", \"sugar\", \"oilseed\", \"dlr\", \"gnp\", \"coffee\", \"veg-oil\", \"gold\", \"nat-gas\", \"money-supply\", \"livestock\"]}}"}
{"op_code":5,"worker_id":"0c0f9c6a-7791-4e75-bd15-b6694c4e9ca4-139980931965760","trial_id":46,"param_name":"consequence_label","param_value_internal":1,"distribution":"{\"name\": \"CategoricalDistribution\", \"attributes\": {\"choices\": [\"earn\", \"acq\", \"money-fx\", \"grain\", \"crude\", \"trade\", \"interest\", \"ship\", \"wheat\", \"corn\", \"sugar\", \"oilseed\", \"dlr\", \"gnp\", \"coffee\", \"veg-oil\", \"gold\", \"nat-gas\", \"money-supply\", \"livestock\"]}}"}
{"op_code":6,"worker_id":"0c0f9c6a-7791-4e75-bd15-b6694c4e9ca4-139980931965760","trial_id":46,"state":1,"values":[-1.0],"datetime_complete":"2026-03-21T20:17:52.760538"}
{"op_code":4,"worker_id":"0c0f9c6a-7791-4e75-bd15-b6694c4e9ca4-139980931965760","study_id":0,"datetime_start":"2026-03-21T20:17:52.761235"}
{"op_code":5,"worker_id":"0c0f9c6a-7791-4e75-bd15-b6694c4e9ca4-139980931965760","trial_id":47,"param_name":"body_size","param_value_internal":3.0,"distribution":"{\"name\": \"IntDistribution\", \"attributes\": {\"log\": false, \"step\": 1, \"low\": 1, \"high\": 4}}"}
{"op_code":5,"worker_id":"0c0f9c6a-7791-4e75-bd15-b6694c4e9ca4-139980931965760","trial_id":47,"param_name":"body_pred_idx_0","param_value_internal":98.0,"distribution":"{\"name\": \"IntDistribution\", \"attributes\": {\"log\": false, \"step\": 1, \"low\": 0, \"high\": 99}}"}
{"op_code":5,"worker_id":"0c0f9c6a-7791-4e75-bd15-b6694c4e9ca4-139980931965760","trial_id":47,"param_name":"body_pred_idx_1","param_value_internal":72.0,"distribution":"{\"name\": \"IntDistribution\", \"attributes\": {\"log\": false, \"step\": 1, \"low\": 0, \"high\": 99}}"}
{"op_code":5,"worker_id":"0c0f9c6a-7791-4e75-bd15-b6694c4e9ca4-139980931965760","trial_id":47,"param_name":"body_pred_idx_2","param_value_internal":99.0,"distribution":"{\"name\": \"IntDistribution\", \"attributes\": {\"log\": false, \"step\": 1, \"low\": 0, \"high\": 99}}"}
{"op_code":5,"worker_id":"0c0f9c6a-7791-4e75-bd15-b6694c4e9ca4-139980931965760","trial_id":47,"param_name":"need_ml_0","param_value_internal":0.0,"distribution":"{\"name\": \"IntDistribution\", \"attributes\": {\"log\": false, \"step\": 1, \"low\": 0, \"high\": 1}}"}
{"op_code":5,"worker_id":"0c0f9c6a-7791-4e75-bd15-b6694c4e9ca4-139980931965760","trial_id":47,"param_name":"need_ml_1","param_value_internal":0.0,"distribution":"{\"name\": \"IntDistribution\", \"attributes\": {\"log\": false, \"step\": 1, \"low\": 0, \"high\": 1}}"}
{"op_code":5,"worker_id":"0c0f9c6a-7791-4e75-bd15-b6694c4e9ca4-139980931965760","trial_id":47,"param_name":"need_ml_2","param_value_internal":1.0,"distribution":"{\"name\": \"IntDistribution\", \"attributes\": {\"log\": false, \"step\": 1, \"low\": 0, \"high\": 1}}"}
{"op_code":5,"worker_id":"0c0f9c6a-7791-4e75-bd15-b6694c4e9ca4-139980931965760","trial_id":47,"param_name":"ml_tau_2","param_value_internal":9,"distribution":"{\"name\": \"CategoricalDistribution\", \"attributes\": {\"choices\": [\"earn\", \"acq\", \"money-fx\", \"grain\", \"crude\", \"trade\", \"interest\", \"ship\", \"wheat\", \"corn\", \"sugar\", \"oilseed\", \"dlr\", \"gnp\", \"coffee\", \"veg-oil\", \"gold\", \"nat-gas\", \"money-supply\", \"livestock\"]}}"}
{"op_code":5,"worker_id":"0c0f9c6a-7791-4e75-bd15-b6694c4e9ca4-139980931965760","trial_id":47,"param_name":"need_label_contains","param_value_internal":1.0,"distribution":"{\"name\": \"IntDistribution\", \"attributes\": {\"log\": false, \"step\": 1, \"low\": 0, \"high\": 1}}"}
{"op_code":5,"worker_id":"0c0f9c6a-7791-4e75-bd15-b6694c4e9ca4-139980931965760","trial_id":47,"param_name":"label_contains_tau","param_value_internal":4,"distribution":"{\"name\": \"CategoricalDistribution\", \"attributes\": {\"choices\": [\"earn\", \"acq\", \"money-fx\", \"grain\", \"crude\", \"trade\", \"interest\", \"ship\", \"wheat\", \"corn\", \"sugar\", \"oilseed\", \"dlr\", \"gnp\", \"coffee\", \"veg-oil\", \"gold\", \"nat-gas\", \"money-supply\", \"livestock\"]}}"}
{"op_code":5,"worker_id":"0c0f9c6a-7791-4e75-bd15-b6694c4e9ca4-139980931965760","trial_id":47,"param_name":"need_label_eq","param_value_internal":1.0,"distribution":"{\"name\": \"IntDistribution\", \"attributes\": {\"log\": false, \"step\": 1, \"low\": 0, \"high\": 1}}"}
{"op_code":5,"worker_id":"0c0f9c6a-7791-4e75-bd15-b6694c4e9ca4-139980931965760","trial_id":47,"param_name":"label_eq_tau","param_value_internal":16,"distribution":"{\"name\": \"CategoricalDistribution\", \"attributes\": {\"choices\": [\"earn\", \"acq\", \"money-fx\", \"grain\", \"crude\", \"trade\", \"interest\", \"ship\", \"wheat\", \"corn\", \"sugar\", \"oilseed\", \"dlr\", \"gnp\", \"coffee\", \"veg-oil\", \"gold\", \"nat-gas\", \"money-supply\", \"livestock\"]}}"}
{"op_code":5,"worker_id":"0c0f9c6a-7791-4e75-bd15-b6694c4e9ca4-139980931965760","trial_id":47,"param_name":"need_label_minus","param_value_internal":0.0,"distribution":"{\"name\": \"IntDistribution\", \"attributes\": {\"log\": false, \"step\": 1, \"low\": 0, \"high\": 1}}"}
{"op_code":5,"worker_id":"0c0f9c6a-7791-4e75-bd15-b6694c4e9ca4-139980931965760","trial_id":47,"param_name":"consequence_label","param_value_internal":14,"distribution":"{\"name\": \"CategoricalDistribution\", \"attributes\": {\"choices\": [\"earn\", \"acq\", \"money-fx\", \"grain\", \"crude\", \"trade\", \"interest\", \"ship\", \"wheat\", \"corn\", \"sugar\", \"oilseed\", \"dlr\", \"gnp\", \"coffee\", \"veg-oil\", \"gold\", \"nat-gas\", \"money-supply\", \"livestock\"]}}"}
{"op_code":6,"worker_id":"0c0f9c6a-7791-4e75-bd15-b6694c4e9ca4-139980931965760","trial_id":47,"state":1,"values":[-1.0],"datetime_complete":"2026-03-21T20:17:52.810398"}
{"op_code":4,"worker_id":"0c0f9c6a-7791-4e75-bd15-b6694c4e9ca4-139980931965760","study_id":0,"datetime_start":"2026-03-21T20:17:52.811028"}
{"op_code":5,"worker_id":"0c0f9c6a-7791-4e75-bd15-b6694c4e9ca4-139980931965760","trial_id":48,"param_name":"body_size","param_value_internal":1.0,"distribution":"{\"name\": \"IntDistribution\", \"attributes\": {\"log\": false, \"step\": 1, \"low\": 1, \"high\": 4}}"}
{"op_code":5,"worker_id":"0c0f9c6a-7791-4e75-bd15-b6694c4e9ca4-139980931965760","trial_id":48,"param_name":"body_pred_idx_0","param_value_internal":22.0,"distribution":"{\"name\": \"IntDistribution\", \"attributes\": {\"log\": false, \"step\": 1, \"low\": 0, \"high\": 99}}"}
{"op_code":5,"worker_id":"0c0f9c6a-7791-4e75-bd15-b6694c4e9ca4-139980931965760","trial_id":48,"param_name":"need_ml_0","param_value_internal":1.0,"distribution":"{\"name\": \"IntDistribution\", \"attributes\": {\"log\": false, \"step\": 1, \"low\": 0, \"high\": 1}}"}
{"op_code":5,"worker_id":"0c0f9c6a-7791-4e75-bd15-b6694c4e9ca4-139980931965760","trial_id":48,"param_name":"ml_tau_0","param_value_internal":1,"distribution":"{\"name\": \"CategoricalDistribution\", \"attributes\": {\"choices\": [\"earn\", \"acq\", \"money-fx\", \"grain\", \"crude\", \"trade\", \"interest\", \"ship\", \"wheat\", \"corn\", \"sugar\", \"oilseed\", \"dlr\", \"gnp\", \"coffee\", \"veg-oil\", \"gold\", \"nat-gas\", \"money-supply\", \"livestock\"]}}"}
{"op_code":5,"worker_id":"0c0f9c6a-7791-4e75-bd15-b6694c4e9ca4-139980931965760","trial_id":48,"param_name":"need_ml_1","param_value_internal":1.0,"distribution":"{\"name\": \"IntDistribution\", \"attributes\": {\"log\": false, \"step\": 1, \"low\": 0, \"high\": 1}}"}
{"op_code":5,"worker_id":"0c0f9c6a-7791-4e75-bd15-b6694c4e9ca4-139980931965760","trial_id":48,"param_name":"ml_tau_1","param_value_internal":15,"distribution":"{\"name\": \"CategoricalDistribution\", \"attributes\": {\"choices\": [\"earn\", \"acq\", \"money-fx\", \"grain\", \"crude\", \"trade\", \"interest\", \"ship\", \"wheat\", \"corn\", \"sugar\", \"oilseed\", \"dlr\", \"gnp\", \"coffee\", \"veg-oil\", \"gold\", \"nat-gas\", \"money-supply\", \"livestock\"]}}"}
{"op_code":5,"worker_id":"0c0f9c6a-7791-4e75-bd15-b6694c4e9ca4-139980931965760","trial_id":48,"param_name":"need_ml_2","param_value_internal":0.0,"distribution":"{\"name\": \"IntDistribution\", \"attributes\": {\"log\": false, \"step\": 1, \"low\": 0, \"high\": 1}}"}
{"op_code":5,"worker_id":"0c0f9c6a-7791-4e75-bd15-b6694c4e9ca4-139980931965760","trial_id":48,"param_name":"need_label_contains","param_value_internal":1.0,"distribution":"{\"name\": \"IntDistribution\", \"attributes\": {\"log\": false, \"step\": 1, \"low\": 0, \"high\": 1}}"}
{"op_code":5,"worker_id":"0c0f9c6a-7791-4e75-bd15-b6694c4e9ca4-139980931965760","trial_id":48,"param_name":"label_contains_tau","param_value_internal":0,"distribution":"{\"name\": \"CategoricalDistribution\", \"attributes\": {\"choices\": [\"earn\", \"acq\", \"money-fx\", \"grain\", \"crude\", \"trade\", \"interest\", \"ship\", \"wheat\", \"corn\", \"sugar\", \"oilseed\", \"dlr\", \"gnp\", \"coffee\", \"veg-oil\", \"gold\", \"nat-gas\", \"money-supply\", \"livestock\"]}}"}
{"op_code":5,"worker_id":"0c0f9c6a-7791-4e75-bd15-b6694c4e9ca4-139980931965760","trial_id":48,"param_name":"need_label_eq","param_value_internal":0.0,"distribution":"{\"name\": \"IntDistribution\", \"attributes\": {\"log\": false, \"step\": 1, \"low\": 0, \"high\": 1}}"}
{"op_code":5,"worker_id":"0c0f9c6a-7791-4e75-bd15-b6694c4e9ca4-139980931965760","trial_id":48,"param_name":"need_label_minus","param_value_internal":1.0,"distribution":"{\"name\": \"IntDistribution\", \"attributes\": {\"log\": false, \"step\": 1, \"low\": 0, \"high\": 1}}"}
{"op_code":5,"worker_id":"0c0f9c6a-7791-4e75-bd15-b6694c4e9ca4-139980931965760","trial_id":48,"param_name":"label_minus_tau","param_value_internal":6,"distribution":"{\"name\": \"CategoricalDistribution\", \"attributes\": {\"choices\": [\"earn\", \"acq\", \"money-fx\", \"grain\", \"crude\", \"trade\", \"interest\", \"ship\", \"wheat\", \"corn\", \"sugar\", \"oilseed\", \"dlr\", \"gnp\", \"coffee\", \"veg-oil\", \"gold\", \"nat-gas\", \"money-supply\", \"livestock\"]}}"}
{"op_code":5,"worker_id":"0c0f9c6a-7791-4e75-bd15-b6694c4e9ca4-139980931965760","trial_id":48,"param_name":"consequence_label","param_value_internal":19,"distribution":"{\"name\": \"CategoricalDistribution\", \"attributes\": {\"choices\": [\"earn\", \"acq\", \"money-fx\", \"grain\", \"crude\", \"trade\", \"interest\", \"ship\", \"wheat\", \"corn\", \"sugar\", \"oilseed\", \"dlr\", \"gnp\", \"coffee\", \"veg-oil\", \"gold\", \"nat-gas\", \"money-supply\", \"livestock\"]}}"}
{"op_code":6,"worker_id":"0c0f9c6a-7791-4e75-bd15-b6694c4e9ca4-139980931965760","trial_id":48,"state":1,"values":[-1.0],"datetime_complete":"2026-03-21T20:17:52.860134"}
{"op_code":4,"worker_id":"0c0f9c6a-7791-4e75-bd15-b6694c4e9ca4-139980931965760","study_id":0,"datetime_start":"2026-03-21T20:17:52.861146"}
{"op_code":5,"worker_id":"0c0f9c6a-7791-4e75-bd15-b6694c4e9ca4-139980931965760","trial_id":49,"param_name":"body_size","param_value_internal":2.0,"distribution":"{\"name\": \"IntDistribution\", \"attributes\": {\"log\": false, \"step\": 1, \"low\": 1, \"high\": 4}}"}
{"op_code":5,"worker_id":"0c0f9c6a-7791-4e75-bd15-b6694c4e9ca4-139980931965760","trial_id":49,"param_name":"body_pred_idx_0","param_value_internal":32.0,"distribution":"{\"name\": \"IntDistribution\", \"attributes\": {\"log\": false, \"step\": 1, \"low\": 0, \"high\": 99}}"}
{"op_code":5,"worker_id":"0c0f9c6a-7791-4e75-bd15-b6694c4e9ca4-139980931965760","trial_id":49,"param_name":"body_pred_idx_1","param_value_internal":44.0,"distribution":"{\"name\": \"IntDistribution\", \"attributes\": {\"log\": false, \"step\": 1, \"low\": 0, \"high\": 99}}"}
{"op_code":5,"worker_id":"0c0f9c6a-7791-4e75-bd15-b6694c4e9ca4-139980931965760","trial_id":49,"param_name":"need_ml_0","param_value_internal":0.0,"distribution":"{\"name\": \"IntDistribution\", \"attributes\": {\"log\": false, \"step\": 1, \"low\": 0, \"high\": 1}}"}
{"op_code":5,"worker_id":"0c0f9c6a-7791-4e75-bd15-b6694c4e9ca4-139980931965760","trial_id":49,"param_name":"need_ml_1","param_value_internal":0.0,"distribution":"{\"name\": \"IntDistribution\", \"attributes\": {\"log\": false, \"step\": 1, \"low\": 0, \"high\": 1}}"}
{"op_code":5,"worker_id":"0c0f9c6a-7791-4e75-bd15-b6694c4e9ca4-139980931965760","trial_id":49,"param_name":"need_ml_2","param_value_internal":1.0,"distribution":"{\"name\": \"IntDistribution\", \"attributes\": {\"log\": false, \"step\": 1, \"low\": 0, \"high\": 1}}"}
{"op_code":5,"worker_id":"0c0f9c6a-7791-4e75-bd15-b6694c4e9ca4-139980931965760","trial_id":49,"param_name":"ml_tau_2","param_value_internal":12,"distribution":"{\"name\": \"CategoricalDistribution\", \"attributes\": {\"choices\": [\"earn\", \"acq\", \"money-fx\", \"grain\", \"crude\", \"trade\", \"interest\", \"ship\", \"wheat\", \"corn\", \"sugar\", \"oilseed\", \"dlr\", \"gnp\", \"coffee\", \"veg-oil\", \"gold\", \"nat-gas\", \"money-supply\", \"livestock\"]}}"}
{"op_code":5,"worker_id":"0c0f9c6a-7791-4e75-bd15-b6694c4e9ca4-139980931965760","trial_id":49,"param_name":"need_label_contains","param_value_internal":0.0,"distribution":"{\"name\": \"IntDistribution\", \"attributes\": {\"log\": false, \"step\": 1, \"low\": 0, \"high\": 1}}"}
{"op_code":5,"worker_id":"0c0f9c6a-7791-4e75-bd15-b6694c4e9ca4-139980931965760","trial_id":49,"param_name":"need_label_eq","param_value_internal":0.0,"distribution":"{\"name\": \"IntDistribution\", \"attributes\": {\"log\": false, \"step\": 1, \"low\": 0, \"high\": 1}}"}
{"op_code":5,"worker_id":"0c0f9c6a-7791-4e75-bd15-b6694c4e9ca4-139980931965760","trial_id":49,"param_name":"need_label_minus","param_value_internal":0.0,"distribution":"{\"name\": \"IntDistribution\", \"attributes\": {\"log\": false, \"step\": 1, \"low\": 0, \"high\": 1}}"}
{"op_code":5,"worker_id":"0c0f9c6a-7791-4e75-bd15-b6694c4e9ca4-139980931965760","trial_id":49,"param_name":"consequence_label","param_value_internal":9,"distribution":"{\"name\": \"CategoricalDistribution\", \"attributes\": {\"choices\": [\"earn\", \"acq\", \"money-fx\", \"grain\", \"crude\", \"trade\", \"interest\", \"ship\", \"wheat\", \"corn\", \"sugar\", \"oilseed\", \"dlr\", \"gnp\", \"coffee\", \"veg-oil\", \"gold\", \"nat-gas\", \"money-supply\", \"livestock\"]}}"}
{"op_code":6,"worker_id":"0c0f9c6a-7791-4e75-bd15-b6694c4e9ca4-139980931965760","trial_id":49,"state":1,"values":[-1.0],"datetime_complete":"2026-03-21T20:17:53.058925"}
{"op_code":4,"worker_id":"0c0f9c6a-7791-4e75-bd15-b6694c4e9ca4-139980931965760","study_id":0,"datetime_start":"2026-03-21T20:17:53.059920"}
{"op_code":5,"worker_id":"0c0f9c6a-7791-4e75-bd15-b6694c4e9ca4-139980931965760","trial_id":50,"param_name":"body_size","param_value_internal":2.0,"distribution":"{\"name\": \"IntDistribution\", \"attributes\": {\"log\": false, \"step\": 1, \"low\": 1, \"high\": 4}}"}
{"op_code":5,"worker_id":"0c0f9c6a-7791-4e75-bd15-b6694c4e9ca4-139980931965760","trial_id":50,"param_name":"body_pred_idx_0","param_value_internal":53.0,"distribution":"{\"name\": \"IntDistribution\", \"attributes\": {\"log\": false, \"step\": 1, \"low\": 0, \"high\": 99}}"}
{"op_code":5,"worker_id":"0c0f9c6a-7791-4e75-bd15-b6694c4e9ca4-139980931965760","trial_id":50,"param_name":"body_pred_idx_1","param_value_internal":57.0,"distribution":"{\"name\": \"IntDistribution\", \"attributes\": {\"log\": false, \"step\": 1, \"low\": 0, \"high\": 99}}"}
{"op_code":5,"worker_id":"0c0f9c6a-7791-4e75-bd15-b6694c4e9ca4-139980931965760","trial_id":50,"param_name":"need_ml_0","param_value_internal":1.0,"distribution":"{\"name\": \"IntDistribution\", \"attributes\": {\"log\": false, \"step\": 1, \"low\": 0, \"high\": 1}}"}
{"op_code":5,"worker_id":"0c0f9c6a-7791-4e75-bd15-b6694c4e9ca4-139980931965760","trial_id":50,"param_name":"ml_tau_0","param_value_internal":16,"distribution":"{\"name\": \"CategoricalDistribution\", \"attributes\": {\"choices\": [\"earn\", \"acq\", \"money-fx\", \"grain\", \"crude\", \"trade\", \"interest\", \"ship\", \"wheat\", \"corn\", \"sugar\", \"oilseed\", \"dlr\", \"gnp\", \"coffee\", \"veg-oil\", \"gold\", \"nat-gas\", \"money-supply\", \"livestock\"]}}"}
{"op_code":5,"worker_id":"0c0f9c6a-7791-4e75-bd15-b6694c4e9ca4-139980931965760","trial_id":50,"param_name":"need_ml_1","param_value_internal":0.0,"distribution":"{\"name\": \"IntDistribution\", \"attributes\": {\"log\": false, \"step\": 1, \"low\": 0, \"high\": 1}}"}
{"op_code":5,"worker_id":"0c0f9c6a-7791-4e75-bd15-b6694c4e9ca4-139980931965760","trial_id":50,"param_name":"need_ml_2","param_value_internal":0.0,"distribution":"{\"name\": \"IntDistribution\", \"attributes\": {\"log\": false, \"step\": 1, \"low\": 0, \"high\": 1}}"}
{"op_code":5,"worker_id":"0c0f9c6a-7791-4e75-bd15-b6694c4e9ca4-139980931965760","trial_id":50,"param_name":"need_label_contains","param_value_internal":1.0,"distribution":"{\"name\": \"IntDistribution\", \"attributes\": {\"log\": false, \"step\": 1, \"low\": 0, \"high\": 1}}"}
{"op_code":5,"worker_id":"0c0f9c6a-7791-4e75-bd15-b6694c4e9ca4-139980931965760","trial_id":50,"param_name":"label_contains_tau","param_value_internal":5,"distribution":"{\"name\": \"CategoricalDistribution\", \"attributes\": {\"choices\": [\"earn\", \"acq\", \"money-fx\", \"grain\", \"crude\", \"trade\", \"interest\", \"ship\", \"wheat\", \"corn\", \"sugar\", \"oilseed\", \"dlr\", \"gnp\", \"coffee\", \"veg-oil\", \"gold\", \"nat-gas\", \"money-supply\", \"livestock\"]}}"}
{"op_code":5,"worker_id":"0c0f9c6a-7791-4e75-bd15-b6694c4e9ca4-139980931965760","trial_id":50,"param_name":"need_label_eq","param_value_internal":1.0,"distribution":"{\"name\": \"IntDistribution\", \"attributes\": {\"log\": false, \"step\": 1, \"low\": 0, \"high\": 1}}"}
{"op_code":5,"worker_id":"0c0f9c6a-7791-4e75-bd15-b6694c4e9ca4-139980931965760","trial_id":50,"param_name":"label_eq_tau","param_value_internal":6,"distribution":"{\"name\": \"CategoricalDistribution\", \"attributes\": {\"choices\": [\"earn\", \"acq\", \"money-fx\", \"grain\", \"crude\", \"trade\", \"interest\", \"ship\", \"wheat\", \"corn\", \"sugar\", \"oilseed\", \"dlr\", \"gnp\", \"coffee\", \"veg-oil\", \"gold\", \"nat-gas\", \"money-supply\", \"livestock\"]}}"}
{"op_code":5,"worker_id":"0c0f9c6a-7791-4e75-bd15-b6694c4e9ca4-139980931965760","trial_id":50,"param_name":"need_label_minus","param_value_internal":1.0,"distribution":"{\"name\": \"IntDistribution\", \"attributes\": {\"log\": false, \"step\": 1, \"low\": 0, \"high\": 1}}"}
{"op_code":5,"worker_id":"0c0f9c6a-7791-4e75-bd15-b6694c4e9ca4-139980931965760","trial_id":50,"param_name":"label_minus_tau","param_value_internal":16,"distribution":"{\"name\": \"CategoricalDistribution\", \"attributes\": {\"choices\": [\"earn\", \"acq\", \"money-fx\", \"grain\", \"crude\", \"trade\", \"interest\", \"ship\", \"wheat\", \"corn\", \"sugar\", \"oilseed\", \"dlr\", \"gnp\", \"coffee\", \"veg-oil\", \"gold\", \"nat-gas\", \"money-supply\", \"livestock\"]}}"}
{"op_code":5,"worker_id":"0c0f9c6a-7791-4e75-bd15-b6694c4e9ca4-139980931965760","trial_id":50,"param_name":"consequence_label","param_value_internal":12,"distribution":"{\"name\": \"CategoricalDistribution\", \"attributes\": {\"choices\": [\"earn\", \"acq\", \"money-fx\", \"grain\", \"crude\", \"trade\", \"interest\", \"ship\", \"wheat\", \"corn\", \"sugar\", \"oilseed\", \"dlr\", \"gnp\", \"coffee\", \"veg-oil\", \"gold\", \"nat-gas\", \"money-supply\", \"livestock\"]}}"}
{"op_code":6,"worker_id":"0c0f9c6a-7791-4e75-bd15-b6694c4e9ca4-139980931965760","trial_id":50,"state":1,"values":[-1.0],"datetime_complete":"2026-03-21T20:17:53.192613"}
{"op_code":4,"worker_id":"0c0f9c6a-7791-4e75-bd15-b6694c4e9ca4-139980931965760","study_id":0,"datetime_start":"2026-03-21T20:17:53.193579"}
{"op_code":5,"worker_id":"0c0f9c6a-7791-4e75-bd15-b6694c4e9ca4-139980931965760","trial_id":51,"param_name":"body_size","param_value_internal":4.0,"distribution":"{\"name\": \"IntDistribution\", \"attributes\": {\"log\": false, \"step\": 1, \"low\": 1, \"high\": 4}}"}
{"op_code":5,"worker_id":"0c0f9c6a-7791-4e75-bd15-b6694c4e9ca4-139980931965760","trial_id":51,"param_name":"body_pred_idx_0","param_value_internal":18.0,"distribution":"{\"name\": \"IntDistribution\", \"attributes\": {\"log\": false, \"step\": 1, \"low\": 0, \"high\": 99}}"}
{"op_code":5,"worker_id":"0c0f9c6a-7791-4e75-bd15-b6694c4e9ca4-139980931965760","trial_id":51,"param_name":"body_pred_idx_1","param_value_internal":81.0,"distribution":"{\"name\": \"IntDistribution\", \"attributes\": {\"log\": false, \"step\": 1, \"low\": 0, \"high\": 99}}"}
{"op_code":5,"worker_id":"0c0f9c6a-7791-4e75-bd15-b6694c4e9ca4-139980931965760","trial_id":51,"param_name":"body_pred_idx_2","param_value_internal":37.0,"distribution":"{\"name\": \"IntDistribution\", \"attributes\": {\"log\": false, \"step\": 1, \"low\": 0, \"high\": 99}}"}
{"op_code":5,"worker_id":"0c0f9c6a-7791-4e75-bd15-b6694c4e9ca4-139980931965760","trial_id":51,"param_name":"body_pred_idx_3","param_value_internal":16.0,"distribution":"{\"name\": \"IntDistribution\", \"attributes\": {\"log\": false, \"step\": 1, \"low\": 0, \"high\": 99}}"}
{"op_code":5,"worker_id":"0c0f9c6a-7791-4e75-bd15-b6694c4e9ca4-139980931965760","trial_id":51,"param_name":"need_ml_0","param_value_internal":1.0,"distribution":"{\"name\": \"IntDistribution\", \"attributes\": {\"log\": false, \"step\": 1, \"low\": 0, \"high\": 1}}"}
{"op_code":5,"worker_id":"0c0f9c6a-7791-4e75-bd15-b6694c4e9ca4-139980931965760","trial_id":51,"param_name":"ml_tau_0","param_value_internal":4,"distribution":"{\"name\": \"CategoricalDistribution\", \"attributes\": {\"choices\": [\"earn\", \"acq\", \"money-fx\", \"grain\", \"crude\", \"trade\", \"interest\", \"ship\", \"wheat\", \"corn\", \"sugar\", \"oilseed\", \"dlr\", \"gnp\", \"coffee\", \"veg-oil\", \"gold\", \"nat-gas\", \"money-supply\", \"livestock\"]}}"}
{"op_code":5,"worker_id":"0c0f9c6a-7791-4e75-bd15-b6694c4e9ca4-139980931965760","trial_id":51,"param_name":"need_ml_1","param_value_internal":1.0,"distribution":"{\"name\": \"IntDistribution\", \"attributes\": {\"log\": false, \"step\": 1, \"low\": 0, \"high\": 1}}"}
{"op_code":5,"worker_id":"0c0f9c6a-7791-4e75-bd15-b6694c4e9ca4-139980931965760","trial_id":51,"param_name":"ml_tau_1","param_value_internal":8,"distribution":"{\"name\": \"CategoricalDistribution\", \"attributes\": {\"choices\": [\"earn\", \"acq\", \"money-fx\", \"grain\", \"crude\", \"trade\", \"interest\", \"ship\", \"wheat\", \"corn\", \"sugar\", \"oilseed\", \"dlr\", \"gnp\", \"coffee\", \"veg-oil\", \"gold\", \"nat-gas\", \"money-supply\", \"livestock\"]}}"}
{"op_code":5,"worker_id":"0c0f9c6a-7791-4e75-bd15-b6694c4e9ca4-139980931965760","trial_id":51,"param_name":"need_ml_2","param_value_internal":0.0,"distribution":"{\"name\": \"IntDistribution\", \"attributes\": {\"log\": false, \"step\": 1, \"low\": 0, \"high\": 1}}"}
{"op_code":5,"worker_id":"0c0f9c6a-7791-4e75-bd15-b6694c4e9ca4-139980931965760","trial_id":51,"param_name":"need_label_contains","param_value_internal":1.0,"distribution":"{\"name\": \"IntDistribution\", \"attributes\": {\"log\": false, \"step\": 1, \"low\": 0, \"high\": 1}}"}
{"op_code":5,"worker_id":"0c0f9c6a-7791-4e75-bd15-b6694c4e9ca4-139980931965760","trial_id":51,"param_name":"label_contains_tau","param_value_internal":14,"distribution":"{\"name\": \"CategoricalDistribution\", \"attributes\": {\"choices\": [\"earn\", \"acq\", \"money-fx\", \"grain\", \"crude\", \"trade\", \"interest\", \"ship\", \"wheat\", \"corn\", \"sugar\", \"oilseed\", \"dlr\", \"gnp\", \"coffee\", \"veg-oil\", \"gold\", \"nat-gas\", \"money-supply\", \"livestock\"]}}"}
{"op_code":5,"worker_id":"0c0f9c6a-7791-4e75-bd15-b6694c4e9ca4-139980931965760","trial_id":51,"param_name":"need_label_eq","param_value_internal":0.0,"distribution":"{\"name\": \"IntDistribution\", \"attributes\": {\"log\": false, \"step\": 1, \"low\": 0, \"high\": 1}}"}
{"op_code":5,"worker_id":"0c0f9c6a-7791-4e75-bd15-b6694c4e9ca4-139980931965760","trial_id":51,"param_name":"need_label_minus","param_value_internal":1.0,"distribution":"{\"name\": \"IntDistribution\", \"attributes\": {\"log\": false, \"step\": 1, \"low\": 0, \"high\": 1}}"}
{"op_code":5,"worker_id":"0c0f9c6a-7791-4e75-bd15-b6694c4e9ca4-139980931965760","trial_id":51,"param_name":"label_minus_tau","param_value_internal":16,"distribution":"{\"name\": \"CategoricalDistribution\", \"attributes\": {\"choices\": [\"earn\", \"acq\", \"money-fx\", \"grain\", \"crude\", \"trade\", \"interest\", \"ship\", \"wheat\", \"corn\", \"sugar\", \"oilseed\", \"dlr\", \"gnp\", \"coffee\", \"veg-oil\", \"gold\", \"nat-gas\", \"money-supply\", \"livestock\"]}}"}
{"op_code":5,"worker_id":"0c0f9c6a-7791-4e75-bd15-b6694c4e9ca4-139980931965760","trial_id":51,"param_name":"consequence_label","param_value_internal":4,"distribution":"{\"name\": \"CategoricalDistribution\", \"attributes\": {\"choices\": [\"earn\", \"acq\", \"money-fx\", \"grain\", \"crude\", \"trade\", \"interest\", \"ship\", \"wheat\", \"corn\", \"sugar\", \"oilseed\", \"dlr\", \"gnp\", \"coffee\", \"veg-oil\", \"gold\", \"nat-gas\", \"money-supply\", \"livestock\"]}}"}
{"op_code":6,"worker_id":"0c0f9c6a-7791-4e75-bd15-b6694c4e9ca4-139980931965760","trial_id":51,"state":1,"values":[-1.0],"datetime_complete":"2026-03-21T20:17:53.305294"}
{"op_code":4,"worker_id":"0c0f9c6a-7791-4e75-bd15-b6694c4e9ca4-139980931965760","study_id":0,"datetime_start":"2026-03-21T20:17:53.306198"}
{"op_code":5,"worker_id":"0c0f9c6a-7791-4e75-bd15-b6694c4e9ca4-139980931965760","trial_id":52,"param_name":"body_size","param_value_internal":4.0,"distribution":"{\"name\": \"IntDistribution\", \"attributes\": {\"log\": false, \"step\": 1, \"low\": 1, \"high\": 4}}"}
{"op_code":5,"worker_id":"0c0f9c6a-7791-4e75-bd15-b6694c4e9ca4-139980931965760","trial_id":52,"param_name":"body_pred_idx_0","param_value_internal":5.0,"distribution":"{\"name\": \"IntDistribution\", \"attributes\": {\"log\": false, \"step\": 1, \"low\": 0, \"high\": 99}}"}
{"op_code":5,"worker_id":"0c0f9c6a-7791-4e75-bd15-b6694c4e9ca4-139980931965760","trial_id":52,"param_name":"body_pred_idx_1","param_value_internal":75.0,"distribution":"{\"name\": \"IntDistribution\", \"attributes\": {\"log\": false, \"step\": 1, \"low\": 0, \"high\": 99}}"}
{"op_code":5,"worker_id":"0c0f9c6a-7791-4e75-bd15-b6694c4e9ca4-139980931965760","trial_id":52,"param_name":"body_pred_idx_2","param_value_internal":42.0,"distribution":"{\"name\": \"IntDistribution\", \"attributes\": {\"log\": false, \"step\": 1, \"low\": 0, \"high\": 99}}"}
{"op_code":5,"worker_id":"0c0f9c6a-7791-4e75-bd15-b6694c4e9ca4-139980931965760","trial_id":52,"param_name":"body_pred_idx_3","param_value_internal":27.0,"distribution":"{\"name\": \"IntDistribution\", \"attributes\": {\"log\": false, \"step\": 1, \"low\": 0, \"high\": 99}}"}
{"op_code":5,"worker_id":"0c0f9c6a-7791-4e75-bd15-b6694c4e9ca4-139980931965760","trial_id":52,"param_name":"need_ml_0","param_value_internal":1.0,"distribution":"{\"name\": \"IntDistribution\", \"attributes\": {\"log\": false, \"step\": 1, \"low\": 0, \"high\": 1}}"}
{"op_code":5,"worker_id":"0c0f9c6a-7791-4e75-bd15-b6694c4e9ca4-139980931965760","trial_id":52,"param_name":"ml_tau_0","param_value_internal":14,"distribution":"{\"name\": \"CategoricalDistribution\", \"attributes\": {\"choices\": [\"earn\", \"acq\", \"money-fx\", \"grain\", \"crude\", \"trade\", \"interest\", \"ship\", \"wheat\", \"corn\", \"sugar\", \"oilseed\", \"dlr\", \"gnp\", \"coffee\", \"veg-oil\", \"gold\", \"nat-gas\", \"money-supply\", \"livestock\"]}}"}
{"op_code":5,"worker_id":"0c0f9c6a-7791-4e75-bd15-b6694c4e9ca4-139980931965760","trial_id":52,"param_name":"need_ml_1","param_value_internal":1.0,"distribution":"{\"name\": \"IntDistribution\", \"attributes\": {\"log\": false, \"step\": 1, \"low\": 0, \"high\": 1}}"}
{"op_code":5,"worker_id":"0c0f9c6a-7791-4e75-bd15-b6694c4e9ca4-139980931965760","trial_id":52,"param_name":"ml_tau_1","param_value_internal":5,"distribution":"{\"name\": \"CategoricalDistribution\", \"attributes\": {\"choices\": [\"earn\", \"acq\", \"money-fx\", \"grain\", \"crude\", \"trade\", \"interest\", \"ship\", \"wheat\", \"corn\", \"sugar\", \"oilseed\", \"dlr\", \"gnp\", \"coffee\", \"veg-oil\", \"gold\", \"nat-gas\", \"money-supply\", \"livestock\"]}}"}
{"op_code":5,"worker_id":"0c0f9c6a-7791-4e75-bd15-b6694c4e9ca4-139980931965760","trial_id":52,"param_name":"need_ml_2","param_value_internal":0.0,"distribution":"{\"name\": \"IntDistribution\", \"attributes\": {\"log\": false, \"step\": 1, \"low\": 0, \"high\": 1}}"}
{"op_code":5,"worker_id":"0c0f9c6a-7791-4e75-bd15-b6694c4e9ca4-139980931965760","trial_id":52,"param_name":"need_label_contains","param_value_internal":1.0,"distribution":"{\"name\": \"IntDistribution\", \"attributes\": {\"log\": false, \"step\": 1, \"low\": 0, \"high\": 1}}"}
{"op_code":5,"worker_id":"0c0f9c6a-7791-4e75-bd15-b6694c4e9ca4-139980931965760","trial_id":52,"param_name":"label_contains_tau","param_value_internal":14,"distribution":"{\"name\": \"CategoricalDistribution\", \"attributes\": {\"choices\": [\"earn\", \"acq\", \"money-fx\", \"grain\", \"crude\", \"trade\", \"interest\", \"ship\", \"wheat\", \"corn\", \"sugar\", \"oilseed\", \"dlr\", \"gnp\", \"coffee\", \"veg-oil\", \"gold\", \"nat-gas\", \"money-supply\", \"livestock\"]}}"}
{"op_code":5,"worker_id":"0c0f9c6a-7791-4e75-bd15-b6694c4e9ca4-139980931965760","trial_id":52,"param_name":"need_label_eq","param_value_internal":0.0,"distribution":"{\"name\": \"IntDistribution\", \"attributes\": {\"log\": false, \"step\": 1, \"low\": 0, \"high\": 1}}"}
{"op_code":5,"worker_id":"0c0f9c6a-7791-4e75-bd15-b6694c4e9ca4-139980931965760","trial_id":52,"param_name":"need_label_minus","param_value_internal":1.0,"distribution":"{\"name\": \"IntDistribution\", \"attributes\": {\"log\": false, \"step\": 1, \"low\": 0, \"high\": 1}}"}
{"op_code":5,"worker_id":"0c0f9c6a-7791-4e75-bd15-b6694c4e9ca4-139980931965760","trial_id":52,"param_name":"label_minus_tau","param_value_internal":5,"distribution":"{\"name\": \"CategoricalDistribution\", \"attributes\": {\"choices\": [\"earn\", \"acq\", \"money-fx\", \"grain\", \"crude\", \"trade\", \"interest\", \"ship\", \"wheat\", \"corn\", \"sugar\", \"oilseed\", \"dlr\", \"gnp\", \"coffee\", \"veg-oil\", \"gold\", \"nat-gas\", \"money-supply\", \"livestock\"]}}"}
{"op_code":5,"worker_id":"0c0f9c6a-7791-4e75-bd15-b6694c4e9ca4-139980931965760","trial_id":52,"param_name":"consequence_label","param_value_internal":4,"distribution":"{\"name\": \"CategoricalDistribution\", \"attributes\": {\"choices\": [\"earn\", \"acq\", \"money-fx\", \"grain\", \"crude\", \"trade\", \"interest\", \"ship\", \"wheat\", \"corn\", \"sugar\", \"oilseed\", \"dlr\", \"gnp\", \"coffee\", \"veg-oil\", \"gold\", \"nat-gas\", \"money-supply\", \"livestock\"]}}"}
{"op_code":6,"worker_id":"0c0f9c6a-7791-4e75-bd15-b6694c4e9ca4-139980931965760","trial_id":52,"state":1,"values":[-1.0],"datetime_complete":"2026-03-21T20:17:53.360809"}
{"op_code":4,"worker_id":"0c0f9c6a-7791-4e75-bd15-b6694c4e9ca4-139980931965760","study_id":0,"datetime_start":"2026-03-21T20:17:53.361576"}
{"op_code":5,"worker_id":"0c0f9c6a-7791-4e75-bd15-b6694c4e9ca4-139980931965760","trial_id":53,"param_name":"body_size","param_value_internal":4.0,"distribution":"{\"name\": \"IntDistribution\", \"attributes\": {\"log\": false, \"step\": 1, \"low\": 1, \"high\": 4}}"}
{"op_code":5,"worker_id":"0c0f9c6a-7791-4e75-bd15-b6694c4e9ca4-139980931965760","trial_id":53,"param_name":"body_pred_idx_0","param_value_internal":11.0,"distribution":"{\"name\": \"IntDistribution\", \"attributes\": {\"log\": false, \"step\": 1, \"low\": 0, \"high\": 99}}"}
{"op_code":5,"worker_id":"0c0f9c6a-7791-4e75-bd15-b6694c4e9ca4-139980931965760","trial_id":53,"param_name":"body_pred_idx_1","param_value_internal":64.0,"distribution":"{\"name\": \"IntDistribution\", \"attributes\": {\"log\": false, \"step\": 1, \"low\": 0, \"high\": 99}}"}
{"op_code":5,"worker_id":"0c0f9c6a-7791-4e75-bd15-b6694c4e9ca4-139980931965760","trial_id":53,"param_name":"body_pred_idx_2","param_value_internal":23.0,"distribution":"{\"name\": \"IntDistribution\", \"attributes\": {\"log\": false, \"step\": 1, \"low\": 0, \"high\": 99}}"}
{"op_code":5,"worker_id":"0c0f9c6a-7791-4e75-bd15-b6694c4e9ca4-139980931965760","trial_id":53,"param_name":"body_pred_idx_3","param_value_internal":29.0,"distribution":"{\"name\": \"IntDistribution\", \"attributes\": {\"log\": false, \"step\": 1, \"low\": 0, \"high\": 99}}"}
{"op_code":5,"worker_id":"0c0f9c6a-7791-4e75-bd15-b6694c4e9ca4-139980931965760","trial_id":53,"param_name":"eta_11","param_value_internal":12.0,"distribution":"{\"name\": \"IntDistribution\", \"attributes\": {\"log\": false, \"step\": 1, \"low\": 1, \"high\": 20}}"}
{"op_code":5,"worker_id":"0c0f9c6a-7791-4e75-bd15-b6694c4e9ca4-139980931965760","trial_id":53,"param_name":"op_11","param_value_internal":3,"distribution":"{\"name\": \"CategoricalDistribution\", \"attributes\": {\"choices\": [\">=\", \"<=\", \"==\", \">\", \"<\"]}}"}
{"op_code":5,"worker_id":"0c0f9c6a-7791-4e75-bd15-b6694c4e9ca4-139980931965760","trial_id":53,"param_name":"need_ml_0","param_value_internal":1.0,"distribution":"{\"name\": \"IntDistribution\", \"attributes\": {\"log\": false, \"step\": 1, \"low\": 0, \"high\": 1}}"}
{"op_code":5,"worker_id":"0c0f9c6a-7791-4e75-bd15-b6694c4e9ca4-139980931965760","trial_id":53,"param_name":"ml_tau_0","param_value_internal":0,"distribution":"{\"name\": \"CategoricalDistribution\", \"attributes\": {\"choices\": [\"earn\", \"acq\", \"money-fx\", \"grain\", \"crude\", \"trade\", \"interest\", \"ship\", \"wheat\", \"corn\", \"sugar\", \"oilseed\", \"dlr\", \"gnp\", \"coffee\", \"veg-oil\", \"gold\", \"nat-gas\", \"money-supply\", \"livestock\"]}}"}
{"op_code":5,"worker_id":"0c0f9c6a-7791-4e75-bd15-b6694c4e9ca4-139980931965760","trial_id":53,"param_name":"need_ml_1","param_value_internal":1.0,"distribution":"{\"name\": \"IntDistribution\", \"attributes\": {\"log\": false, \"step\": 1, \"low\": 0, \"high\": 1}}"}
{"op_code":5,"worker_id":"0c0f9c6a-7791-4e75-bd15-b6694c4e9ca4-139980931965760","trial_id":53,"param_name":"ml_tau_1","param_value_internal":5,"distribution":"{\"name\": \"CategoricalDistribution\", \"attributes\": {\"choices\": [\"earn\", \"acq\", \"money-fx\", \"grain\", \"crude\", \"trade\", \"interest\", \"ship\", \"wheat\", \"corn\", \"sugar\", \"oilseed\", \"dlr\", \"gnp\", \"coffee\", \"veg-oil\", \"gold\", \"nat-gas\", \"money-supply\", \"livestock\"]}}"}
{"op_code":5,"worker_id":"0c0f9c6a-7791-4e75-bd15-b6694c4e9ca4-139980931965760","trial_id":53,"param_name":"need_ml_2","param_value_internal":0.0,"distribution":"{\"name\": \"IntDistribution\", \"attributes\": {\"log\": false, \"step\": 1, \"low\": 0, \"high\": 1}}"}
{"op_code":5,"worker_id":"0c0f9c6a-7791-4e75-bd15-b6694c4e9ca4-139980931965760","trial_id":53,"param_name":"need_label_contains","param_value_internal":1.0,"distribution":"{\"name\": \"IntDistribution\", \"attributes\": {\"log\": false, \"step\": 1, \"low\": 0, \"high\": 1}}"}
{"op_code":5,"worker_id":"0c0f9c6a-7791-4e75-bd15-b6694c4e9ca4-139980931965760","trial_id":53,"param_name":"label_contains_tau","param_value_internal":19,"distribution":"{\"name\": \"CategoricalDistribution\", \"attributes\": {\"choices\": [\"earn\", \"acq\", \"money-fx\", \"grain\", \"crude\", \"trade\", \"interest\", \"ship\", \"wheat\", \"corn\", \"sugar\", \"oilseed\", \"dlr\", \"gnp\", \"coffee\", \"veg-oil\", \"gold\", \"nat-gas\", \"money-supply\", \"livestock\"]}}"}
{"op_code":5,"worker_id":"0c0f9c6a-7791-4e75-bd15-b6694c4e9ca4-139980931965760","trial_id":53,"param_name":"need_label_eq","param_value_internal":0.0,"distribution":"{\"name\": \"IntDistribution\", \"attributes\": {\"log\": false, \"step\": 1, \"low\": 0, \"high\": 1}}"}
{"op_code":5,"worker_id":"0c0f9c6a-7791-4e75-bd15-b6694c4e9ca4-139980931965760","trial_id":53,"param_name":"need_label_minus","param_value_internal":1.0,"distribution":"{\"name\": \"IntDistribution\", \"attributes\": {\"log\": false, \"step\": 1, \"low\": 0, \"high\": 1}}"}
{"op_code":5,"worker_id":"0c0f9c6a-7791-4e75-bd15-b6694c4e9ca4-139980931965760","trial_id":53,"param_name":"label_minus_tau","param_value_internal":16,"distribution":"{\"name\": \"CategoricalDistribution\", \"attributes\": {\"choices\": [\"earn\", \"acq\", \"money-fx\", \"grain\", \"crude\", \"trade\", \"interest\", \"ship\", \"wheat\", \"corn\", \"sugar\", \"oilseed\", \"dlr\", \"gnp\", \"coffee\", \"veg-oil\", \"gold\", \"nat-gas\", \"money-supply\", \"livestock\"]}}"}
{"op_code":5,"worker_id":"0c0f9c6a-7791-4e75-bd15-b6694c4e9ca4-139980931965760","trial_id":53,"param_name":"consequence_label","param_value_internal":17,"distribution":"{\"name\": \"CategoricalDistribution\", \"attributes\": {\"choices\": [\"earn\", \"acq\", \"money-fx\", \"grain\", \"crude\", \"trade\", \"interest\", \"ship\", \"wheat\", \"corn\", \"sugar\", \"oilseed\", \"dlr\", \"gnp\", \"coffee\", \"veg-oil\", \"gold\", \"nat-gas\", \"money-supply\", \"livestock\"]}}"}
{"op_code":6,"worker_id":"0c0f9c6a-7791-4e75-bd15-b6694c4e9ca4-139980931965760","trial_id":53,"state":1,"values":[-1.0],"datetime_complete":"2026-03-21T20:17:53.408928"}
{"op_code":4,"worker_id":"0c0f9c6a-7791-4e75-bd15-b6694c4e9ca4-139980931965760","study_id":0,"datetime_start":"2026-03-21T20:17:53.409525"}
{"op_code":5,"worker_id":"0c0f9c6a-7791-4e75-bd15-b6694c4e9ca4-139980931965760","trial_id":54,"param_name":"body_size","param_value_internal":4.0,"distribution":"{\"name\": \"IntDistribution\", \"attributes\": {\"log\": false, \"step\": 1, \"low\": 1, \"high\": 4}}"}
{"op_code":5,"worker_id":"0c0f9c6a-7791-4e75-bd15-b6694c4e9ca4-139980931965760","trial_id":54,"param_name":"body_pred_idx_0","param_value_internal":82.0,"distribution":"{\"name\": \"IntDistribution\", \"attributes\": {\"log\": false, \"step\": 1, \"low\": 0, \"high\": 99}}"}
{"op_code":5,"worker_id":"0c0f9c6a-7791-4e75-bd15-b6694c4e9ca4-139980931965760","trial_id":54,"param_name":"body_pred_idx_1","param_value_internal":50.0,"distribution":"{\"name\": \"IntDistribution\", \"attributes\": {\"log\": false, \"step\": 1, \"low\": 0, \"high\": 99}}"}
{"op_code":5,"worker_id":"0c0f9c6a-7791-4e75-bd15-b6694c4e9ca4-139980931965760","trial_id":54,"param_name":"body_pred_idx_2","param_value_internal":26.0,"distribution":"{\"name\": \"IntDistribution\", \"attributes\": {\"log\": false, \"step\": 1, \"low\": 0, \"high\": 99}}"}
{"op_code":5,"worker_id":"0c0f9c6a-7791-4e75-bd15-b6694c4e9ca4-139980931965760","trial_id":54,"param_name":"body_pred_idx_3","param_value_internal":60.0,"distribution":"{\"name\": \"IntDistribution\", \"attributes\": {\"log\": false, \"step\": 1, \"low\": 0, \"high\": 99}}"}
{"op_code":5,"worker_id":"0c0f9c6a-7791-4e75-bd15-b6694c4e9ca4-139980931965760","trial_id":54,"param_name":"need_ml_0","param_value_internal":1.0,"distribution":"{\"name\": \"IntDistribution\", \"attributes\": {\"log\": false, \"step\": 1, \"low\": 0, \"high\": 1}}"}
{"op_code":5,"worker_id":"0c0f9c6a-7791-4e75-bd15-b6694c4e9ca4-139980931965760","trial_id":54,"param_name":"ml_tau_0","param_value_internal":2,"distribution":"{\"name\": \"CategoricalDistribution\", \"attributes\": {\"choices\": [\"earn\", \"acq\", \"money-fx\", \"grain\", \"crude\", \"trade\", \"interest\", \"ship\", \"wheat\", \"corn\", \"sugar\", \"oilseed\", \"dlr\", \"gnp\", \"coffee\", \"veg-oil\", \"gold\", \"nat-gas\", \"money-supply\", \"livestock\"]}}"}
{"op_code":5,"worker_id":"0c0f9c6a-7791-4e75-bd15-b6694c4e9ca4-139980931965760","trial_id":54,"param_name":"need_ml_1","param_value_internal":1.0,"distribution":"{\"name\": \"IntDistribution\", \"attributes\": {\"log\": false, \"step\": 1, \"low\": 0, \"high\": 1}}"}
{"op_code":5,"worker_id":"0c0f9c6a-7791-4e75-bd15-b6694c4e9ca4-139980931965760","trial_id":54,"param_name":"ml_tau_1","param_value_internal":14,"distribution":"{\"name\": \"CategoricalDistribution\", \"attributes\": {\"choices\": [\"earn\", \"acq\", \"money-fx\", \"grain\", \"crude\", \"trade\", \"interest\", \"ship\", \"wheat\", \"corn\", \"sugar\", \"oilseed\", \"dlr\", \"gnp\", \"coffee\", \"veg-oil\", \"gold\", \"nat-gas\", \"money-supply\", \"livestock\"]}}"}
{"op_code":5,"worker_id":"0c0f9c6a-7791-4e75-bd15-b6694c4e9ca4-139980931965760","trial_id":54,"param_name":"need_ml_2","param_value_internal":0.0,"distribution":"{\"name\": \"IntDistribution\", \"attributes\": {\"log\": false, \"step\": 1, \"low\": 0, \"high\": 1}}"}
{"op_code":5,"worker_id":"0c0f9c6a-7791-4e75-bd15-b6694c4e9ca4-139980931965760","trial_id":54,"param_name":"need_label_contains","param_value_internal":1.0,"distribution":"{\"name\": \"IntDistribution\", \"attributes\": {\"log\": false, \"step\": 1, \"low\": 0, \"high\": 1}}"}
{"op_code":5,"worker_id":"0c0f9c6a-7791-4e75-bd15-b6694c4e9ca4-139980931965760","trial_id":54,"param_name":"label_contains_tau","param_value_internal":17,"distribution":"{\"name\": \"CategoricalDistribution\", \"attributes\": {\"choices\": [\"earn\", \"acq\", \"money-fx\", \"grain\", \"crude\", \"trade\", \"interest\", \"ship\", \"wheat\", \"corn\", \"sugar\", \"oilseed\", \"dlr\", \"gnp\", \"coffee\", \"veg-oil\", \"gold\", \"nat-gas\", \"money-supply\", \"livestock\"]}}"}
{"op_code":5,"worker_id":"0c0f9c6a-7791-4e75-bd15-b6694c4e9ca4-139980931965760","trial_id":54,"param_name":"need_label_eq","param_value_internal":0.0,"distribution":"{\"name\": \"IntDistribution\", \"attributes\": {\"log\": false, \"step\": 1, \"low\": 0, \"high\": 1}}"}
{"op_code":5,"worker_id":"0c0f9c6a-7791-4e75-bd15-b6694c4e9ca4-139980931965760","trial_id":54,"param_name":"need_label_minus","param_value_internal":1.0,"distribution":"{\"name\": \"IntDistribution\", \"attributes\": {\"log\": false, \"step\": 1, \"low\": 0, \"high\": 1}}"}
{"op_code":5,"worker_id":"0c0f9c6a-7791-4e75-bd15-b6694c4e9ca4-139980931965760","trial_id":54,"param_name":"label_minus_tau","param_value_internal":2,"distribution":"{\"name\": \"CategoricalDistribution\", \"attributes\": {\"choices\": [\"earn\", \"acq\", \"money-fx\", \"grain\", \"crude\", \"trade\", \"interest\", \"ship\", \"wheat\", \"corn\", \"sugar\", \"oilseed\", \"dlr\", \"gnp\", \"coffee\", \"veg-oil\", \"gold\", \"nat-gas\", \"money-supply\", \"livestock\"]}}"}
{"op_code":5,"worker_id":"0c0f9c6a-7791-4e75-bd15-b6694c4e9ca4-139980931965760","trial_id":54,"param_name":"consequence_label","param_value_internal":1,"distribution":"{\"name\": \"CategoricalDistribution\", \"attributes\": {\"choices\": [\"earn\", \"acq\", \"money-fx\", \"grain\", \"crude\", \"trade\", \"interest\", \"ship\", \"wheat\", \"corn\", \"sugar\", \"oilseed\", \"dlr\", \"gnp\", \"coffee\", \"veg-oil\", \"gold\", \"nat-gas\", \"money-supply\", \"livestock\"]}}"}
{"op_code":6,"worker_id":"0c0f9c6a-7791-4e75-bd15-b6694c4e9ca4-139980931965760","trial_id":54,"state":1,"values":[-1.0],"datetime_complete":"2026-03-21T20:17:53.486814"}
{"op_code":4,"worker_id":"0c0f9c6a-7791-4e75-bd15-b6694c4e9ca4-139980931965760","study_id":0,"datetime_start":"2026-03-21T20:17:53.488652"}
{"op_code":5,"worker_id":"0c0f9c6a-7791-4e75-bd15-b6694c4e9ca4-139980931965760","trial_id":55,"param_name":"body_size","param_value_internal":4.0,"distribution":"{\"name\": \"IntDistribution\", \"attributes\": {\"log\": false, \"step\": 1, \"low\": 1, \"high\": 4}}"}
{"op_code":5,"worker_id":"0c0f9c6a-7791-4e75-bd15-b6694c4e9ca4-139980931965760","trial_id":55,"param_name":"body_pred_idx_0","param_value_internal":0.0,"distribution":"{\"name\": \"IntDistribution\", \"attributes\": {\"log\": false, \"step\": 1, \"low\": 0, \"high\": 99}}"}
{"op_code":5,"worker_id":"0c0f9c6a-7791-4e75-bd15-b6694c4e9ca4-139980931965760","trial_id":55,"param_name":"body_pred_idx_1","param_value_internal":80.0,"distribution":"{\"name\": \"IntDistribution\", \"attributes\": {\"log\": false, \"step\": 1, \"low\": 0, \"high\": 99}}"}
{"op_code":5,"worker_id":"0c0f9c6a-7791-4e75-bd15-b6694c4e9ca4-139980931965760","trial_id":55,"param_name":"body_pred_idx_2","param_value_internal":47.0,"distribution":"{\"name\": \"IntDistribution\", \"attributes\": {\"log\": false, \"step\": 1, \"low\": 0, \"high\": 99}}"}
{"op_code":5,"worker_id":"0c0f9c6a-7791-4e75-bd15-b6694c4e9ca4-139980931965760","trial_id":55,"param_name":"body_pred_idx_3","param_value_internal":27.0,"distribution":"{\"name\": \"IntDistribution\", \"attributes\": {\"log\": false, \"step\": 1, \"low\": 0, \"high\": 99}}"}
{"op_code":5,"worker_id":"0c0f9c6a-7791-4e75-bd15-b6694c4e9ca4-139980931965760","trial_id":55,"param_name":"need_ml_0","param_value_internal":0.0,"distribution":"{\"name\": \"IntDistribution\", \"attributes\": {\"log\": false, \"step\": 1, \"low\": 0, \"high\": 1}}"}
{"op_code":5,"worker_id":"0c0f9c6a-7791-4e75-bd15-b6694c4e9ca4-139980931965760","trial_id":55,"param_name":"need_ml_1","param_value_internal":0.0,"distribution":"{\"name\": \"IntDistribution\", \"attributes\": {\"log\": false, \"step\": 1, \"low\": 0, \"high\": 1}}"}
{"op_code":5,"worker_id":"0c0f9c6a-7791-4e75-bd15-b6694c4e9ca4-139980931965760","trial_id":55,"param_name":"need_ml_2","param_value_internal":0.0,"distribution":"{\"name\": \"IntDistribution\", \"attributes\": {\"log\": false, \"step\": 1, \"low\": 0, \"high\": 1}}"}
{"op_code":5,"worker_id":"0c0f9c6a-7791-4e75-bd15-b6694c4e9ca4-139980931965760","trial_id":55,"param_name":"need_label_contains","param_value_internal":1.0,"distribution":"{\"name\": \"IntDistribution\", \"attributes\": {\"log\": false, \"step\": 1, \"low\": 0, \"high\": 1}}"}
{"op_code":5,"worker_id":"0c0f9c6a-7791-4e75-bd15-b6694c4e9ca4-139980931965760","trial_id":55,"param_name":"label_contains_tau","param_value_internal":10,"distribution":"{\"name\": \"CategoricalDistribution\", \"attributes\": {\"choices\": [\"earn\", \"acq\", \"money-fx\", \"grain\", \"crude\", \"trade\", \"interest\", \"ship\", \"wheat\", \"corn\", \"sugar\", \"oilseed\", \"dlr\", \"gnp\", \"coffee\", \"veg-oil\", \"gold\", \"nat-gas\", \"money-supply\", \"livestock\"]}}"}
{"op_code":5,"worker_id":"0c0f9c6a-7791-4e75-bd15-b6694c4e9ca4-139980931965760","trial_id":55,"param_name":"need_label_eq","param_value_internal":0.0,"distribution":"{\"name\": \"IntDistribution\", \"attributes\": {\"log\": false, \"step\": 1, \"low\": 0, \"high\": 1}}"}
{"op_code":5,"worker_id":"0c0f9c6a-7791-4e75-bd15-b6694c4e9ca4-139980931965760","trial_id":55,"param_name":"need_label_minus","param_value_internal":1.0,"distribution":"{\"name\": \"IntDistribution\", \"attributes\": {\"log\": false, \"step\": 1, \"low\": 0, \"high\": 1}}"}
{"op_code":5,"worker_id":"0c0f9c6a-7791-4e75-bd15-b6694c4e9ca4-139980931965760","trial_id":55,"param_name":"label_minus_tau","param_value_internal":16,"distribution":"{\"name\": \"CategoricalDistribution\", \"attributes\": {\"choices\": [\"earn\", \"acq\", \"money-fx\", \"grain\", \"crude\", \"trade\", \"interest\", \"ship\", \"wheat\", \"corn\", \"sugar\", \"oilseed\", \"dlr\", \"gnp\", \"coffee\", \"veg-oil\", \"gold\", \"nat-gas\", \"money-supply\", \"livestock\"]}}"}
{"op_code":5,"worker_id":"0c0f9c6a-7791-4e75-bd15-b6694c4e9ca4-139980931965760","trial_id":55,"param_name":"consequence_label","param_value_internal":13,"distribution":"{\"name\": \"CategoricalDistribution\", \"attributes\": {\"choices\": [\"earn\", \"acq\", \"money-fx\", \"grain\", \"crude\", \"trade\", \"interest\", \"ship\", \"wheat\", \"corn\", \"sugar\", \"oilseed\", \"dlr\", \"gnp\", \"coffee\", \"veg-oil\", \"gold\", \"nat-gas\", \"money-supply\", \"livestock\"]}}"}
{"op_code":6,"worker_id":"0c0f9c6a-7791-4e75-bd15-b6694c4e9ca4-139980931965760","trial_id":55,"state":1,"values":[-1.0],"datetime_complete":"2026-03-21T20:17:53.528815"}
{"op_code":4,"worker_id":"0c0f9c6a-7791-4e75-bd15-b6694c4e9ca4-139980931965760","study_id":0,"datetime_start":"2026-03-21T20:17:53.529358"}
{"op_code":5,"worker_id":"0c0f9c6a-7791-4e75-bd15-b6694c4e9ca4-139980931965760","trial_id":56,"param_name":"body_size","param_value_internal":3.0,"distribution":"{\"name\": \"IntDistribution\", \"attributes\": {\"log\": false, \"step\": 1, \"low\": 1, \"high\": 4}}"}
{"op_code":5,"worker_id":"0c0f9c6a-7791-4e75-bd15-b6694c4e9ca4-139980931965760","trial_id":56,"param_name":"body_pred_idx_0","param_value_internal":21.0,"distribution":"{\"name\": \"IntDistribution\", \"attributes\": {\"log\": false, \"step\": 1, \"low\": 0, \"high\": 99}}"}
{"op_code":5,"worker_id":"0c0f9c6a-7791-4e75-bd15-b6694c4e9ca4-139980931965760","trial_id":56,"param_name":"body_pred_idx_1","param_value_internal":88.0,"distribution":"{\"name\": \"IntDistribution\", \"attributes\": {\"log\": false, \"step\": 1, \"low\": 0, \"high\": 99}}"}
{"op_code":5,"worker_id":"0c0f9c6a-7791-4e75-bd15-b6694c4e9ca4-139980931965760","trial_id":56,"param_name":"body_pred_idx_2","param_value_internal":62.0,"distribution":"{\"name\": \"IntDistribution\", \"attributes\": {\"log\": false, \"step\": 1, \"low\": 0, \"high\": 99}}"}
{"op_code":5,"worker_id":"0c0f9c6a-7791-4e75-bd15-b6694c4e9ca4-139980931965760","trial_id":56,"param_name":"need_ml_0","param_value_internal":1.0,"distribution":"{\"name\": \"IntDistribution\", \"attributes\": {\"log\": false, \"step\": 1, \"low\": 0, \"high\": 1}}"}
{"op_code":5,"worker_id":"0c0f9c6a-7791-4e75-bd15-b6694c4e9ca4-139980931965760","trial_id":56,"param_name":"ml_tau_0","param_value_internal":0,"distribution":"{\"name\": \"CategoricalDistribution\", \"attributes\": {\"choices\": [\"earn\", \"acq\", \"money-fx\", \"grain\", \"crude\", \"trade\", \"interest\", \"ship\", \"wheat\", \"corn\", \"sugar\", \"oilseed\", \"dlr\", \"gnp\", \"coffee\", \"veg-oil\", \"gold\", \"nat-gas\", \"money-supply\", \"livestock\"]}}"}
{"op_code":5,"worker_id":"0c0f9c6a-7791-4e75-bd15-b6694c4e9ca4-139980931965760","trial_id":56,"param_name":"need_ml_1","param_value_internal":0.0,"distribution":"{\"name\": \"IntDistribution\", \"attributes\": {\"log\": false, \"step\": 1, \"low\": 0, \"high\": 1}}"}
{"op_code":5,"worker_id":"0c0f9c6a-7791-4e75-bd15-b6694c4e9ca4-139980931965760","trial_id":56,"param_name":"need_ml_2","param_value_internal":0.0,"distribution":"{\"name\": \"IntDistribution\", \"attributes\": {\"log\": false, \"step\": 1, \"low\": 0, \"high\": 1}}"}
{"op_code":5,"worker_id":"0c0f9c6a-7791-4e75-bd15-b6694c4e9ca4-139980931965760","trial_id":56,"param_name":"need_label_contains","param_value_internal":1.0,"distribution":"{\"name\": \"IntDistribution\", \"attributes\": {\"log\": false, \"step\": 1, \"low\": 0, \"high\": 1}}"}
{"op_code":5,"worker_id":"0c0f9c6a-7791-4e75-bd15-b6694c4e9ca4-139980931965760","trial_id":56,"param_name":"label_contains_tau","param_value_internal":18,"distribution":"{\"name\": \"CategoricalDistribution\", \"attributes\": {\"choices\": [\"earn\", \"acq\", \"money-fx\", \"grain\", \"crude\", \"trade\", \"interest\", \"ship\", \"wheat\", \"corn\", \"sugar\", \"oilseed\", \"dlr\", \"gnp\", \"coffee\", \"veg-oil\", \"gold\", \"nat-gas\", \"money-supply\", \"livestock\"]}}"}
{"op_code":5,"worker_id":"0c0f9c6a-7791-4e75-bd15-b6694c4e9ca4-139980931965760","trial_id":56,"param_name":"need_label_eq","param_value_internal":0.0,"distribution":"{\"name\": \"IntDistribution\", \"attributes\": {\"log\": false, \"step\": 1, \"low\": 0, \"high\": 1}}"}
{"op_code":5,"worker_id":"0c0f9c6a-7791-4e75-bd15-b6694c4e9ca4-139980931965760","trial_id":56,"param_name":"need_label_minus","param_value_internal":1.0,"distribution":"{\"name\": \"IntDistribution\", \"attributes\": {\"log\": false, \"step\": 1, \"low\": 0, \"high\": 1}}"}
{"op_code":5,"worker_id":"0c0f9c6a-7791-4e75-bd15-b6694c4e9ca4-139980931965760","trial_id":56,"param_name":"label_minus_tau","param_value_internal":6,"distribution":"{\"name\": \"CategoricalDistribution\", \"attributes\": {\"choices\": [\"earn\", \"acq\", \"money-fx\", \"grain\", \"crude\", \"trade\", \"interest\", \"ship\", \"wheat\", \"corn\", \"sugar\", \"oilseed\", \"dlr\", \"gnp\", \"coffee\", \"veg-oil\", \"gold\", \"nat-gas\", \"money-supply\", \"livestock\"]}}"}
{"op_code":5,"worker_id":"0c0f9c6a-7791-4e75-bd15-b6694c4e9ca4-139980931965760","trial_id":56,"param_name":"consequence_label","param_value_internal":18,"distribution":"{\"name\": \"CategoricalDistribution\", \"attributes\": {\"choices\": [\"earn\", \"acq\", \"money-fx\", \"grain\", \"crude\", \"trade\", \"interest\", \"ship\", \"wheat\", \"corn\", \"sugar\", \"oilseed\", \"dlr\", \"gnp\", \"coffee\", \"veg-oil\", \"gold\", \"nat-gas\", \"money-supply\", \"livestock\"]}}"}
{"op_code":6,"worker_id":"0c0f9c6a-7791-4e75-bd15-b6694c4e9ca4-139980931965760","trial_id":56,"state":1,"values":[-1.0],"datetime_complete":"2026-03-21T20:17:53.572079"}
{"op_code":4,"worker_id":"0c0f9c6a-7791-4e75-bd15-b6694c4e9ca4-139980931965760","study_id":0,"datetime_start":"2026-03-21T20:17:53.572537"}
{"op_code":5,"worker_id":"0c0f9c6a-7791-4e75-bd15-b6694c4e9ca4-139980931965760","trial_id":57,"param_name":"body_size","param_value_internal":3.0,"distribution":"{\"name\": \"IntDistribution\", \"attributes\": {\"log\": false, \"step\": 1, \"low\": 1, \"high\": 4}}"}
{"op_code":5,"worker_id":"0c0f9c6a-7791-4e75-bd15-b6694c4e9ca4-139980931965760","trial_id":57,"param_name":"body_pred_idx_0","param_value_internal":30.0,"distribution":"{\"name\": \"IntDistribution\", \"attributes\": {\"log\": false, \"step\": 1, \"low\": 0, \"high\": 99}}"}
{"op_code":5,"worker_id":"0c0f9c6a-7791-4e75-bd15-b6694c4e9ca4-139980931965760","trial_id":57,"param_name":"body_pred_idx_1","param_value_internal":29.0,"distribution":"{\"name\": \"IntDistribution\", \"attributes\": {\"log\": false, \"step\": 1, \"low\": 0, \"high\": 99}}"}
{"op_code":5,"worker_id":"0c0f9c6a-7791-4e75-bd15-b6694c4e9ca4-139980931965760","trial_id":57,"param_name":"body_pred_idx_2","param_value_internal":31.0,"distribution":"{\"name\": \"IntDistribution\", \"attributes\": {\"log\": false, \"step\": 1, \"low\": 0, \"high\": 99}}"}
{"op_code":5,"worker_id":"0c0f9c6a-7791-4e75-bd15-b6694c4e9ca4-139980931965760","trial_id":57,"param_name":"need_ml_0","param_value_internal":0.0,"distribution":"{\"name\": \"IntDistribution\", \"attributes\": {\"log\": false, \"step\": 1, \"low\": 0, \"high\": 1}}"}
{"op_code":5,"worker_id":"0c0f9c6a-7791-4e75-bd15-b6694c4e9ca4-139980931965760","trial_id":57,"param_name":"need_ml_1","param_value_internal":1.0,"distribution":"{\"name\": \"IntDistribution\", \"attributes\": {\"log\": false, \"step\": 1, \"low\": 0, \"high\": 1}}"}
{"op_code":5,"worker_id":"0c0f9c6a-7791-4e75-bd15-b6694c4e9ca4-139980931965760","trial_id":57,"param_name":"ml_tau_1","param_value_internal":16,"distribution":"{\"name\": \"CategoricalDistribution\", \"attributes\": {\"choices\": [\"earn\", \"acq\", \"money-fx\", \"grain\", \"crude\", \"trade\", \"interest\", \"ship\", \"wheat\", \"corn\", \"sugar\", \"oilseed\", \"dlr\", \"gnp\", \"coffee\", \"veg-oil\", \"gold\", \"nat-gas\", \"money-supply\", \"livestock\"]}}"}
{"op_code":5,"worker_id":"0c0f9c6a-7791-4e75-bd15-b6694c4e9ca4-139980931965760","trial_id":57,"param_name":"need_ml_2","param_value_internal":0.0,"distribution":"{\"name\": \"IntDistribution\", \"attributes\": {\"log\": false, \"step\": 1, \"low\": 0, \"high\": 1}}"}
{"op_code":5,"worker_id":"0c0f9c6a-7791-4e75-bd15-b6694c4e9ca4-139980931965760","trial_id":57,"param_name":"need_label_contains","param_value_internal":1.0,"distribution":"{\"name\": \"IntDistribution\", \"attributes\": {\"log\": false, \"step\": 1, \"low\": 0, \"high\": 1}}"}
{"op_code":5,"worker_id":"0c0f9c6a-7791-4e75-bd15-b6694c4e9ca4-139980931965760","trial_id":57,"param_name":"label_contains_tau","param_value_internal":3,"distribution":"{\"name\": \"CategoricalDistribution\", \"attributes\": {\"choices\": [\"earn\", \"acq\", \"money-fx\", \"grain\", \"crude\", \"trade\", \"interest\", \"ship\", \"wheat\", \"corn\", \"sugar\", \"oilseed\", \"dlr\", \"gnp\", \"coffee\", \"veg-oil\", \"gold\", \"nat-gas\", \"money-supply\", \"livestock\"]}}"}
{"op_code":5,"worker_id":"0c0f9c6a-7791-4e75-bd15-b6694c4e9ca4-139980931965760","trial_id":57,"param_name":"need_label_eq","param_value_internal":0.0,"distribution":"{\"name\": \"IntDistribution\", \"attributes\": {\"log\": false, \"step\": 1, \"low\": 0, \"high\": 1}}"}
{"op_code":5,"worker_id":"0c0f9c6a-7791-4e75-bd15-b6694c4e9ca4-139980931965760","trial_id":57,"param_name":"need_label_minus","param_value_internal":0.0,"distribution":"{\"name\": \"IntDistribution\", \"attributes\": {\"log\": false, \"step\": 1, \"low\": 0, \"high\": 1}}"}
{"op_code":5,"worker_id":"0c0f9c6a-7791-4e75-bd15-b6694c4e9ca4-139980931965760","trial_id":57,"param_name":"consequence_label","param_value_internal":15,"distribution":"{\"name\": \"CategoricalDistribution\", \"attributes\": {\"choices\": [\"earn\", \"acq\", \"money-fx\", \"grain\", \"crude\", \"trade\", \"interest\", \"ship\", \"wheat\", \"corn\", \"sugar\", \"oilseed\", \"dlr\", \"gnp\", \"coffee\", \"veg-oil\", \"gold\", \"nat-gas\", \"money-supply\", \"livestock\"]}}"}
{"op_code":6,"worker_id":"0c0f9c6a-7791-4e75-bd15-b6694c4e9ca4-139980931965760","trial_id":57,"state":1,"values":[-1.0],"datetime_complete":"2026-03-21T20:17:53.610539"}
{"op_code":4,"worker_id":"0c0f9c6a-7791-4e75-bd15-b6694c4e9ca4-139980931965760","study_id":0,"datetime_start":"2026-03-21T20:17:53.611030"}
{"op_code":5,"worker_id":"0c0f9c6a-7791-4e75-bd15-b6694c4e9ca4-139980931965760","trial_id":58,"param_name":"body_size","param_value_internal":4.0,"distribution":"{\"name\": \"IntDistribution\", \"attributes\": {\"log\": false, \"step\": 1, \"low\": 1, \"high\": 4}}"}
{"op_code":5,"worker_id":"0c0f9c6a-7791-4e75-bd15-b6694c4e9ca4-139980931965760","trial_id":58,"param_name":"body_pred_idx_0","param_value_internal":8.0,"distribution":"{\"name\": \"IntDistribution\", \"attributes\": {\"log\": false, \"step\": 1, \"low\": 0, \"high\": 99}}"}
{"op_code":5,"worker_id":"0c0f9c6a-7791-4e75-bd15-b6694c4e9ca4-139980931965760","trial_id":58,"param_name":"body_pred_idx_1","param_value_internal":37.0,"distribution":"{\"name\": \"IntDistribution\", \"attributes\": {\"log\": false, \"step\": 1, \"low\": 0, \"high\": 99}}"}
{"op_code":5,"worker_id":"0c0f9c6a-7791-4e75-bd15-b6694c4e9ca4-139980931965760","trial_id":58,"param_name":"body_pred_idx_2","param_value_internal":15.0,"distribution":"{\"name\": \"IntDistribution\", \"attributes\": {\"log\": false, \"step\": 1, \"low\": 0, \"high\": 99}}"}
{"op_code":5,"worker_id":"0c0f9c6a-7791-4e75-bd15-b6694c4e9ca4-139980931965760","trial_id":58,"param_name":"body_pred_idx_3","param_value_internal":0.0,"distribution":"{\"name\": \"IntDistribution\", \"attributes\": {\"log\": false, \"step\": 1, \"low\": 0, \"high\": 99}}"}
{"op_code":5,"worker_id":"0c0f9c6a-7791-4e75-bd15-b6694c4e9ca4-139980931965760","trial_id":58,"param_name":"eta_8","param_value_internal":20.0,"distribution":"{\"name\": \"IntDistribution\", \"attributes\": {\"log\": false, \"step\": 1, \"low\": 1, \"high\": 20}}"}
{"op_code":5,"worker_id":"0c0f9c6a-7791-4e75-bd15-b6694c4e9ca4-139980931965760","trial_id":58,"param_name":"op_8","param_value_internal":4,"distribution":"{\"name\": \"CategoricalDistribution\", \"attributes\": {\"choices\": [\">=\", \"<=\", \"==\", \">\", \"<\"]}}"}
{"op_code":5,"worker_id":"0c0f9c6a-7791-4e75-bd15-b6694c4e9ca4-139980931965760","trial_id":58,"param_name":"eta_15","param_value_internal":20.0,"distribution":"{\"name\": \"IntDistribution\", \"attributes\": {\"log\": false, \"step\": 1, \"low\": 1, \"high\": 20}}"}
{"op_code":5,"worker_id":"0c0f9c6a-7791-4e75-bd15-b6694c4e9ca4-139980931965760","trial_id":58,"param_name":"op_15","param_value_internal":0,"distribution":"{\"name\": \"CategoricalDistribution\", \"attributes\": {\"choices\": [\">=\", \"<=\", \"==\", \">\", \"<\"]}}"}
{"op_code":5,"worker_id":"0c0f9c6a-7791-4e75-bd15-b6694c4e9ca4-139980931965760","trial_id":58,"param_name":"need_ml_0","param_value_internal":1.0,"distribution":"{\"name\": \"IntDistribution\", \"attributes\": {\"log\": false, \"step\": 1, \"low\": 0, \"high\": 1}}"}
{"op_code":5,"worker_id":"0c0f9c6a-7791-4e75-bd15-b6694c4e9ca4-139980931965760","trial_id":58,"param_name":"ml_tau_0","param_value_internal":0,"distribution":"{\"name\": \"CategoricalDistribution\", \"attributes\": {\"choices\": [\"earn\", \"acq\", \"money-fx\", \"grain\", \"crude\", \"trade\", \"interest\", \"ship\", \"wheat\", \"corn\", \"sugar\", \"oilseed\", \"dlr\", \"gnp\", \"coffee\", \"veg-oil\", \"gold\", \"nat-gas\", \"money-supply\", \"livestock\"]}}"}
{"op_code":5,"worker_id":"0c0f9c6a-7791-4e75-bd15-b6694c4e9ca4-139980931965760","trial_id":58,"param_name":"need_ml_1","param_value_internal":0.0,"distribution":"{\"name\": \"IntDistribution\", \"attributes\": {\"log\": false, \"step\": 1, \"low\": 0, \"high\": 1}}"}
{"op_code":5,"worker_id":"0c0f9c6a-7791-4e75-bd15-b6694c4e9ca4-139980931965760","trial_id":58,"param_name":"need_ml_2","param_value_internal":1.0,"distribution":"{\"name\": \"IntDistribution\", \"attributes\": {\"log\": false, \"step\": 1, \"low\": 0, \"high\": 1}}"}
{"op_code":5,"worker_id":"0c0f9c6a-7791-4e75-bd15-b6694c4e9ca4-139980931965760","trial_id":58,"param_name":"ml_tau_2","param_value_internal":16,"distribution":"{\"name\": \"CategoricalDistribution\", \"attributes\": {\"choices\": [\"earn\", \"acq\", \"money-fx\", \"grain\", \"crude\", \"trade\", \"interest\", \"ship\", \"wheat\", \"corn\", \"sugar\", \"oilseed\", \"dlr\", \"gnp\", \"coffee\", \"veg-oil\", \"gold\", \"nat-gas\", \"money-supply\", \"livestock\"]}}"}
{"op_code":5,"worker_id":"0c0f9c6a-7791-4e75-bd15-b6694c4e9ca4-139980931965760","trial_id":58,"param_name":"need_label_contains","param_value_internal":1.0,"distribution":"{\"name\": \"IntDistribution\", \"attributes\": {\"log\": false, \"step\": 1, \"low\": 0, \"high\": 1}}"}
{"op_code":5,"worker_id":"0c0f9c6a-7791-4e75-bd15-b6694c4e9ca4-139980931965760","trial_id":58,"param_name":"label_contains_tau","param_value_internal":11,"distribution":"{\"name\": \"CategoricalDistribution\", \"attributes\": {\"choices\": [\"earn\", \"acq\", \"money-fx\", \"grain\", \"crude\", \"trade\", \"interest\", \"ship\", \"wheat\", \"corn\", \"sugar\", \"oilseed\", \"dlr\", \"gnp\", \"coffee\", \"veg-oil\", \"gold\", \"nat-gas\", \"money-supply\", \"livestock\"]}}"}
{"op_code":5,"worker_id":"0c0f9c6a-7791-4e75-bd15-b6694c4e9ca4-139980931965760","trial_id":58,"param_name":"need_label_eq","param_value_internal":0.0,"distribution":"{\"name\": \"IntDistribution\", \"attributes\": {\"log\": false, \"step\": 1, \"low\": 0, \"high\": 1}}"}
{"op_code":5,"worker_id":"0c0f9c6a-7791-4e75-bd15-b6694c4e9ca4-139980931965760","trial_id":58,"param_name":"need_label_minus","param_value_internal":1.0,"distribution":"{\"name\": \"IntDistribution\", \"attributes\": {\"log\": false, \"step\": 1, \"low\": 0, \"high\": 1}}"}
{"op_code":5,"worker_id":"0c0f9c6a-7791-4e75-bd15-b6694c4e9ca4-139980931965760","trial_id":58,"param_name":"label_minus_tau","param_value_internal":12,"distribution":"{\"name\": \"CategoricalDistribution\", \"attributes\": {\"choices\": [\"earn\", \"acq\", \"money-fx\", \"grain\", \"crude\", \"trade\", \"interest\", \"ship\", \"wheat\", \"corn\", \"sugar\", \"oilseed\", \"dlr\", \"gnp\", \"coffee\", \"veg-oil\", \"gold\", \"nat-gas\", \"money-supply\", \"livestock\"]}}"}
{"op_code":5,"worker_id":"0c0f9c6a-7791-4e75-bd15-b6694c4e9ca4-139980931965760","trial_id":58,"param_name":"consequence_label","param_value_internal":14,"distribution":"{\"name\": \"CategoricalDistribution\", \"attributes\": {\"choices\": [\"earn\", \"acq\", \"money-fx\", \"grain\", \"crude\", \"trade\", \"interest\", \"ship\", \"wheat\", \"corn\", \"sugar\", \"oilseed\", \"dlr\", \"gnp\", \"coffee\", \"veg-oil\", \"gold\", \"nat-gas\", \"money-supply\", \"livestock\"]}}"}
{"op_code":6,"worker_id":"0c0f9c6a-7791-4e75-bd15-b6694c4e9ca4-139980931965760","trial_id":58,"state":1,"values":[-1.0],"datetime_complete":"2026-03-21T20:17:53.665500"}
{"op_code":4,"worker_id":"0c0f9c6a-7791-4e75-bd15-b6694c4e9ca4-139980931965760","study_id":0,"datetime_start":"2026-03-21T20:17:53.665987"}
{"op_code":5,"worker_id":"0c0f9c6a-7791-4e75-bd15-b6694c4e9ca4-139980931965760","trial_id":59,"param_name":"body_size","param_value_internal":1.0,"distribution":"{\"name\": \"IntDistribution\", \"attributes\": {\"log\": false, \"step\": 1, \"low\": 1, \"high\": 4}}"}
{"op_code":5,"worker_id":"0c0f9c6a-7791-4e75-bd15-b6694c4e9ca4-139980931965760","trial_id":59,"param_name":"body_pred_idx_0","param_value_internal":46.0,"distribution":"{\"name\": \"IntDistribution\", \"attributes\": {\"log\": false, \"step\": 1, \"low\": 0, \"high\": 99}}"}
{"op_code":5,"worker_id":"0c0f9c6a-7791-4e75-bd15-b6694c4e9ca4-139980931965760","trial_id":59,"param_name":"need_ml_0","param_value_internal":0.0,"distribution":"{\"name\": \"IntDistribution\", \"attributes\": {\"log\": false, \"step\": 1, \"low\": 0, \"high\": 1}}"}
{"op_code":5,"worker_id":"0c0f9c6a-7791-4e75-bd15-b6694c4e9ca4-139980931965760","trial_id":59,"param_name":"need_ml_1","param_value_internal":0.0,"distribution":"{\"name\": \"IntDistribution\", \"attributes\": {\"log\": false, \"step\": 1, \"low\": 0, \"high\": 1}}"}
{"op_code":5,"worker_id":"0c0f9c6a-7791-4e75-bd15-b6694c4e9ca4-139980931965760","trial_id":59,"param_name":"need_ml_2","param_value_internal":0.0,"distribution":"{\"name\": \"IntDistribution\", \"attributes\": {\"log\": false, \"step\": 1, \"low\": 0, \"high\": 1}}"}
{"op_code":5,"worker_id":"0c0f9c6a-7791-4e75-bd15-b6694c4e9ca4-139980931965760","trial_id":59,"param_name":"need_label_contains","param_value_internal":1.0,"distribution":"{\"name\": \"IntDistribution\", \"attributes\": {\"log\": false, \"step\": 1, \"low\": 0, \"high\": 1}}"}
{"op_code":5,"worker_id":"0c0f9c6a-7791-4e75-bd15-b6694c4e9ca4-139980931965760","trial_id":59,"param_name":"label_contains_tau","param_value_internal":12,"distribution":"{\"name\": \"CategoricalDistribution\", \"attributes\": {\"choices\": [\"earn\", \"acq\", \"money-fx\", \"grain\", \"crude\", \"trade\", \"interest\", \"ship\", \"wheat\", \"corn\", \"sugar\", \"oilseed\", \"dlr\", \"gnp\", \"coffee\", \"veg-oil\", \"gold\", \"nat-gas\", \"money-supply\", \"livestock\"]}}"}
{"op_code":5,"worker_id":"0c0f9c6a-7791-4e75-bd15-b6694c4e9ca4-139980931965760","trial_id":59,"param_name":"need_label_eq","param_value_internal":0.0,"distribution":"{\"name\": \"IntDistribution\", \"attributes\": {\"log\": false, \"step\": 1, \"low\": 0, \"high\": 1}}"}
{"op_code":5,"worker_id":"0c0f9c6a-7791-4e75-bd15-b6694c4e9ca4-139980931965760","trial_id":59,"param_name":"need_label_minus","param_value_internal":0.0,"distribution":"{\"name\": \"IntDistribution\", \"attributes\": {\"log\": false, \"step\": 1, \"low\": 0, \"high\": 1}}"}
{"op_code":5,"worker_id":"0c0f9c6a-7791-4e75-bd15-b6694c4e9ca4-139980931965760","trial_id":59,"param_name":"consequence_label","param_value_internal":3,"distribution":"{\"name\": \"CategoricalDistribution\", \"attributes\": {\"choices\": [\"earn\", \"acq\", \"money-fx\", \"grain\", \"crude\", \"trade\", \"interest\", \"ship\", \"wheat\", \"corn\", \"sugar\", \"oilseed\", \"dlr\", \"gnp\", \"coffee\", \"veg-oil\", \"gold\", \"nat-gas\", \"money-supply\", \"livestock\"]}}"}
{"op_code":6,"worker_id":"0c0f9c6a-7791-4e75-bd15-b6694c4e9ca4-139980931965760","trial_id":59,"state":1,"values":[-1.0],"datetime_complete":"2026-03-21T20:17:53.696714"}
{"op_code":4,"worker_id":"0c0f9c6a-7791-4e75-bd15-b6694c4e9ca4-139980931965760","study_id":0,"datetime_start":"2026-03-21T20:17:53.697260"}
{"op_code":5,"worker_id":"0c0f9c6a-7791-4e75-bd15-b6694c4e9ca4-139980931965760","trial_id":60,"param_name":"body_size","param_value_internal":1.0,"distribution":"{\"name\": \"IntDistribution\", \"attributes\": {\"log\": false, \"step\": 1, \"low\": 1, \"high\": 4}}"}
{"op_code":5,"worker_id":"0c0f9c6a-7791-4e75-bd15-b6694c4e9ca4-139980931965760","trial_id":60,"param_name":"body_pred_idx_0","param_value_internal":57.0,"distribution":"{\"name\": \"IntDistribution\", \"attributes\": {\"log\": false, \"step\": 1, \"low\": 0, \"high\": 99}}"}
{"op_code":5,"worker_id":"0c0f9c6a-7791-4e75-bd15-b6694c4e9ca4-139980931965760","trial_id":60,"param_name":"need_ml_0","param_value_internal":1.0,"distribution":"{\"name\": \"IntDistribution\", \"attributes\": {\"log\": false, \"step\": 1, \"low\": 0, \"high\": 1}}"}
{"op_code":5,"worker_id":"0c0f9c6a-7791-4e75-bd15-b6694c4e9ca4-139980931965760","trial_id":60,"param_name":"ml_tau_0","param_value_internal":16,"distribution":"{\"name\": \"CategoricalDistribution\", \"attributes\": {\"choices\": [\"earn\", \"acq\", \"money-fx\", \"grain\", \"crude\", \"trade\", \"interest\", \"ship\", \"wheat\", \"corn\", \"sugar\", \"oilseed\", \"dlr\", \"gnp\", \"coffee\", \"veg-oil\", \"gold\", \"nat-gas\", \"money-supply\", \"livestock\"]}}"}
{"op_code":5,"worker_id":"0c0f9c6a-7791-4e75-bd15-b6694c4e9ca4-139980931965760","trial_id":60,"param_name":"need_ml_1","param_value_internal":0.0,"distribution":"{\"name\": \"IntDistribution\", \"attributes\": {\"log\": false, \"step\": 1, \"low\": 0, \"high\": 1}}"}
{"op_code":5,"worker_id":"0c0f9c6a-7791-4e75-bd15-b6694c4e9ca4-139980931965760","trial_id":60,"param_name":"need_ml_2","param_value_internal":0.0,"distribution":"{\"name\": \"IntDistribution\", \"attributes\": {\"log\": false, \"step\": 1, \"low\": 0, \"high\": 1}}"}
{"op_code":5,"worker_id":"0c0f9c6a-7791-4e75-bd15-b6694c4e9ca4-139980931965760","trial_id":60,"param_name":"need_label_contains","param_value_internal":1.0,"distribution":"{\"name\": \"IntDistribution\", \"attributes\": {\"log\": false, \"step\": 1, \"low\": 0, \"high\": 1}}"}
{"op_code":5,"worker_id":"0c0f9c6a-7791-4e75-bd15-b6694c4e9ca4-139980931965760","trial_id":60,"param_name":"label_contains_tau","param_value_internal":7,"distribution":"{\"name\": \"CategoricalDistribution\", \"attributes\": {\"choices\": [\"earn\", \"acq\", \"money-fx\", \"grain\", \"crude\", \"trade\", \"interest\", \"ship\", \"wheat\", \"corn\", \"sugar\", \"oilseed\", \"dlr\", \"gnp\", \"coffee\", \"veg-oil\", \"gold\", \"nat-gas\", \"money-supply\", \"livestock\"]}}"}
{"op_code":5,"worker_id":"0c0f9c6a-7791-4e75-bd15-b6694c4e9ca4-139980931965760","trial_id":60,"param_name":"need_label_eq","param_value_internal":0.0,"distribution":"{\"name\": \"IntDistribution\", \"attributes\": {\"log\": false, \"step\": 1, \"low\": 0, \"high\": 1}}"}
{"op_code":5,"worker_id":"0c0f9c6a-7791-4e75-bd15-b6694c4e9ca4-139980931965760","trial_id":60,"param_name":"need_label_minus","param_value_internal":1.0,"distribution":"{\"name\": \"IntDistribution\", \"attributes\": {\"log\": false, \"step\": 1, \"low\": 0, \"high\": 1}}"}
{"op_code":5,"worker_id":"0c0f9c6a-7791-4e75-bd15-b6694c4e9ca4-139980931965760","trial_id":60,"param_name":"label_minus_tau","param_value_internal":11,"distribution":"{\"name\": \"CategoricalDistribution\", \"attributes\": {\"choices\": [\"earn\", \"acq\", \"money-fx\", \"grain\", \"crude\", \"trade\", \"interest\", \"ship\", \"wheat\", \"corn\", \"sugar\", \"oilseed\", \"dlr\", \"gnp\", \"coffee\", \"veg-oil\", \"gold\", \"nat-gas\", \"money-supply\", \"livestock\"]}}"}
{"op_code":5,"worker_id":"0c0f9c6a-7791-4e75-bd15-b6694c4e9ca4-139980931965760","trial_id":60,"param_name":"consequence_label","param_value_internal":6,"distribution":"{\"name\": \"CategoricalDistribution\", \"attributes\": {\"choices\": [\"earn\", \"acq\", \"money-fx\", \"grain\", \"crude\", \"trade\", \"interest\", \"ship\", \"wheat\", \"corn\", \"sugar\", \"oilseed\", \"dlr\", \"gnp\", \"coffee\", \"veg-oil\", \"gold\", \"nat-gas\", \"money-supply\", \"livestock\"]}}"}
{"op_code":6,"worker_id":"0c0f9c6a-7791-4e75-bd15-b6694c4e9ca4-139980931965760","trial_id":60,"state":1,"values":[-1.0],"datetime_complete":"2026-03-21T20:17:53.877762"}
{"op_code":4,"worker_id":"0c0f9c6a-7791-4e75-bd15-b6694c4e9ca4-139980931965760","study_id":0,"datetime_start":"2026-03-21T20:17:53.878870"}
{"op_code":5,"worker_id":"0c0f9c6a-7791-4e75-bd15-b6694c4e9ca4-139980931965760","trial_id":61,"param_name":"body_size","param_value_internal":4.0,"distribution":"{\"name\": \"IntDistribution\", \"attributes\": {\"log\": false, \"step\": 1, \"low\": 1, \"high\": 4}}"}
{"op_code":5,"worker_id":"0c0f9c6a-7791-4e75-bd15-b6694c4e9ca4-139980931965760","trial_id":61,"param_name":"body_pred_idx_0","param_value_internal":39.0,"distribution":"{\"name\": \"IntDistribution\", \"attributes\": {\"log\": false, \"step\": 1, \"low\": 0, \"high\": 99}}"}
{"op_code":5,"worker_id":"0c0f9c6a-7791-4e75-bd15-b6694c4e9ca4-139980931965760","trial_id":61,"param_name":"body_pred_idx_1","param_value_internal":4.0,"distribution":"{\"name\": \"IntDistribution\", \"attributes\": {\"log\": false, \"step\": 1, \"low\": 0, \"high\": 99}}"}
{"op_code":5,"worker_id":"0c0f9c6a-7791-4e75-bd15-b6694c4e9ca4-139980931965760","trial_id":61,"param_name":"body_pred_idx_2","param_value_internal":37.0,"distribution":"{\"name\": \"IntDistribution\", \"attributes\": {\"log\": false, \"step\": 1, \"low\": 0, \"high\": 99}}"}
{"op_code":5,"worker_id":"0c0f9c6a-7791-4e75-bd15-b6694c4e9ca4-139980931965760","trial_id":61,"param_name":"body_pred_idx_3","param_value_internal":46.0,"distribution":"{\"name\": \"IntDistribution\", \"attributes\": {\"log\": false, \"step\": 1, \"low\": 0, \"high\": 99}}"}
{"op_code":5,"worker_id":"0c0f9c6a-7791-4e75-bd15-b6694c4e9ca4-139980931965760","trial_id":61,"param_name":"need_ml_0","param_value_internal":0.0,"distribution":"{\"name\": \"IntDistribution\", \"attributes\": {\"log\": false, \"step\": 1, \"low\": 0, \"high\": 1}}"}
{"op_code":5,"worker_id":"0c0f9c6a-7791-4e75-bd15-b6694c4e9ca4-139980931965760","trial_id":61,"param_name":"need_ml_1","param_value_internal":0.0,"distribution":"{\"name\": \"IntDistribution\", \"attributes\": {\"log\": false, \"step\": 1, \"low\": 0, \"high\": 1}}"}
{"op_code":5,"worker_id":"0c0f9c6a-7791-4e75-bd15-b6694c4e9ca4-139980931965760","trial_id":61,"param_name":"need_ml_2","param_value_internal":0.0,"distribution":"{\"name\": \"IntDistribution\", \"attributes\": {\"log\": false, \"step\": 1, \"low\": 0, \"high\": 1}}"}
{"op_code":5,"worker_id":"0c0f9c6a-7791-4e75-bd15-b6694c4e9ca4-139980931965760","trial_id":61,"param_name":"need_label_contains","param_value_internal":0.0,"distribution":"{\"name\": \"IntDistribution\", \"attributes\": {\"log\": false, \"step\": 1, \"low\": 0, \"high\": 1}}"}
{"op_code":5,"worker_id":"0c0f9c6a-7791-4e75-bd15-b6694c4e9ca4-139980931965760","trial_id":61,"param_name":"need_label_eq","param_value_internal":0.0,"distribution":"{\"name\": \"IntDistribution\", \"attributes\": {\"log\": false, \"step\": 1, \"low\": 0, \"high\": 1}}"}
{"op_code":5,"worker_id":"0c0f9c6a-7791-4e75-bd15-b6694c4e9ca4-139980931965760","trial_id":61,"param_name":"need_label_minus","param_value_internal":1.0,"distribution":"{\"name\": \"IntDistribution\", \"attributes\": {\"log\": false, \"step\": 1, \"low\": 0, \"high\": 1}}"}
{"op_code":5,"worker_id":"0c0f9c6a-7791-4e75-bd15-b6694c4e9ca4-139980931965760","trial_id":61,"param_name":"label_minus_tau","param_value_internal":5,"distribution":"{\"name\": \"CategoricalDistribution\", \"attributes\": {\"choices\": [\"earn\", \"acq\", \"money-fx\", \"grain\", \"crude\", \"trade\", \"interest\", \"ship\", \"wheat\", \"corn\", \"sugar\", \"oilseed\", \"dlr\", \"gnp\", \"coffee\", \"veg-oil\", \"gold\", \"nat-gas\", \"money-supply\", \"livestock\"]}}"}
{"op_code":5,"worker_id":"0c0f9c6a-7791-4e75-bd15-b6694c4e9ca4-139980931965760","trial_id":61,"param_name":"consequence_label","param_value_internal":15,"distribution":"{\"name\": \"CategoricalDistribution\", \"attributes\": {\"choices\": [\"earn\", \"acq\", \"money-fx\", \"grain\", \"crude\", \"trade\", \"interest\", \"ship\", \"wheat\", \"corn\", \"sugar\", \"oilseed\", \"dlr\", \"gnp\", \"coffee\", \"veg-oil\", \"gold\", \"nat-gas\", \"money-supply\", \"livestock\"]}}"}
{"op_code":6,"worker_id":"0c0f9c6a-7791-4e75-bd15-b6694c4e9ca4-139980931965760","trial_id":61,"state":1,"values":[-1.0],"datetime_complete":"2026-03-21T20:17:53.921927"}
{"op_code":4,"worker_id":"0c0f9c6a-7791-4e75-bd15-b6694c4e9ca4-139980931965760","study_id":0,"datetime_start":"2026-03-21T20:17:53.922620"}
{"op_code":5,"worker_id":"0c0f9c6a-7791-4e75-bd15-b6694c4e9ca4-139980931965760","trial_id":62,"param_name":"body_size","param_value_internal":4.0,"distribution":"{\"name\": \"IntDistribution\", \"attributes\": {\"log\": false, \"step\": 1, \"low\": 1, \"high\": 4}}"}
{"op_code":5,"worker_id":"0c0f9c6a-7791-4e75-bd15-b6694c4e9ca4-139980931965760","trial_id":62,"param_name":"body_pred_idx_0","param_value_internal":14.0,"distribution":"{\"name\": \"IntDistribution\", \"attributes\": {\"log\": false, \"step\": 1, \"low\": 0, \"high\": 99}}"}
{"op_code":5,"worker_id":"0c0f9c6a-7791-4e75-bd15-b6694c4e9ca4-139980931965760","trial_id":62,"param_name":"body_pred_idx_1","param_value_internal":17.0,"distribution":"{\"name\": \"IntDistribution\", \"attributes\": {\"log\": false, \"step\": 1, \"low\": 0, \"high\": 99}}"}
{"op_code":5,"worker_id":"0c0f9c6a-7791-4e75-bd15-b6694c4e9ca4-139980931965760","trial_id":62,"param_name":"body_pred_idx_2","param_value_internal":49.0,"distribution":"{\"name\": \"IntDistribution\", \"attributes\": {\"log\": false, \"step\": 1, \"low\": 0, \"high\": 99}}"}
{"op_code":5,"worker_id":"0c0f9c6a-7791-4e75-bd15-b6694c4e9ca4-139980931965760","trial_id":62,"param_name":"body_pred_idx_3","param_value_internal":39.0,"distribution":"{\"name\": \"IntDistribution\", \"attributes\": {\"log\": false, \"step\": 1, \"low\": 0, \"high\": 99}}"}
{"op_code":5,"worker_id":"0c0f9c6a-7791-4e75-bd15-b6694c4e9ca4-139980931965760","trial_id":62,"param_name":"eta_17","param_value_internal":3.0,"distribution":"{\"name\": \"IntDistribution\", \"attributes\": {\"log\": false, \"step\": 1, \"low\": 1, \"high\": 20}}"}
{"op_code":5,"worker_id":"0c0f9c6a-7791-4e75-bd15-b6694c4e9ca4-139980931965760","trial_id":62,"param_name":"op_17","param_value_internal":0,"distribution":"{\"name\": \"CategoricalDistribution\", \"attributes\": {\"choices\": [\">=\", \"<=\", \"==\", \">\", \"<\"]}}"}
{"op_code":5,"worker_id":"0c0f9c6a-7791-4e75-bd15-b6694c4e9ca4-139980931965760","trial_id":62,"param_name":"need_ml_0","param_value_internal":0.0,"distribution":"{\"name\": \"IntDistribution\", \"attributes\": {\"log\": false, \"step\": 1, \"low\": 0, \"high\": 1}}"}
{"op_code":5,"worker_id":"0c0f9c6a-7791-4e75-bd15-b6694c4e9ca4-139980931965760","trial_id":62,"param_name":"need_ml_1","param_value_internal":0.0,"distribution":"{\"name\": \"IntDistribution\", \"attributes\": {\"log\": false, \"step\": 1, \"low\": 0, \"high\": 1}}"}
{"op_code":5,"worker_id":"0c0f9c6a-7791-4e75-bd15-b6694c4e9ca4-139980931965760","trial_id":62,"param_name":"need_ml_2","param_value_internal":0.0,"distribution":"{\"name\": \"IntDistribution\", \"attributes\": {\"log\": false, \"step\": 1, \"low\": 0, \"high\": 1}}"}
{"op_code":5,"worker_id":"0c0f9c6a-7791-4e75-bd15-b6694c4e9ca4-139980931965760","trial_id":62,"param_name":"need_label_contains","param_value_internal":0.0,"distribution":"{\"name\": \"IntDistribution\", \"attributes\": {\"log\": false, \"step\": 1, \"low\": 0, \"high\": 1}}"}
{"op_code":5,"worker_id":"0c0f9c6a-7791-4e75-bd15-b6694c4e9ca4-139980931965760","trial_id":62,"param_name":"need_label_eq","param_value_internal":0.0,"distribution":"{\"name\": \"IntDistribution\", \"attributes\": {\"log\": false, \"step\": 1, \"low\": 0, \"high\": 1}}"}
{"op_code":5,"worker_id":"0c0f9c6a-7791-4e75-bd15-b6694c4e9ca4-139980931965760","trial_id":62,"param_name":"need_label_minus","param_value_internal":1.0,"distribution":"{\"name\": \"IntDistribution\", \"attributes\": {\"log\": false, \"step\": 1, \"low\": 0, \"high\": 1}}"}
{"op_code":5,"worker_id":"0c0f9c6a-7791-4e75-bd15-b6694c4e9ca4-139980931965760","trial_id":62,"param_name":"label_minus_tau","param_value_internal":5,"distribution":"{\"name\": \"CategoricalDistribution\", \"attributes\": {\"choices\": [\"earn\", \"acq\", \"money-fx\", \"grain\", \"crude\", \"trade\", \"interest\", \"ship\", \"wheat\", \"corn\", \"sugar\", \"oilseed\", \"dlr\", \"gnp\", \"coffee\", \"veg-oil\", \"gold\", \"nat-gas\", \"money-supply\", \"livestock\"]}}"}
{"op_code":5,"worker_id":"0c0f9c6a-7791-4e75-bd15-b6694c4e9ca4-139980931965760","trial_id":62,"param_name":"consequence_label","param_value_internal":2,"distribution":"{\"name\": \"CategoricalDistribution\", \"attributes\": {\"choices\": [\"earn\", \"acq\", \"money-fx\", \"grain\", \"crude\", \"trade\", \"interest\", \"ship\", \"wheat\", \"corn\", \"sugar\", \"oilseed\", \"dlr\", \"gnp\", \"coffee\", \"veg-oil\", \"gold\", \"nat-gas\", \"money-supply\", \"livestock\"]}}"}
{"op_code":6,"worker_id":"0c0f9c6a-7791-4e75-bd15-b6694c4e9ca4-139980931965760","trial_id":62,"state":1,"values":[-1.0],"datetime_complete":"2026-03-21T20:17:53.959744"}
{"op_code":4,"worker_id":"0c0f9c6a-7791-4e75-bd15-b6694c4e9ca4-139980931965760","study_id":0,"datetime_start":"2026-03-21T20:17:53.960250"}
{"op_code":5,"worker_id":"0c0f9c6a-7791-4e75-bd15-b6694c4e9ca4-139980931965760","trial_id":63,"param_name":"body_size","param_value_internal":4.0,"distribution":"{\"name\": \"IntDistribution\", \"attributes\": {\"log\": false, \"step\": 1, \"low\": 1, \"high\": 4}}"}
{"op_code":5,"worker_id":"0c0f9c6a-7791-4e75-bd15-b6694c4e9ca4-139980931965760","trial_id":63,"param_name":"body_pred_idx_0","param_value_internal":24.0,"distribution":"{\"name\": \"IntDistribution\", \"attributes\": {\"log\": false, \"step\": 1, \"low\": 0, \"high\": 99}}"}
{"op_code":5,"worker_id":"0c0f9c6a-7791-4e75-bd15-b6694c4e9ca4-139980931965760","trial_id":63,"param_name":"body_pred_idx_1","param_value_internal":10.0,"distribution":"{\"name\": \"IntDistribution\", \"attributes\": {\"log\": false, \"step\": 1, \"low\": 0, \"high\": 99}}"}
{"op_code":5,"worker_id":"0c0f9c6a-7791-4e75-bd15-b6694c4e9ca4-139980931965760","trial_id":63,"param_name":"body_pred_idx_2","param_value_internal":33.0,"distribution":"{\"name\": \"IntDistribution\", \"attributes\": {\"log\": false, \"step\": 1, \"low\": 0, \"high\": 99}}"}
{"op_code":5,"worker_id":"0c0f9c6a-7791-4e75-bd15-b6694c4e9ca4-139980931965760","trial_id":63,"param_name":"body_pred_idx_3","param_value_internal":62.0,"distribution":"{\"name\": \"IntDistribution\", \"attributes\": {\"log\": false, \"step\": 1, \"low\": 0, \"high\": 99}}"}
{"op_code":5,"worker_id":"0c0f9c6a-7791-4e75-bd15-b6694c4e9ca4-139980931965760","trial_id":63,"param_name":"eta_24","param_value_internal":4.0,"distribution":"{\"name\": \"IntDistribution\", \"attributes\": {\"log\": false, \"step\": 1, \"low\": 1, \"high\": 20}}"}
{"op_code":5,"worker_id":"0c0f9c6a-7791-4e75-bd15-b6694c4e9ca4-139980931965760","trial_id":63,"param_name":"op_24","param_value_internal":4,"distribution":"{\"name\": \"CategoricalDistribution\", \"attributes\": {\"choices\": [\">=\", \"<=\", \"==\", \">\", \"<\"]}}"}
{"op_code":5,"worker_id":"0c0f9c6a-7791-4e75-bd15-b6694c4e9ca4-139980931965760","trial_id":63,"param_name":"need_ml_0","param_value_internal":0.0,"distribution":"{\"name\": \"IntDistribution\", \"attributes\": {\"log\": false, \"step\": 1, \"low\": 0, \"high\": 1}}"}
{"op_code":5,"worker_id":"0c0f9c6a-7791-4e75-bd15-b6694c4e9ca4-139980931965760","trial_id":63,"param_name":"need_ml_1","param_value_internal":0.0,"distribution":"{\"name\": \"IntDistribution\", \"attributes\": {\"log\": false, \"step\": 1, \"low\": 0, \"high\": 1}}"}
{"op_code":5,"worker_id":"0c0f9c6a-7791-4e75-bd15-b6694c4e9ca4-139980931965760","trial_id":63,"param_name":"need_ml_2","param_value_internal":0.0,"distribution":"{\"name\": \"IntDistribution\", \"attributes\": {\"log\": false, \"step\": 1, \"low\": 0, \"high\": 1}}"}
{"op_code":5,"worker_id":"0c0f9c6a-7791-4e75-bd15-b6694c4e9ca4-139980931965760","trial_id":63,"param_name":"need_label_contains","param_value_internal":0.0,"distribution":"{\"name\": \"IntDistribution\", \"attributes\": {\"log\": false, \"step\": 1, \"low\": 0, \"high\": 1}}"}
{"op_code":5,"worker_id":"0c0f9c6a-7791-4e75-bd15-b6694c4e9ca4-139980931965760","trial_id":63,"param_name":"need_label_eq","param_value_internal":0.0,"distribution":"{\"name\": \"IntDistribution\", \"attributes\": {\"log\": false, \"step\": 1, \"low\": 0, \"high\": 1}}"}
{"op_code":5,"worker_id":"0c0f9c6a-7791-4e75-bd15-b6694c4e9ca4-139980931965760","trial_id":63,"param_name":"need_label_minus","param_value_internal":1.0,"distribution":"{\"name\": \"IntDistribution\", \"attributes\": {\"log\": false, \"step\": 1, \"low\": 0, \"high\": 1}}"}
{"op_code":5,"worker_id":"0c0f9c6a-7791-4e75-bd15-b6694c4e9ca4-139980931965760","trial_id":63,"param_name":"label_minus_tau","param_value_internal":0,"distribution":"{\"name\": \"CategoricalDistribution\", \"attributes\": {\"choices\": [\"earn\", \"acq\", \"money-fx\", \"grain\", \"crude\", \"trade\", \"interest\", \"ship\", \"wheat\", \"corn\", \"sugar\", \"oilseed\", \"dlr\", \"gnp\", \"coffee\", \"veg-oil\", \"gold\", \"nat-gas\", \"money-supply\", \"livestock\"]}}"}
{"op_code":5,"worker_id":"0c0f9c6a-7791-4e75-bd15-b6694c4e9ca4-139980931965760","trial_id":63,"param_name":"consequence_label","param_value_internal":16,"distribution":"{\"name\": \"CategoricalDistribution\", \"attributes\": {\"choices\": [\"earn\", \"acq\", \"money-fx\", \"grain\", \"crude\", \"trade\", \"interest\", \"ship\", \"wheat\", \"corn\", \"sugar\", \"oilseed\", \"dlr\", \"gnp\", \"coffee\", \"veg-oil\", \"gold\", \"nat-gas\", \"money-supply\", \"livestock\"]}}"}
{"op_code":6,"worker_id":"0c0f9c6a-7791-4e75-bd15-b6694c4e9ca4-139980931965760","trial_id":63,"state":1,"values":[0.0],"datetime_complete":"2026-03-21T20:17:54.008274"}
{"op_code":4,"worker_id":"0c0f9c6a-7791-4e75-bd15-b6694c4e9ca4-139980931965760","study_id":0,"datetime_start":"2026-03-21T20:17:54.009003"}
{"op_code":5,"worker_id":"0c0f9c6a-7791-4e75-bd15-b6694c4e9ca4-139980931965760","trial_id":64,"param_name":"body_size","param_value_internal":4.0,"distribution":"{\"name\": \"IntDistribution\", \"attributes\": {\"log\": false, \"step\": 1, \"low\": 1, \"high\": 4}}"}
{"op_code":5,"worker_id":"0c0f9c6a-7791-4e75-bd15-b6694c4e9ca4-139980931965760","trial_id":64,"param_name":"body_pred_idx_0","param_value_internal":25.0,"distribution":"{\"name\": \"IntDistribution\", \"attributes\": {\"log\": false, \"step\": 1, \"low\": 0, \"high\": 99}}"}
{"op_code":5,"worker_id":"0c0f9c6a-7791-4e75-bd15-b6694c4e9ca4-139980931965760","trial_id":64,"param_name":"body_pred_idx_1","param_value_internal":23.0,"distribution":"{\"name\": \"IntDistribution\", \"attributes\": {\"log\": false, \"step\": 1, \"low\": 0, \"high\": 99}}"}
{"op_code":5,"worker_id":"0c0f9c6a-7791-4e75-bd15-b6694c4e9ca4-139980931965760","trial_id":64,"param_name":"body_pred_idx_2","param_value_internal":14.0,"distribution":"{\"name\": \"IntDistribution\", \"attributes\": {\"log\": false, \"step\": 1, \"low\": 0, \"high\": 99}}"}
{"op_code":5,"worker_id":"0c0f9c6a-7791-4e75-bd15-b6694c4e9ca4-139980931965760","trial_id":64,"param_name":"body_pred_idx_3","param_value_internal":60.0,"distribution":"{\"name\": \"IntDistribution\", \"attributes\": {\"log\": false, \"step\": 1, \"low\": 0, \"high\": 99}}"}
{"op_code":5,"worker_id":"0c0f9c6a-7791-4e75-bd15-b6694c4e9ca4-139980931965760","trial_id":64,"param_name":"need_ml_0","param_value_internal":0.0,"distribution":"{\"name\": \"IntDistribution\", \"attributes\": {\"log\": false, \"step\": 1, \"low\": 0, \"high\": 1}}"}
{"op_code":5,"worker_id":"0c0f9c6a-7791-4e75-bd15-b6694c4e9ca4-139980931965760","trial_id":64,"param_name":"need_ml_1","param_value_internal":0.0,"distribution":"{\"name\": \"IntDistribution\", \"attributes\": {\"log\": false, \"step\": 1, \"low\": 0, \"high\": 1}}"}
{"op_code":5,"worker_id":"0c0f9c6a-7791-4e75-bd15-b6694c4e9ca4-139980931965760","trial_id":64,"param_name":"need_ml_2","param_value_internal":0.0,"distribution":"{\"name\": \"IntDistribution\", \"attributes\": {\"log\": false, \"step\": 1, \"low\": 0, \"high\": 1}}"}
{"op_code":5,"worker_id":"0c0f9c6a-7791-4e75-bd15-b6694c4e9ca4-139980931965760","trial_id":64,"param_name":"need_label_contains","param_value_internal":0.0,"distribution":"{\"name\": \"IntDistribution\", \"attributes\": {\"log\": false, \"step\": 1, \"low\": 0, \"high\": 1}}"}
{"op_code":5,"worker_id":"0c0f9c6a-7791-4e75-bd15-b6694c4e9ca4-139980931965760","trial_id":64,"param_name":"need_label_eq","param_value_internal":0.0,"distribution":"{\"name\": \"IntDistribution\", \"attributes\": {\"log\": false, \"step\": 1, \"low\": 0, \"high\": 1}}"}
{"op_code":5,"worker_id":"0c0f9c6a-7791-4e75-bd15-b6694c4e9ca4-139980931965760","trial_id":64,"param_name":"need_label_minus","param_value_internal":1.0,"distribution":"{\"name\": \"IntDistribution\", \"attributes\": {\"log\": false, \"step\": 1, \"low\": 0, \"high\": 1}}"}
{"op_code":5,"worker_id":"0c0f9c6a-7791-4e75-bd15-b6694c4e9ca4-139980931965760","trial_id":64,"param_name":"label_minus_tau","param_value_internal":0,"distribution":"{\"name\": \"CategoricalDistribution\", \"attributes\": {\"choices\": [\"earn\", \"acq\", \"money-fx\", \"grain\", \"crude\", \"trade\", \"interest\", \"ship\", \"wheat\", \"corn\", \"sugar\", \"oilseed\", \"dlr\", \"gnp\", \"coffee\", \"veg-oil\", \"gold\", \"nat-gas\", \"money-supply\", \"livestock\"]}}"}
{"op_code":5,"worker_id":"0c0f9c6a-7791-4e75-bd15-b6694c4e9ca4-139980931965760","trial_id":64,"param_name":"consequence_label","param_value_internal":16,"distribution":"{\"name\": \"CategoricalDistribution\", \"attributes\": {\"choices\": [\"earn\", \"acq\", \"money-fx\", \"grain\", \"crude\", \"trade\", \"interest\", \"ship\", \"wheat\", \"corn\", \"sugar\", \"oilseed\", \"dlr\", \"gnp\", \"coffee\", \"veg-oil\", \"gold\", \"nat-gas\", \"money-supply\", \"livestock\"]}}"}
{"op_code":6,"worker_id":"0c0f9c6a-7791-4e75-bd15-b6694c4e9ca4-139980931965760","trial_id":64,"state":1,"values":[-1.0],"datetime_complete":"2026-03-21T20:17:54.045949"}
{"op_code":4,"worker_id":"0c0f9c6a-7791-4e75-bd15-b6694c4e9ca4-139980931965760","study_id":0,"datetime_start":"2026-03-21T20:17:54.046464"}
{"op_code":5,"worker_id":"0c0f9c6a-7791-4e75-bd15-b6694c4e9ca4-139980931965760","trial_id":65,"param_name":"body_size","param_value_internal":4.0,"distribution":"{\"name\": \"IntDistribution\", \"attributes\": {\"log\": false, \"step\": 1, \"low\": 1, \"high\": 4}}"}
{"op_code":5,"worker_id":"0c0f9c6a-7791-4e75-bd15-b6694c4e9ca4-139980931965760","trial_id":65,"param_name":"body_pred_idx_0","param_value_internal":18.0,"distribution":"{\"name\": \"IntDistribution\", \"attributes\": {\"log\": false, \"step\": 1, \"low\": 0, \"high\": 99}}"}
{"op_code":5,"worker_id":"0c0f9c6a-7791-4e75-bd15-b6694c4e9ca4-139980931965760","trial_id":65,"param_name":"body_pred_idx_1","param_value_internal":11.0,"distribution":"{\"name\": \"IntDistribution\", \"attributes\": {\"log\": false, \"step\": 1, \"low\": 0, \"high\": 99}}"}
{"op_code":5,"worker_id":"0c0f9c6a-7791-4e75-bd15-b6694c4e9ca4-139980931965760","trial_id":65,"param_name":"body_pred_idx_2","param_value_internal":29.0,"distribution":"{\"name\": \"IntDistribution\", \"attributes\": {\"log\": false, \"step\": 1, \"low\": 0, \"high\": 99}}"}
{"op_code":5,"worker_id":"0c0f9c6a-7791-4e75-bd15-b6694c4e9ca4-139980931965760","trial_id":65,"param_name":"body_pred_idx_3","param_value_internal":64.0,"distribution":"{\"name\": \"IntDistribution\", \"attributes\": {\"log\": false, \"step\": 1, \"low\": 0, \"high\": 99}}"}
{"op_code":5,"worker_id":"0c0f9c6a-7791-4e75-bd15-b6694c4e9ca4-139980931965760","trial_id":65,"param_name":"eta_11","param_value_internal":17.0,"distribution":"{\"name\": \"IntDistribution\", \"attributes\": {\"log\": false, \"step\": 1, \"low\": 1, \"high\": 20}}"}
{"op_code":5,"worker_id":"0c0f9c6a-7791-4e75-bd15-b6694c4e9ca4-139980931965760","trial_id":65,"param_name":"op_11","param_value_internal":0,"distribution":"{\"name\": \"CategoricalDistribution\", \"attributes\": {\"choices\": [\">=\", \"<=\", \"==\", \">\", \"<\"]}}"}
{"op_code":5,"worker_id":"0c0f9c6a-7791-4e75-bd15-b6694c4e9ca4-139980931965760","trial_id":65,"param_name":"need_ml_0","param_value_internal":0.0,"distribution":"{\"name\": \"IntDistribution\", \"attributes\": {\"log\": false, \"step\": 1, \"low\": 0, \"high\": 1}}"}
{"op_code":5,"worker_id":"0c0f9c6a-7791-4e75-bd15-b6694c4e9ca4-139980931965760","trial_id":65,"param_name":"need_ml_1","param_value_internal":0.0,"distribution":"{\"name\": \"IntDistribution\", \"attributes\": {\"log\": false, \"step\": 1, \"low\": 0, \"high\": 1}}"}
{"op_code":5,"worker_id":"0c0f9c6a-7791-4e75-bd15-b6694c4e9ca4-139980931965760","trial_id":65,"param_name":"need_ml_2","param_value_internal":0.0,"distribution":"{\"name\": \"IntDistribution\", \"attributes\": {\"log\": false, \"step\": 1, \"low\": 0, \"high\": 1}}"}
{"op_code":5,"worker_id":"0c0f9c6a-7791-4e75-bd15-b6694c4e9ca4-139980931965760","trial_id":65,"param_name":"need_label_contains","param_value_internal":0.0,"distribution":"{\"name\": \"IntDistribution\", \"attributes\": {\"log\": false, \"step\": 1, \"low\": 0, \"high\": 1}}"}
{"op_code":5,"worker_id":"0c0f9c6a-7791-4e75-bd15-b6694c4e9ca4-139980931965760","trial_id":65,"param_name":"need_label_eq","param_value_internal":0.0,"distribution":"{\"name\": \"IntDistribution\", \"attributes\": {\"log\": false, \"step\": 1, \"low\": 0, \"high\": 1}}"}
{"op_code":5,"worker_id":"0c0f9c6a-7791-4e75-bd15-b6694c4e9ca4-139980931965760","trial_id":65,"param_name":"need_label_minus","param_value_internal":1.0,"distribution":"{\"name\": \"IntDistribution\", \"attributes\": {\"log\": false, \"step\": 1, \"low\": 0, \"high\": 1}}"}
{"op_code":5,"worker_id":"0c0f9c6a-7791-4e75-bd15-b6694c4e9ca4-139980931965760","trial_id":65,"param_name":"label_minus_tau","param_value_internal":0,"distribution":"{\"name\": \"CategoricalDistribution\", \"attributes\": {\"choices\": [\"earn\", \"acq\", \"money-fx\", \"grain\", \"crude\", \"trade\", \"interest\", \"ship\", \"wheat\", \"corn\", \"sugar\", \"oilseed\", \"dlr\", \"gnp\", \"coffee\", \"veg-oil\", \"gold\", \"nat-gas\", \"money-supply\", \"livestock\"]}}"}
{"op_code":5,"worker_id":"0c0f9c6a-7791-4e75-bd15-b6694c4e9ca4-139980931965760","trial_id":65,"param_name":"consequence_label","param_value_internal":16,"distribution":"{\"name\": \"CategoricalDistribution\", \"attributes\": {\"choices\": [\"earn\", \"acq\", \"money-fx\", \"grain\", \"crude\", \"trade\", \"interest\", \"ship\", \"wheat\", \"corn\", \"sugar\", \"oilseed\", \"dlr\", \"gnp\", \"coffee\", \"veg-oil\", \"gold\", \"nat-gas\", \"money-supply\", \"livestock\"]}}"}
{"op_code":6,"worker_id":"0c0f9c6a-7791-4e75-bd15-b6694c4e9ca4-139980931965760","trial_id":65,"state":1,"values":[-1.0],"datetime_complete":"2026-03-21T20:17:54.103698"}
{"op_code":4,"worker_id":"0c0f9c6a-7791-4e75-bd15-b6694c4e9ca4-139980931965760","study_id":0,"datetime_start":"2026-03-21T20:17:54.104428"}
{"op_code":5,"worker_id":"0c0f9c6a-7791-4e75-bd15-b6694c4e9ca4-139980931965760","trial_id":66,"param_name":"body_size","param_value_internal":3.0,"distribution":"{\"name\": \"IntDistribution\", \"attributes\": {\"log\": false, \"step\": 1, \"low\": 1, \"high\": 4}}"}
{"op_code":5,"worker_id":"0c0f9c6a-7791-4e75-bd15-b6694c4e9ca4-139980931965760","trial_id":66,"param_name":"body_pred_idx_0","param_value_internal":35.0,"distribution":"{\"name\": \"IntDistribution\", \"attributes\": {\"log\": false, \"step\": 1, \"low\": 0, \"high\": 99}}"}
{"op_code":5,"worker_id":"0c0f9c6a-7791-4e75-bd15-b6694c4e9ca4-139980931965760","trial_id":66,"param_name":"body_pred_idx_1","param_value_internal":10.0,"distribution":"{\"name\": \"IntDistribution\", \"attributes\": {\"log\": false, \"step\": 1, \"low\": 0, \"high\": 99}}"}
{"op_code":5,"worker_id":"0c0f9c6a-7791-4e75-bd15-b6694c4e9ca4-139980931965760","trial_id":66,"param_name":"body_pred_idx_2","param_value_internal":42.0,"distribution":"{\"name\": \"IntDistribution\", \"attributes\": {\"log\": false, \"step\": 1, \"low\": 0, \"high\": 99}}"}
{"op_code":5,"worker_id":"0c0f9c6a-7791-4e75-bd15-b6694c4e9ca4-139980931965760","trial_id":66,"param_name":"need_ml_0","param_value_internal":0.0,"distribution":"{\"name\": \"IntDistribution\", \"attributes\": {\"log\": false, \"step\": 1, \"low\": 0, \"high\": 1}}"}
{"op_code":5,"worker_id":"0c0f9c6a-7791-4e75-bd15-b6694c4e9ca4-139980931965760","trial_id":66,"param_name":"need_ml_1","param_value_internal":0.0,"distribution":"{\"name\": \"IntDistribution\", \"attributes\": {\"log\": false, \"step\": 1, \"low\": 0, \"high\": 1}}"}
{"op_code":5,"worker_id":"0c0f9c6a-7791-4e75-bd15-b6694c4e9ca4-139980931965760","trial_id":66,"param_name":"need_ml_2","param_value_internal":0.0,"distribution":"{\"name\": \"IntDistribution\", \"attributes\": {\"log\": false, \"step\": 1, \"low\": 0, \"high\": 1}}"}
{"op_code":5,"worker_id":"0c0f9c6a-7791-4e75-bd15-b6694c4e9ca4-139980931965760","trial_id":66,"param_name":"need_label_contains","param_value_internal":0.0,"distribution":"{\"name\": \"IntDistribution\", \"attributes\": {\"log\": false, \"step\": 1, \"low\": 0, \"high\": 1}}"}
{"op_code":5,"worker_id":"0c0f9c6a-7791-4e75-bd15-b6694c4e9ca4-139980931965760","trial_id":66,"param_name":"need_label_eq","param_value_internal":0.0,"distribution":"{\"name\": \"IntDistribution\", \"attributes\": {\"log\": false, \"step\": 1, \"low\": 0, \"high\": 1}}"}
{"op_code":5,"worker_id":"0c0f9c6a-7791-4e75-bd15-b6694c4e9ca4-139980931965760","trial_id":66,"param_name":"need_label_minus","param_value_internal":1.0,"distribution":"{\"name\": \"IntDistribution\", \"attributes\": {\"log\": false, \"step\": 1, \"low\": 0, \"high\": 1}}"}
{"op_code":5,"worker_id":"0c0f9c6a-7791-4e75-bd15-b6694c4e9ca4-139980931965760","trial_id":66,"param_name":"label_minus_tau","param_value_internal":10,"distribution":"{\"name\": \"CategoricalDistribution\", \"attributes\": {\"choices\": [\"earn\", \"acq\", \"money-fx\", \"grain\", \"crude\", \"trade\", \"interest\", \"ship\", \"wheat\", \"corn\", \"sugar\", \"oilseed\", \"dlr\", \"gnp\", \"coffee\", \"veg-oil\", \"gold\", \"nat-gas\", \"money-supply\", \"livestock\"]}}"}
{"op_code":5,"worker_id":"0c0f9c6a-7791-4e75-bd15-b6694c4e9ca4-139980931965760","trial_id":66,"param_name":"consequence_label","param_value_internal":4,"distribution":"{\"name\": \"CategoricalDistribution\", \"attributes\": {\"choices\": [\"earn\", \"acq\", \"money-fx\", \"grain\", \"crude\", \"trade\", \"interest\", \"ship\", \"wheat\", \"corn\", \"sugar\", \"oilseed\", \"dlr\", \"gnp\", \"coffee\", \"veg-oil\", \"gold\", \"nat-gas\", \"money-supply\", \"livestock\"]}}"}
{"op_code":6,"worker_id":"0c0f9c6a-7791-4e75-bd15-b6694c4e9ca4-139980931965760","trial_id":66,"state":1,"values":[-1.0],"datetime_complete":"2026-03-21T20:17:54.141561"}
{"op_code":4,"worker_id":"0c0f9c6a-7791-4e75-bd15-b6694c4e9ca4-139980931965760","study_id":0,"datetime_start":"2026-03-21T20:17:54.142229"}
{"op_code":5,"worker_id":"0c0f9c6a-7791-4e75-bd15-b6694c4e9ca4-139980931965760","trial_id":67,"param_name":"body_size","param_value_internal":4.0,"distribution":"{\"name\": \"IntDistribution\", \"attributes\": {\"log\": false, \"step\": 1, \"low\": 1, \"high\": 4}}"}
{"op_code":5,"worker_id":"0c0f9c6a-7791-4e75-bd15-b6694c4e9ca4-139980931965760","trial_id":67,"param_name":"body_pred_idx_0","param_value_internal":4.0,"distribution":"{\"name\": \"IntDistribution\", \"attributes\": {\"log\": false, \"step\": 1, \"low\": 0, \"high\": 99}}"}
{"op_code":5,"worker_id":"0c0f9c6a-7791-4e75-bd15-b6694c4e9ca4-139980931965760","trial_id":67,"param_name":"body_pred_idx_1","param_value_internal":78.0,"distribution":"{\"name\": \"IntDistribution\", \"attributes\": {\"log\": false, \"step\": 1, \"low\": 0, \"high\": 99}}"}
{"op_code":5,"worker_id":"0c0f9c6a-7791-4e75-bd15-b6694c4e9ca4-139980931965760","trial_id":67,"param_name":"body_pred_idx_2","param_value_internal":56.0,"distribution":"{\"name\": \"IntDistribution\", \"attributes\": {\"log\": false, \"step\": 1, \"low\": 0, \"high\": 99}}"}
{"op_code":5,"worker_id":"0c0f9c6a-7791-4e75-bd15-b6694c4e9ca4-139980931965760","trial_id":67,"param_name":"body_pred_idx_3","param_value_internal":15.0,"distribution":"{\"name\": \"IntDistribution\", \"attributes\": {\"log\": false, \"step\": 1, \"low\": 0, \"high\": 99}}"}
{"op_code":5,"worker_id":"0c0f9c6a-7791-4e75-bd15-b6694c4e9ca4-139980931965760","trial_id":67,"param_name":"eta_15","param_value_internal":1.0,"distribution":"{\"name\": \"IntDistribution\", \"attributes\": {\"log\": false, \"step\": 1, \"low\": 1, \"high\": 20}}"}
{"op_code":5,"worker_id":"0c0f9c6a-7791-4e75-bd15-b6694c4e9ca4-139980931965760","trial_id":67,"param_name":"op_15","param_value_internal":4,"distribution":"{\"name\": \"CategoricalDistribution\", \"attributes\": {\"choices\": [\">=\", \"<=\", \"==\", \">\", \"<\"]}}"}
{"op_code":5,"worker_id":"0c0f9c6a-7791-4e75-bd15-b6694c4e9ca4-139980931965760","trial_id":67,"param_name":"need_ml_0","param_value_internal":0.0,"distribution":"{\"name\": \"IntDistribution\", \"attributes\": {\"log\": false, \"step\": 1, \"low\": 0, \"high\": 1}}"}
{"op_code":5,"worker_id":"0c0f9c6a-7791-4e75-bd15-b6694c4e9ca4-139980931965760","trial_id":67,"param_name":"need_ml_1","param_value_internal":0.0,"distribution":"{\"name\": \"IntDistribution\", \"attributes\": {\"log\": false, \"step\": 1, \"low\": 0, \"high\": 1}}"}
{"op_code":5,"worker_id":"0c0f9c6a-7791-4e75-bd15-b6694c4e9ca4-139980931965760","trial_id":67,"param_name":"need_ml_2","param_value_internal":0.0,"distribution":"{\"name\": \"IntDistribution\", \"attributes\": {\"log\": false, \"step\": 1, \"low\": 0, \"high\": 1}}"}
{"op_code":5,"worker_id":"0c0f9c6a-7791-4e75-bd15-b6694c4e9ca4-139980931965760","trial_id":67,"param_name":"need_label_contains","param_value_internal":1.0,"distribution":"{\"name\": \"IntDistribution\", \"attributes\": {\"log\": false, \"step\": 1, \"low\": 0, \"high\": 1}}"}
{"op_code":5,"worker_id":"0c0f9c6a-7791-4e75-bd15-b6694c4e9ca4-139980931965760","trial_id":67,"param_name":"label_contains_tau","param_value_internal":9,"distribution":"{\"name\": \"CategoricalDistribution\", \"attributes\": {\"choices\": [\"earn\", \"acq\", \"money-fx\", \"grain\", \"crude\", \"trade\", \"interest\", \"ship\", \"wheat\", \"corn\", \"sugar\", \"oilseed\", \"dlr\", \"gnp\", \"coffee\", \"veg-oil\", \"gold\", \"nat-gas\", \"money-supply\", \"livestock\"]}}"}
{"op_code":5,"worker_id":"0c0f9c6a-7791-4e75-bd15-b6694c4e9ca4-139980931965760","trial_id":67,"param_name":"need_label_eq","param_value_internal":0.0,"distribution":"{\"name\": \"IntDistribution\", \"attributes\": {\"log\": false, \"step\": 1, \"low\": 0, \"high\": 1}}"}
{"op_code":5,"worker_id":"0c0f9c6a-7791-4e75-bd15-b6694c4e9ca4-139980931965760","trial_id":67,"param_name":"need_label_minus","param_value_internal":0.0,"distribution":"{\"name\": \"IntDistribution\", \"attributes\": {\"log\": false, \"step\": 1, \"low\": 0, \"high\": 1}}"}
{"op_code":5,"worker_id":"0c0f9c6a-7791-4e75-bd15-b6694c4e9ca4-139980931965760","trial_id":67,"param_name":"consequence_label","param_value_internal":7,"distribution":"{\"name\": \"CategoricalDistribution\", \"attributes\": {\"choices\": [\"earn\", \"acq\", \"money-fx\", \"grain\", \"crude\", \"trade\", \"interest\", \"ship\", \"wheat\", \"corn\", \"sugar\", \"oilseed\", \"dlr\", \"gnp\", \"coffee\", \"veg-oil\", \"gold\", \"nat-gas\", \"money-supply\", \"livestock\"]}}"}
{"op_code":6,"worker_id":"0c0f9c6a-7791-4e75-bd15-b6694c4e9ca4-139980931965760","trial_id":67,"state":1,"values":[-1.0],"datetime_complete":"2026-03-21T20:17:54.211623"}
{"op_code":4,"worker_id":"0c0f9c6a-7791-4e75-bd15-b6694c4e9ca4-139980931965760","study_id":0,"datetime_start":"2026-03-21T20:17:54.212284"}
{"op_code":5,"worker_id":"0c0f9c6a-7791-4e75-bd15-b6694c4e9ca4-139980931965760","trial_id":68,"param_name":"body_size","param_value_internal":1.0,"distribution":"{\"name\": \"IntDistribution\", \"attributes\": {\"log\": false, \"step\": 1, \"low\": 1, \"high\": 4}}"}
{"op_code":5,"worker_id":"0c0f9c6a-7791-4e75-bd15-b6694c4e9ca4-139980931965760","trial_id":68,"param_name":"body_pred_idx_0","param_value_internal":11.0,"distribution":"{\"name\": \"IntDistribution\", \"attributes\": {\"log\": false, \"step\": 1, \"low\": 0, \"high\": 99}}"}
{"op_code":5,"worker_id":"0c0f9c6a-7791-4e75-bd15-b6694c4e9ca4-139980931965760","trial_id":68,"param_name":"eta_11","param_value_internal":1.0,"distribution":"{\"name\": \"IntDistribution\", \"attributes\": {\"log\": false, \"step\": 1, \"low\": 1, \"high\": 20}}"}
{"op_code":5,"worker_id":"0c0f9c6a-7791-4e75-bd15-b6694c4e9ca4-139980931965760","trial_id":68,"param_name":"op_11","param_value_internal":3,"distribution":"{\"name\": \"CategoricalDistribution\", \"attributes\": {\"choices\": [\">=\", \"<=\", \"==\", \">\", \"<\"]}}"}
{"op_code":5,"worker_id":"0c0f9c6a-7791-4e75-bd15-b6694c4e9ca4-139980931965760","trial_id":68,"param_name":"need_ml_0","param_value_internal":1.0,"distribution":"{\"name\": \"IntDistribution\", \"attributes\": {\"log\": false, \"step\": 1, \"low\": 0, \"high\": 1}}"}
{"op_code":5,"worker_id":"0c0f9c6a-7791-4e75-bd15-b6694c4e9ca4-139980931965760","trial_id":68,"param_name":"ml_tau_0","param_value_internal":6,"distribution":"{\"name\": \"CategoricalDistribution\", \"attributes\": {\"choices\": [\"earn\", \"acq\", \"money-fx\", \"grain\", \"crude\", \"trade\", \"interest\", \"ship\", \"wheat\", \"corn\", \"sugar\", \"oilseed\", \"dlr\", \"gnp\", \"coffee\", \"veg-oil\", \"gold\", \"nat-gas\", \"money-supply\", \"livestock\"]}}"}
{"op_code":5,"worker_id":"0c0f9c6a-7791-4e75-bd15-b6694c4e9ca4-139980931965760","trial_id":68,"param_name":"need_ml_1","param_value_internal":0.0,"distribution":"{\"name\": \"IntDistribution\", \"attributes\": {\"log\": false, \"step\": 1, \"low\": 0, \"high\": 1}}"}
{"op_code":5,"worker_id":"0c0f9c6a-7791-4e75-bd15-b6694c4e9ca4-139980931965760","trial_id":68,"param_name":"need_ml_2","param_value_internal":0.0,"distribution":"{\"name\": \"IntDistribution\", \"attributes\": {\"log\": false, \"step\": 1, \"low\": 0, \"high\": 1}}"}
{"op_code":5,"worker_id":"0c0f9c6a-7791-4e75-bd15-b6694c4e9ca4-139980931965760","trial_id":68,"param_name":"need_label_contains","param_value_internal":1.0,"distribution":"{\"name\": \"IntDistribution\", \"attributes\": {\"log\": false, \"step\": 1, \"low\": 0, \"high\": 1}}"}
{"op_code":5,"worker_id":"0c0f9c6a-7791-4e75-bd15-b6694c4e9ca4-139980931965760","trial_id":68,"param_name":"label_contains_tau","param_value_internal":16,"distribution":"{\"name\": \"CategoricalDistribution\", \"attributes\": {\"choices\": [\"earn\", \"acq\", \"money-fx\", \"grain\", \"crude\", \"trade\", \"interest\", \"ship\", \"wheat\", \"corn\", \"sugar\", \"oilseed\", \"dlr\", \"gnp\", \"coffee\", \"veg-oil\", \"gold\", \"nat-gas\", \"money-supply\", \"livestock\"]}}"}
{"op_code":5,"worker_id":"0c0f9c6a-7791-4e75-bd15-b6694c4e9ca4-139980931965760","trial_id":68,"param_name":"need_label_eq","param_value_internal":1.0,"distribution":"{\"name\": \"IntDistribution\", \"attributes\": {\"log\": false, \"step\": 1, \"low\": 0, \"high\": 1}}"}
{"op_code":5,"worker_id":"0c0f9c6a-7791-4e75-bd15-b6694c4e9ca4-139980931965760","trial_id":68,"param_name":"label_eq_tau","param_value_internal":8,"distribution":"{\"name\": \"CategoricalDistribution\", \"attributes\": {\"choices\": [\"earn\", \"acq\", \"money-fx\", \"grain\", \"crude\", \"trade\", \"interest\", \"ship\", \"wheat\", \"corn\", \"sugar\", \"oilseed\", \"dlr\", \"gnp\", \"coffee\", \"veg-oil\", \"gold\", \"nat-gas\", \"money-supply\", \"livestock\"]}}"}
{"op_code":5,"worker_id":"0c0f9c6a-7791-4e75-bd15-b6694c4e9ca4-139980931965760","trial_id":68,"param_name":"need_label_minus","param_value_internal":1.0,"distribution":"{\"name\": \"IntDistribution\", \"attributes\": {\"log\": false, \"step\": 1, \"low\": 0, \"high\": 1}}"}
{"op_code":5,"worker_id":"0c0f9c6a-7791-4e75-bd15-b6694c4e9ca4-139980931965760","trial_id":68,"param_name":"label_minus_tau","param_value_internal":6,"distribution":"{\"name\": \"CategoricalDistribution\", \"attributes\": {\"choices\": [\"earn\", \"acq\", \"money-fx\", \"grain\", \"crude\", \"trade\", \"interest\", \"ship\", \"wheat\", \"corn\", \"sugar\", \"oilseed\", \"dlr\", \"gnp\", \"coffee\", \"veg-oil\", \"gold\", \"nat-gas\", \"money-supply\", \"livestock\"]}}"}
{"op_code":5,"worker_id":"0c0f9c6a-7791-4e75-bd15-b6694c4e9ca4-139980931965760","trial_id":68,"param_name":"consequence_label","param_value_internal":1,"distribution":"{\"name\": \"CategoricalDistribution\", \"attributes\": {\"choices\": [\"earn\", \"acq\", \"money-fx\", \"grain\", \"crude\", \"trade\", \"interest\", \"ship\", \"wheat\", \"corn\", \"sugar\", \"oilseed\", \"dlr\", \"gnp\", \"coffee\", \"veg-oil\", \"gold\", \"nat-gas\", \"money-supply\", \"livestock\"]}}"}
{"op_code":6,"worker_id":"0c0f9c6a-7791-4e75-bd15-b6694c4e9ca4-139980931965760","trial_id":68,"state":1,"values":[-1.0],"datetime_complete":"2026-03-21T20:17:54.310428"}
{"op_code":4,"worker_id":"0c0f9c6a-7791-4e75-bd15-b6694c4e9ca4-139980931965760","study_id":0,"datetime_start":"2026-03-21T20:17:54.311348"}
{"op_code":5,"worker_id":"0c0f9c6a-7791-4e75-bd15-b6694c4e9ca4-139980931965760","trial_id":69,"param_name":"body_size","param_value_internal":2.0,"distribution":"{\"name\": \"IntDistribution\", \"attributes\": {\"log\": false, \"step\": 1, \"low\": 1, \"high\": 4}}"}
{"op_code":5,"worker_id":"0c0f9c6a-7791-4e75-bd15-b6694c4e9ca4-139980931965760","trial_id":69,"param_name":"body_pred_idx_0","param_value_internal":24.0,"distribution":"{\"name\": \"IntDistribution\", \"attributes\": {\"log\": false, \"step\": 1, \"low\": 0, \"high\": 99}}"}
{"op_code":5,"worker_id":"0c0f9c6a-7791-4e75-bd15-b6694c4e9ca4-139980931965760","trial_id":69,"param_name":"body_pred_idx_1","param_value_internal":94.0,"distribution":"{\"name\": \"IntDistribution\", \"attributes\": {\"log\": false, \"step\": 1, \"low\": 0, \"high\": 99}}"}
{"op_code":5,"worker_id":"0c0f9c6a-7791-4e75-bd15-b6694c4e9ca4-139980931965760","trial_id":69,"param_name":"eta_24","param_value_internal":3.0,"distribution":"{\"name\": \"IntDistribution\", \"attributes\": {\"log\": false, \"step\": 1, \"low\": 1, \"high\": 20}}"}
{"op_code":5,"worker_id":"0c0f9c6a-7791-4e75-bd15-b6694c4e9ca4-139980931965760","trial_id":69,"param_name":"op_24","param_value_internal":4,"distribution":"{\"name\": \"CategoricalDistribution\", \"attributes\": {\"choices\": [\">=\", \"<=\", \"==\", \">\", \"<\"]}}"}
{"op_code":5,"worker_id":"0c0f9c6a-7791-4e75-bd15-b6694c4e9ca4-139980931965760","trial_id":69,"param_name":"need_ml_0","param_value_internal":0.0,"distribution":"{\"name\": \"IntDistribution\", \"attributes\": {\"log\": false, \"step\": 1, \"low\": 0, \"high\": 1}}"}
{"op_code":5,"worker_id":"0c0f9c6a-7791-4e75-bd15-b6694c4e9ca4-139980931965760","trial_id":69,"param_name":"need_ml_1","param_value_internal":0.0,"distribution":"{\"name\": \"IntDistribution\", \"attributes\": {\"log\": false, \"step\": 1, \"low\": 0, \"high\": 1}}"}
{"op_code":5,"worker_id":"0c0f9c6a-7791-4e75-bd15-b6694c4e9ca4-139980931965760","trial_id":69,"param_name":"need_ml_2","param_value_internal":1.0,"distribution":"{\"name\": \"IntDistribution\", \"attributes\": {\"log\": false, \"step\": 1, \"low\": 0, \"high\": 1}}"}
{"op_code":5,"worker_id":"0c0f9c6a-7791-4e75-bd15-b6694c4e9ca4-139980931965760","trial_id":69,"param_name":"ml_tau_2","param_value_internal":0,"distribution":"{\"name\": \"CategoricalDistribution\", \"attributes\": {\"choices\": [\"earn\", \"acq\", \"money-fx\", \"grain\", \"crude\", \"trade\", \"interest\", \"ship\", \"wheat\", \"corn\", \"sugar\", \"oilseed\", \"dlr\", \"gnp\", \"coffee\", \"veg-oil\", \"gold\", \"nat-gas\", \"money-supply\", \"livestock\"]}}"}
{"op_code":5,"worker_id":"0c0f9c6a-7791-4e75-bd15-b6694c4e9ca4-139980931965760","trial_id":69,"param_name":"need_label_contains","param_value_internal":0.0,"distribution":"{\"name\": \"IntDistribution\", \"attributes\": {\"log\": false, \"step\": 1, \"low\": 0, \"high\": 1}}"}
{"op_code":5,"worker_id":"0c0f9c6a-7791-4e75-bd15-b6694c4e9ca4-139980931965760","trial_id":69,"param_name":"need_label_eq","param_value_internal":0.0,"distribution":"{\"name\": \"IntDistribution\", \"attributes\": {\"log\": false, \"step\": 1, \"low\": 0, \"high\": 1}}"}
{"op_code":5,"worker_id":"0c0f9c6a-7791-4e75-bd15-b6694c4e9ca4-139980931965760","trial_id":69,"param_name":"need_label_minus","param_value_internal":1.0,"distribution":"{\"name\": \"IntDistribution\", \"attributes\": {\"log\": false, \"step\": 1, \"low\": 0, \"high\": 1}}"}
{"op_code":5,"worker_id":"0c0f9c6a-7791-4e75-bd15-b6694c4e9ca4-139980931965760","trial_id":69,"param_name":"label_minus_tau","param_value_internal":3,"distribution":"{\"name\": \"CategoricalDistribution\", \"attributes\": {\"choices\": [\"earn\", \"acq\", \"money-fx\", \"grain\", \"crude\", \"trade\", \"interest\", \"ship\", \"wheat\", \"corn\", \"sugar\", \"oilseed\", \"dlr\", \"gnp\", \"coffee\", \"veg-oil\", \"gold\", \"nat-gas\", \"money-supply\", \"livestock\"]}}"}
{"op_code":5,"worker_id":"0c0f9c6a-7791-4e75-bd15-b6694c4e9ca4-139980931965760","trial_id":69,"param_name":"consequence_label","param_value_internal":11,"distribution":"{\"name\": \"CategoricalDistribution\", \"attributes\": {\"choices\": [\"earn\", \"acq\", \"money-fx\", \"grain\", \"crude\", \"trade\", \"interest\", \"ship\", \"wheat\", \"corn\", \"sugar\", \"oilseed\", \"dlr\", \"gnp\", \"coffee\", \"veg-oil\", \"gold\", \"nat-gas\", \"money-supply\", \"livestock\"]}}"}
{"op_code":6,"worker_id":"0c0f9c6a-7791-4e75-bd15-b6694c4e9ca4-139980931965760","trial_id":69,"state":1,"values":[-1.0],"datetime_complete":"2026-03-21T20:17:54.424140"}
{"op_code":4,"worker_id":"0c0f9c6a-7791-4e75-bd15-b6694c4e9ca4-139980931965760","study_id":0,"datetime_start":"2026-03-21T20:17:54.425963"}
{"op_code":5,"worker_id":"0c0f9c6a-7791-4e75-bd15-b6694c4e9ca4-139980931965760","trial_id":70,"param_name":"body_size","param_value_internal":4.0,"distribution":"{\"name\": \"IntDistribution\", \"attributes\": {\"log\": false, \"step\": 1, \"low\": 1, \"high\": 4}}"}
{"op_code":5,"worker_id":"0c0f9c6a-7791-4e75-bd15-b6694c4e9ca4-139980931965760","trial_id":70,"param_name":"body_pred_idx_0","param_value_internal":0.0,"distribution":"{\"name\": \"IntDistribution\", \"attributes\": {\"log\": false, \"step\": 1, \"low\": 0, \"high\": 99}}"}
{"op_code":5,"worker_id":"0c0f9c6a-7791-4e75-bd15-b6694c4e9ca4-139980931965760","trial_id":70,"param_name":"body_pred_idx_1","param_value_internal":70.0,"distribution":"{\"name\": \"IntDistribution\", \"attributes\": {\"log\": false, \"step\": 1, \"low\": 0, \"high\": 99}}"}
{"op_code":5,"worker_id":"0c0f9c6a-7791-4e75-bd15-b6694c4e9ca4-139980931965760","trial_id":70,"param_name":"body_pred_idx_2","param_value_internal":18.0,"distribution":"{\"name\": \"IntDistribution\", \"attributes\": {\"log\": false, \"step\": 1, \"low\": 0, \"high\": 99}}"}
{"op_code":5,"worker_id":"0c0f9c6a-7791-4e75-bd15-b6694c4e9ca4-139980931965760","trial_id":70,"param_name":"body_pred_idx_3","param_value_internal":38.0,"distribution":"{\"name\": \"IntDistribution\", \"attributes\": {\"log\": false, \"step\": 1, \"low\": 0, \"high\": 99}}"}
{"op_code":5,"worker_id":"0c0f9c6a-7791-4e75-bd15-b6694c4e9ca4-139980931965760","trial_id":70,"param_name":"need_ml_0","param_value_internal":1.0,"distribution":"{\"name\": \"IntDistribution\", \"attributes\": {\"log\": false, \"step\": 1, \"low\": 0, \"high\": 1}}"}
{"op_code":5,"worker_id":"0c0f9c6a-7791-4e75-bd15-b6694c4e9ca4-139980931965760","trial_id":70,"param_name":"ml_tau_0","param_value_internal":14,"distribution":"{\"name\": \"CategoricalDistribution\", \"attributes\": {\"choices\": [\"earn\", \"acq\", \"money-fx\", \"grain\", \"crude\", \"trade\", \"interest\", \"ship\", \"wheat\", \"corn\", \"sugar\", \"oilseed\", \"dlr\", \"gnp\", \"coffee\", \"veg-oil\", \"gold\", \"nat-gas\", \"money-supply\", \"livestock\"]}}"}
{"op_code":5,"worker_id":"0c0f9c6a-7791-4e75-bd15-b6694c4e9ca4-139980931965760","trial_id":70,"param_name":"need_ml_1","param_value_internal":0.0,"distribution":"{\"name\": \"IntDistribution\", \"attributes\": {\"log\": false, \"step\": 1, \"low\": 0, \"high\": 1}}"}
{"op_code":5,"worker_id":"0c0f9c6a-7791-4e75-bd15-b6694c4e9ca4-139980931965760","trial_id":70,"param_name":"need_ml_2","param_value_internal":0.0,"distribution":"{\"name\": \"IntDistribution\", \"attributes\": {\"log\": false, \"step\": 1, \"low\": 0, \"high\": 1}}"}
{"op_code":5,"worker_id":"0c0f9c6a-7791-4e75-bd15-b6694c4e9ca4-139980931965760","trial_id":70,"param_name":"need_label_contains","param_value_internal":1.0,"distribution":"{\"name\": \"IntDistribution\", \"attributes\": {\"log\": false, \"step\": 1, \"low\": 0, \"high\": 1}}"}
{"op_code":5,"worker_id":"0c0f9c6a-7791-4e75-bd15-b6694c4e9ca4-139980931965760","trial_id":70,"param_name":"label_contains_tau","param_value_internal":6,"distribution":"{\"name\": \"CategoricalDistribution\", \"attributes\": {\"choices\": [\"earn\", \"acq\", \"money-fx\", \"grain\", \"crude\", \"trade\", \"interest\", \"ship\", \"wheat\", \"corn\", \"sugar\", \"oilseed\", \"dlr\", \"gnp\", \"coffee\", \"veg-oil\", \"gold\", \"nat-gas\", \"money-supply\", \"livestock\"]}}"}
{"op_code":5,"worker_id":"0c0f9c6a-7791-4e75-bd15-b6694c4e9ca4-139980931965760","trial_id":70,"param_name":"need_label_eq","param_value_internal":1.0,"distribution":"{\"name\": \"IntDistribution\", \"attributes\": {\"log\": false, \"step\": 1, \"low\": 0, \"high\": 1}}"}
{"op_code":5,"worker_id":"0c0f9c6a-7791-4e75-bd15-b6694c4e9ca4-139980931965760","trial_id":70,"param_name":"label_eq_tau","param_value_internal":1,"distribution":"{\"name\": \"CategoricalDistribution\", \"attributes\": {\"choices\": [\"earn\", \"acq\", \"money-fx\", \"grain\", \"crude\", \"trade\", \"interest\", \"ship\", \"wheat\", \"corn\", \"sugar\", \"oilseed\", \"dlr\", \"gnp\", \"coffee\", \"veg-oil\", \"gold\", \"nat-gas\", \"money-supply\", \"livestock\"]}}"}
{"op_code":5,"worker_id":"0c0f9c6a-7791-4e75-bd15-b6694c4e9ca4-139980931965760","trial_id":70,"param_name":"need_label_minus","param_value_internal":0.0,"distribution":"{\"name\": \"IntDistribution\", \"attributes\": {\"log\": false, \"step\": 1, \"low\": 0, \"high\": 1}}"}
{"op_code":5,"worker_id":"0c0f9c6a-7791-4e75-bd15-b6694c4e9ca4-139980931965760","trial_id":70,"param_name":"consequence_label","param_value_internal":16,"distribution":"{\"name\": \"CategoricalDistribution\", \"attributes\": {\"choices\": [\"earn\", \"acq\", \"money-fx\", \"grain\", \"crude\", \"trade\", \"interest\", \"ship\", \"wheat\", \"corn\", \"sugar\", \"oilseed\", \"dlr\", \"gnp\", \"coffee\", \"veg-oil\", \"gold\", \"nat-gas\", \"money-supply\", \"livestock\"]}}"}
{"op_code":6,"worker_id":"0c0f9c6a-7791-4e75-bd15-b6694c4e9ca4-139980931965760","trial_id":70,"state":1,"values":[-1.0],"datetime_complete":"2026-03-21T20:17:54.476126"}
{"op_code":4,"worker_id":"0c0f9c6a-7791-4e75-bd15-b6694c4e9ca4-139980931965760","study_id":0,"datetime_start":"2026-03-21T20:17:54.476733"}
{"op_code":5,"worker_id":"0c0f9c6a-7791-4e75-bd15-b6694c4e9ca4-139980931965760","trial_id":71,"param_name":"body_size","param_value_internal":4.0,"distribution":"{\"name\": \"IntDistribution\", \"attributes\": {\"log\": false, \"step\": 1, \"low\": 1, \"high\": 4}}"}
{"op_code":5,"worker_id":"0c0f9c6a-7791-4e75-bd15-b6694c4e9ca4-139980931965760","trial_id":71,"param_name":"body_pred_idx_0","param_value_internal":31.0,"distribution":"{\"name\": \"IntDistribution\", \"attributes\": {\"log\": false, \"step\": 1, \"low\": 0, \"high\": 99}}"}
{"op_code":5,"worker_id":"0c0f9c6a-7791-4e75-bd15-b6694c4e9ca4-139980931965760","trial_id":71,"param_name":"body_pred_idx_1","param_value_internal":1.0,"distribution":"{\"name\": \"IntDistribution\", \"attributes\": {\"log\": false, \"step\": 1, \"low\": 0, \"high\": 99}}"}
{"op_code":5,"worker_id":"0c0f9c6a-7791-4e75-bd15-b6694c4e9ca4-139980931965760","trial_id":71,"param_name":"body_pred_idx_2","param_value_internal":35.0,"distribution":"{\"name\": \"IntDistribution\", \"attributes\": {\"log\": false, \"step\": 1, \"low\": 0, \"high\": 99}}"}
{"op_code":5,"worker_id":"0c0f9c6a-7791-4e75-bd15-b6694c4e9ca4-139980931965760","trial_id":71,"param_name":"body_pred_idx_3","param_value_internal":56.0,"distribution":"{\"name\": \"IntDistribution\", \"attributes\": {\"log\": false, \"step\": 1, \"low\": 0, \"high\": 99}}"}
{"op_code":5,"worker_id":"0c0f9c6a-7791-4e75-bd15-b6694c4e9ca4-139980931965760","trial_id":71,"param_name":"need_ml_0","param_value_internal":0.0,"distribution":"{\"name\": \"IntDistribution\", \"attributes\": {\"log\": false, \"step\": 1, \"low\": 0, \"high\": 1}}"}
{"op_code":5,"worker_id":"0c0f9c6a-7791-4e75-bd15-b6694c4e9ca4-139980931965760","trial_id":71,"param_name":"need_ml_1","param_value_internal":0.0,"distribution":"{\"name\": \"IntDistribution\", \"attributes\": {\"log\": false, \"step\": 1, \"low\": 0, \"high\": 1}}"}
{"op_code":5,"worker_id":"0c0f9c6a-7791-4e75-bd15-b6694c4e9ca4-139980931965760","trial_id":71,"param_name":"need_ml_2","param_value_internal":0.0,"distribution":"{\"name\": \"IntDistribution\", \"attributes\": {\"log\": false, \"step\": 1, \"low\": 0, \"high\": 1}}"}
{"op_code":5,"worker_id":"0c0f9c6a-7791-4e75-bd15-b6694c4e9ca4-139980931965760","trial_id":71,"param_name":"need_label_contains","param_value_internal":0.0,"distribution":"{\"name\": \"IntDistribution\", \"attributes\": {\"log\": false, \"step\": 1, \"low\": 0, \"high\": 1}}"}
{"op_code":5,"worker_id":"0c0f9c6a-7791-4e75-bd15-b6694c4e9ca4-139980931965760","trial_id":71,"param_name":"need_label_eq","param_value_internal":0.0,"distribution":"{\"name\": \"IntDistribution\", \"attributes\": {\"log\": false, \"step\": 1, \"low\": 0, \"high\": 1}}"}
{"op_code":5,"worker_id":"0c0f9c6a-7791-4e75-bd15-b6694c4e9ca4-139980931965760","trial_id":71,"param_name":"need_label_minus","param_value_internal":1.0,"distribution":"{\"name\": \"IntDistribution\", \"attributes\": {\"log\": false, \"step\": 1, \"low\": 0, \"high\": 1}}"}
{"op_code":5,"worker_id":"0c0f9c6a-7791-4e75-bd15-b6694c4e9ca4-139980931965760","trial_id":71,"param_name":"label_minus_tau","param_value_internal":18,"distribution":"{\"name\": \"CategoricalDistribution\", \"attributes\": {\"choices\": [\"earn\", \"acq\", \"money-fx\", \"grain\", \"crude\", \"trade\", \"interest\", \"ship\", \"wheat\", \"corn\", \"sugar\", \"oilseed\", \"dlr\", \"gnp\", \"coffee\", \"veg-oil\", \"gold\", \"nat-gas\", \"money-supply\", \"livestock\"]}}"}
{"op_code":5,"worker_id":"0c0f9c6a-7791-4e75-bd15-b6694c4e9ca4-139980931965760","trial_id":71,"param_name":"consequence_label","param_value_internal":6,"distribution":"{\"name\": \"CategoricalDistribution\", \"attributes\": {\"choices\": [\"earn\", \"acq\", \"money-fx\", \"grain\", \"crude\", \"trade\", \"interest\", \"ship\", \"wheat\", \"corn\", \"sugar\", \"oilseed\", \"dlr\", \"gnp\", \"coffee\", \"veg-oil\", \"gold\", \"nat-gas\", \"money-supply\", \"livestock\"]}}"}
{"op_code":6,"worker_id":"0c0f9c6a-7791-4e75-bd15-b6694c4e9ca4-139980931965760","trial_id":71,"state":1,"values":[-1.0],"datetime_complete":"2026-03-21T20:17:54.522805"}
{"op_code":4,"worker_id":"0c0f9c6a-7791-4e75-bd15-b6694c4e9ca4-139980931965760","study_id":0,"datetime_start":"2026-03-21T20:17:54.523360"}
{"op_code":5,"worker_id":"0c0f9c6a-7791-4e75-bd15-b6694c4e9ca4-139980931965760","trial_id":72,"param_name":"body_size","param_value_internal":4.0,"distribution":"{\"name\": \"IntDistribution\", \"attributes\": {\"log\": false, \"step\": 1, \"low\": 1, \"high\": 4}}"}
{"op_code":5,"worker_id":"0c0f9c6a-7791-4e75-bd15-b6694c4e9ca4-139980931965760","trial_id":72,"param_name":"body_pred_idx_0","param_value_internal":16.0,"distribution":"{\"name\": \"IntDistribution\", \"attributes\": {\"log\": false, \"step\": 1, \"low\": 0, \"high\": 99}}"}
{"op_code":5,"worker_id":"0c0f9c6a-7791-4e75-bd15-b6694c4e9ca4-139980931965760","trial_id":72,"param_name":"body_pred_idx_1","param_value_internal":11.0,"distribution":"{\"name\": \"IntDistribution\", \"attributes\": {\"log\": false, \"step\": 1, \"low\": 0, \"high\": 99}}"}
{"op_code":5,"worker_id":"0c0f9c6a-7791-4e75-bd15-b6694c4e9ca4-139980931965760","trial_id":72,"param_name":"body_pred_idx_2","param_value_internal":42.0,"distribution":"{\"name\": \"IntDistribution\", \"attributes\": {\"log\": false, \"step\": 1, \"low\": 0, \"high\": 99}}"}
{"op_code":5,"worker_id":"0c0f9c6a-7791-4e75-bd15-b6694c4e9ca4-139980931965760","trial_id":72,"param_name":"body_pred_idx_3","param_value_internal":73.0,"distribution":"{\"name\": \"IntDistribution\", \"attributes\": {\"log\": false, \"step\": 1, \"low\": 0, \"high\": 99}}"}
{"op_code":5,"worker_id":"0c0f9c6a-7791-4e75-bd15-b6694c4e9ca4-139980931965760","trial_id":72,"param_name":"eta_11","param_value_internal":6.0,"distribution":"{\"name\": \"IntDistribution\", \"attributes\": {\"log\": false, \"step\": 1, \"low\": 1, \"high\": 20}}"}
{"op_code":5,"worker_id":"0c0f9c6a-7791-4e75-bd15-b6694c4e9ca4-139980931965760","trial_id":72,"param_name":"op_11","param_value_internal":2,"distribution":"{\"name\": \"CategoricalDistribution\", \"attributes\": {\"choices\": [\">=\", \"<=\", \"==\", \">\", \"<\"]}}"}
{"op_code":5,"worker_id":"0c0f9c6a-7791-4e75-bd15-b6694c4e9ca4-139980931965760","trial_id":72,"param_name":"need_ml_0","param_value_internal":0.0,"distribution":"{\"name\": \"IntDistribution\", \"attributes\": {\"log\": false, \"step\": 1, \"low\": 0, \"high\": 1}}"}
{"op_code":5,"worker_id":"0c0f9c6a-7791-4e75-bd15-b6694c4e9ca4-139980931965760","trial_id":72,"param_name":"need_ml_1","param_value_internal":0.0,"distribution":"{\"name\": \"IntDistribution\", \"attributes\": {\"log\": false, \"step\": 1, \"low\": 0, \"high\": 1}}"}
{"op_code":5,"worker_id":"0c0f9c6a-7791-4e75-bd15-b6694c4e9ca4-139980931965760","trial_id":72,"param_name":"need_ml_2","param_value_internal":0.0,"distribution":"{\"name\": \"IntDistribution\", \"attributes\": {\"log\": false, \"step\": 1, \"low\": 0, \"high\": 1}}"}
{"op_code":5,"worker_id":"0c0f9c6a-7791-4e75-bd15-b6694c4e9ca4-139980931965760","trial_id":72,"param_name":"need_label_contains","param_value_internal":0.0,"distribution":"{\"name\": \"IntDistribution\", \"attributes\": {\"log\": false, \"step\": 1, \"low\": 0, \"high\": 1}}"}
{"op_code":5,"worker_id":"0c0f9c6a-7791-4e75-bd15-b6694c4e9ca4-139980931965760","trial_id":72,"param_name":"need_label_eq","param_value_internal":0.0,"distribution":"{\"name\": \"IntDistribution\", \"attributes\": {\"log\": false, \"step\": 1, \"low\": 0, \"high\": 1}}"}
{"op_code":5,"worker_id":"0c0f9c6a-7791-4e75-bd15-b6694c4e9ca4-139980931965760","trial_id":72,"param_name":"need_label_minus","param_value_internal":1.0,"distribution":"{\"name\": \"IntDistribution\", \"attributes\": {\"log\": false, \"step\": 1, \"low\": 0, \"high\": 1}}"}
{"op_code":5,"worker_id":"0c0f9c6a-7791-4e75-bd15-b6694c4e9ca4-139980931965760","trial_id":72,"param_name":"label_minus_tau","param_value_internal":9,"distribution":"{\"name\": \"CategoricalDistribution\", \"attributes\": {\"choices\": [\"earn\", \"acq\", \"money-fx\", \"grain\", \"crude\", \"trade\", \"interest\", \"ship\", \"wheat\", \"corn\", \"sugar\", \"oilseed\", \"dlr\", \"gnp\", \"coffee\", \"veg-oil\", \"gold\", \"nat-gas\", \"money-supply\", \"livestock\"]}}"}
{"op_code":5,"worker_id":"0c0f9c6a-7791-4e75-bd15-b6694c4e9ca4-139980931965760","trial_id":72,"param_name":"consequence_label","param_value_internal":15,"distribution":"{\"name\": \"CategoricalDistribution\", \"attributes\": {\"choices\": [\"earn\", \"acq\", \"money-fx\", \"grain\", \"crude\", \"trade\", \"interest\", \"ship\", \"wheat\", \"corn\", \"sugar\", \"oilseed\", \"dlr\", \"gnp\", \"coffee\", \"veg-oil\", \"gold\", \"nat-gas\", \"money-supply\", \"livestock\"]}}"}
{"op_code":6,"worker_id":"0c0f9c6a-7791-4e75-bd15-b6694c4e9ca4-139980931965760","trial_id":72,"state":1,"values":[-1.0],"datetime_complete":"2026-03-21T20:17:54.568146"}
{"op_code":4,"worker_id":"0c0f9c6a-7791-4e75-bd15-b6694c4e9ca4-139980931965760","study_id":0,"datetime_start":"2026-03-21T20:17:54.568938"}
{"op_code":5,"worker_id":"0c0f9c6a-7791-4e75-bd15-b6694c4e9ca4-139980931965760","trial_id":73,"param_name":"body_size","param_value_internal":4.0,"distribution":"{\"name\": \"IntDistribution\", \"attributes\": {\"log\": false, \"step\": 1, \"low\": 1, \"high\": 4}}"}
{"op_code":5,"worker_id":"0c0f9c6a-7791-4e75-bd15-b6694c4e9ca4-139980931965760","trial_id":73,"param_name":"body_pred_idx_0","param_value_internal":8.0,"distribution":"{\"name\": \"IntDistribution\", \"attributes\": {\"log\": false, \"step\": 1, \"low\": 0, \"high\": 99}}"}
{"op_code":5,"worker_id":"0c0f9c6a-7791-4e75-bd15-b6694c4e9ca4-139980931965760","trial_id":73,"param_name":"body_pred_idx_1","param_value_internal":17.0,"distribution":"{\"name\": \"IntDistribution\", \"attributes\": {\"log\": false, \"step\": 1, \"low\": 0, \"high\": 99}}"}
{"op_code":5,"worker_id":"0c0f9c6a-7791-4e75-bd15-b6694c4e9ca4-139980931965760","trial_id":73,"param_name":"body_pred_idx_2","param_value_internal":7.0,"distribution":"{\"name\": \"IntDistribution\", \"attributes\": {\"log\": false, \"step\": 1, \"low\": 0, \"high\": 99}}"}
{"op_code":5,"worker_id":"0c0f9c6a-7791-4e75-bd15-b6694c4e9ca4-139980931965760","trial_id":73,"param_name":"body_pred_idx_3","param_value_internal":36.0,"distribution":"{\"name\": \"IntDistribution\", \"attributes\": {\"log\": false, \"step\": 1, \"low\": 0, \"high\": 99}}"}
{"op_code":5,"worker_id":"0c0f9c6a-7791-4e75-bd15-b6694c4e9ca4-139980931965760","trial_id":73,"param_name":"eta_8","param_value_internal":20.0,"distribution":"{\"name\": \"IntDistribution\", \"attributes\": {\"log\": false, \"step\": 1, \"low\": 1, \"high\": 20}}"}
{"op_code":5,"worker_id":"0c0f9c6a-7791-4e75-bd15-b6694c4e9ca4-139980931965760","trial_id":73,"param_name":"op_8","param_value_internal":4,"distribution":"{\"name\": \"CategoricalDistribution\", \"attributes\": {\"choices\": [\">=\", \"<=\", \"==\", \">\", \"<\"]}}"}
{"op_code":5,"worker_id":"0c0f9c6a-7791-4e75-bd15-b6694c4e9ca4-139980931965760","trial_id":73,"param_name":"eta_17","param_value_internal":19.0,"distribution":"{\"name\": \"IntDistribution\", \"attributes\": {\"log\": false, \"step\": 1, \"low\": 1, \"high\": 20}}"}
{"op_code":5,"worker_id":"0c0f9c6a-7791-4e75-bd15-b6694c4e9ca4-139980931965760","trial_id":73,"param_name":"op_17","param_value_internal":1,"distribution":"{\"name\": \"CategoricalDistribution\", \"attributes\": {\"choices\": [\">=\", \"<=\", \"==\", \">\", \"<\"]}}"}
{"op_code":5,"worker_id":"0c0f9c6a-7791-4e75-bd15-b6694c4e9ca4-139980931965760","trial_id":73,"param_name":"need_ml_0","param_value_internal":0.0,"distribution":"{\"name\": \"IntDistribution\", \"attributes\": {\"log\": false, \"step\": 1, \"low\": 0, \"high\": 1}}"}
{"op_code":5,"worker_id":"0c0f9c6a-7791-4e75-bd15-b6694c4e9ca4-139980931965760","trial_id":73,"param_name":"need_ml_1","param_value_internal":0.0,"distribution":"{\"name\": \"IntDistribution\", \"attributes\": {\"log\": false, \"step\": 1, \"low\": 0, \"high\": 1}}"}
{"op_code":5,"worker_id":"0c0f9c6a-7791-4e75-bd15-b6694c4e9ca4-139980931965760","trial_id":73,"param_name":"need_ml_2","param_value_internal":0.0,"distribution":"{\"name\": \"IntDistribution\", \"attributes\": {\"log\": false, \"step\": 1, \"low\": 0, \"high\": 1}}"}
{"op_code":5,"worker_id":"0c0f9c6a-7791-4e75-bd15-b6694c4e9ca4-139980931965760","trial_id":73,"param_name":"need_label_contains","param_value_internal":0.0,"distribution":"{\"name\": \"IntDistribution\", \"attributes\": {\"log\": false, \"step\": 1, \"low\": 0, \"high\": 1}}"}
{"op_code":5,"worker_id":"0c0f9c6a-7791-4e75-bd15-b6694c4e9ca4-139980931965760","trial_id":73,"param_name":"need_label_eq","param_value_internal":0.0,"distribution":"{\"name\": \"IntDistribution\", \"attributes\": {\"log\": false, \"step\": 1, \"low\": 0, \"high\": 1}}"}
{"op_code":5,"worker_id":"0c0f9c6a-7791-4e75-bd15-b6694c4e9ca4-139980931965760","trial_id":73,"param_name":"need_label_minus","param_value_internal":1.0,"distribution":"{\"name\": \"IntDistribution\", \"attributes\": {\"log\": false, \"step\": 1, \"low\": 0, \"high\": 1}}"}
{"op_code":5,"worker_id":"0c0f9c6a-7791-4e75-bd15-b6694c4e9ca4-139980931965760","trial_id":73,"param_name":"label_minus_tau","param_value_internal":17,"distribution":"{\"name\": \"CategoricalDistribution\", \"attributes\": {\"choices\": [\"earn\", \"acq\", \"money-fx\", \"grain\", \"crude\", \"trade\", \"interest\", \"ship\", \"wheat\", \"corn\", \"sugar\", \"oilseed\", \"dlr\", \"gnp\", \"coffee\", \"veg-oil\", \"gold\", \"nat-gas\", \"money-supply\", \"livestock\"]}}"}
{"op_code":5,"worker_id":"0c0f9c6a-7791-4e75-bd15-b6694c4e9ca4-139980931965760","trial_id":73,"param_name":"consequence_label","param_value_internal":8,"distribution":"{\"name\": \"CategoricalDistribution\", \"attributes\": {\"choices\": [\"earn\", \"acq\", \"money-fx\", \"grain\", \"crude\", \"trade\", \"interest\", \"ship\", \"wheat\", \"corn\", \"sugar\", \"oilseed\", \"dlr\", \"gnp\", \"coffee\", \"veg-oil\", \"gold\", \"nat-gas\", \"money-supply\", \"livestock\"]}}"}
{"op_code":6,"worker_id":"0c0f9c6a-7791-4e75-bd15-b6694c4e9ca4-139980931965760","trial_id":73,"state":1,"values":[-1.0],"datetime_complete":"2026-03-21T20:17:54.630552"}
{"op_code":4,"worker_id":"0c0f9c6a-7791-4e75-bd15-b6694c4e9ca4-139980931965760","study_id":0,"datetime_start":"2026-03-21T20:17:54.631224"}
{"op_code":5,"worker_id":"0c0f9c6a-7791-4e75-bd15-b6694c4e9ca4-139980931965760","trial_id":74,"param_name":"body_size","param_value_internal":4.0,"distribution":"{\"name\": \"IntDistribution\", \"attributes\": {\"log\": false, \"step\": 1, \"low\": 1, \"high\": 4}}"}
{"op_code":5,"worker_id":"0c0f9c6a-7791-4e75-bd15-b6694c4e9ca4-139980931965760","trial_id":74,"param_name":"body_pred_idx_0","param_value_internal":19.0,"distribution":"{\"name\": \"IntDistribution\", \"attributes\": {\"log\": false, \"step\": 1, \"low\": 0, \"high\": 99}}"}
{"op_code":5,"worker_id":"0c0f9c6a-7791-4e75-bd15-b6694c4e9ca4-139980931965760","trial_id":74,"param_name":"body_pred_idx_1","param_value_internal":5.0,"distribution":"{\"name\": \"IntDistribution\", \"attributes\": {\"log\": false, \"step\": 1, \"low\": 0, \"high\": 99}}"}
{"op_code":5,"worker_id":"0c0f9c6a-7791-4e75-bd15-b6694c4e9ca4-139980931965760","trial_id":74,"param_name":"body_pred_idx_2","param_value_internal":33.0,"distribution":"{\"name\": \"IntDistribution\", \"attributes\": {\"log\": false, \"step\": 1, \"low\": 0, \"high\": 99}}"}
{"op_code":5,"worker_id":"0c0f9c6a-7791-4e75-bd15-b6694c4e9ca4-139980931965760","trial_id":74,"param_name":"body_pred_idx_3","param_value_internal":51.0,"distribution":"{\"name\": \"IntDistribution\", \"attributes\": {\"log\": false, \"step\": 1, \"low\": 0, \"high\": 99}}"}
{"op_code":5,"worker_id":"0c0f9c6a-7791-4e75-bd15-b6694c4e9ca4-139980931965760","trial_id":74,"param_name":"eta_19","param_value_internal":20.0,"distribution":"{\"name\": \"IntDistribution\", \"attributes\": {\"log\": false, \"step\": 1, \"low\": 1, \"high\": 20}}"}
{"op_code":5,"worker_id":"0c0f9c6a-7791-4e75-bd15-b6694c4e9ca4-139980931965760","trial_id":74,"param_name":"op_19","param_value_internal":0,"distribution":"{\"name\": \"CategoricalDistribution\", \"attributes\": {\"choices\": [\">=\", \"<=\", \"==\", \">\", \"<\"]}}"}
{"op_code":5,"worker_id":"0c0f9c6a-7791-4e75-bd15-b6694c4e9ca4-139980931965760","trial_id":74,"param_name":"need_ml_0","param_value_internal":0.0,"distribution":"{\"name\": \"IntDistribution\", \"attributes\": {\"log\": false, \"step\": 1, \"low\": 0, \"high\": 1}}"}
{"op_code":5,"worker_id":"0c0f9c6a-7791-4e75-bd15-b6694c4e9ca4-139980931965760","trial_id":74,"param_name":"need_ml_1","param_value_internal":0.0,"distribution":"{\"name\": \"IntDistribution\", \"attributes\": {\"log\": false, \"step\": 1, \"low\": 0, \"high\": 1}}"}
{"op_code":5,"worker_id":"0c0f9c6a-7791-4e75-bd15-b6694c4e9ca4-139980931965760","trial_id":74,"param_name":"need_ml_2","param_value_internal":0.0,"distribution":"{\"name\": \"IntDistribution\", \"attributes\": {\"log\": false, \"step\": 1, \"low\": 0, \"high\": 1}}"}
{"op_code":5,"worker_id":"0c0f9c6a-7791-4e75-bd15-b6694c4e9ca4-139980931965760","trial_id":74,"param_name":"need_label_contains","param_value_internal":0.0,"distribution":"{\"name\": \"IntDistribution\", \"attributes\": {\"log\": false, \"step\": 1, \"low\": 0, \"high\": 1}}"}
{"op_code":5,"worker_id":"0c0f9c6a-7791-4e75-bd15-b6694c4e9ca4-139980931965760","trial_id":74,"param_name":"need_label_eq","param_value_internal":0.0,"distribution":"{\"name\": \"IntDistribution\", \"attributes\": {\"log\": false, \"step\": 1, \"low\": 0, \"high\": 1}}"}
{"op_code":5,"worker_id":"0c0f9c6a-7791-4e75-bd15-b6694c4e9ca4-139980931965760","trial_id":74,"param_name":"need_label_minus","param_value_internal":1.0,"distribution":"{\"name\": \"IntDistribution\", \"attributes\": {\"log\": false, \"step\": 1, \"low\": 0, \"high\": 1}}"}
{"op_code":5,"worker_id":"0c0f9c6a-7791-4e75-bd15-b6694c4e9ca4-139980931965760","trial_id":74,"param_name":"label_minus_tau","param_value_internal":1,"distribution":"{\"name\": \"CategoricalDistribution\", \"attributes\": {\"choices\": [\"earn\", \"acq\", \"money-fx\", \"grain\", \"crude\", \"trade\", \"interest\", \"ship\", \"wheat\", \"corn\", \"sugar\", \"oilseed\", \"dlr\", \"gnp\", \"coffee\", \"veg-oil\", \"gold\", \"nat-gas\", \"money-supply\", \"livestock\"]}}"}
{"op_code":5,"worker_id":"0c0f9c6a-7791-4e75-bd15-b6694c4e9ca4-139980931965760","trial_id":74,"param_name":"consequence_label","param_value_internal":0,"distribution":"{\"name\": \"CategoricalDistribution\", \"attributes\": {\"choices\": [\"earn\", \"acq\", \"money-fx\", \"grain\", \"crude\", \"trade\", \"interest\", \"ship\", \"wheat\", \"corn\", \"sugar\", \"oilseed\", \"dlr\", \"gnp\", \"coffee\", \"veg-oil\", \"gold\", \"nat-gas\", \"money-supply\", \"livestock\"]}}"}
{"op_code":6,"worker_id":"0c0f9c6a-7791-4e75-bd15-b6694c4e9ca4-139980931965760","trial_id":74,"state":1,"values":[-1.0],"datetime_complete":"2026-03-21T20:17:54.676660"}
{"op_code":4,"worker_id":"0c0f9c6a-7791-4e75-bd15-b6694c4e9ca4-139980931965760","study_id":0,"datetime_start":"2026-03-21T20:17:54.688268"}
{"op_code":5,"worker_id":"0c0f9c6a-7791-4e75-bd15-b6694c4e9ca4-139980931965760","trial_id":75,"param_name":"body_size","param_value_internal":1.0,"distribution":"{\"name\": \"IntDistribution\", \"attributes\": {\"log\": false, \"step\": 1, \"low\": 1, \"high\": 4}}"}
{"op_code":5,"worker_id":"0c0f9c6a-7791-4e75-bd15-b6694c4e9ca4-139980931965760","trial_id":75,"param_name":"body_pred_idx_0","param_value_internal":64.0,"distribution":"{\"name\": \"IntDistribution\", \"attributes\": {\"log\": false, \"step\": 1, \"low\": 0, \"high\": 99}}"}
{"op_code":5,"worker_id":"0c0f9c6a-7791-4e75-bd15-b6694c4e9ca4-139980931965760","trial_id":75,"param_name":"need_ml_0","param_value_internal":0.0,"distribution":"{\"name\": \"IntDistribution\", \"attributes\": {\"log\": false, \"step\": 1, \"low\": 0, \"high\": 1}}"}
{"op_code":5,"worker_id":"0c0f9c6a-7791-4e75-bd15-b6694c4e9ca4-139980931965760","trial_id":75,"param_name":"need_ml_1","param_value_internal":0.0,"distribution":"{\"name\": \"IntDistribution\", \"attributes\": {\"log\": false, \"step\": 1, \"low\": 0, \"high\": 1}}"}
{"op_code":5,"worker_id":"0c0f9c6a-7791-4e75-bd15-b6694c4e9ca4-139980931965760","trial_id":75,"param_name":"need_ml_2","param_value_internal":0.0,"distribution":"{\"name\": \"IntDistribution\", \"attributes\": {\"log\": false, \"step\": 1, \"low\": 0, \"high\": 1}}"}
{"op_code":5,"worker_id":"0c0f9c6a-7791-4e75-bd15-b6694c4e9ca4-139980931965760","trial_id":75,"param_name":"need_label_contains","param_value_internal":0.0,"distribution":"{\"name\": \"IntDistribution\", \"attributes\": {\"log\": false, \"step\": 1, \"low\": 0, \"high\": 1}}"}
{"op_code":5,"worker_id":"0c0f9c6a-7791-4e75-bd15-b6694c4e9ca4-139980931965760","trial_id":75,"param_name":"need_label_eq","param_value_internal":0.0,"distribution":"{\"name\": \"IntDistribution\", \"attributes\": {\"log\": false, \"step\": 1, \"low\": 0, \"high\": 1}}"}
{"op_code":5,"worker_id":"0c0f9c6a-7791-4e75-bd15-b6694c4e9ca4-139980931965760","trial_id":75,"param_name":"need_label_minus","param_value_internal":1.0,"distribution":"{\"name\": \"IntDistribution\", \"attributes\": {\"log\": false, \"step\": 1, \"low\": 0, \"high\": 1}}"}
{"op_code":5,"worker_id":"0c0f9c6a-7791-4e75-bd15-b6694c4e9ca4-139980931965760","trial_id":75,"param_name":"label_minus_tau","param_value_internal":0,"distribution":"{\"name\": \"CategoricalDistribution\", \"attributes\": {\"choices\": [\"earn\", \"acq\", \"money-fx\", \"grain\", \"crude\", \"trade\", \"interest\", \"ship\", \"wheat\", \"corn\", \"sugar\", \"oilseed\", \"dlr\", \"gnp\", \"coffee\", \"veg-oil\", \"gold\", \"nat-gas\", \"money-supply\", \"livestock\"]}}"}
{"op_code":5,"worker_id":"0c0f9c6a-7791-4e75-bd15-b6694c4e9ca4-139980931965760","trial_id":75,"param_name":"consequence_label","param_value_internal":13,"distribution":"{\"name\": \"CategoricalDistribution\", \"attributes\": {\"choices\": [\"earn\", \"acq\", \"money-fx\", \"grain\", \"crude\", \"trade\", \"interest\", \"ship\", \"wheat\", \"corn\", \"sugar\", \"oilseed\", \"dlr\", \"gnp\", \"coffee\", \"veg-oil\", \"gold\", \"nat-gas\", \"money-supply\", \"livestock\"]}}"}
{"op_code":6,"worker_id":"0c0f9c6a-7791-4e75-bd15-b6694c4e9ca4-139980931965760","trial_id":75,"state":1,"values":[0.0],"datetime_complete":"2026-03-21T20:17:54.725375"}
{"op_code":4,"worker_id":"0c0f9c6a-7791-4e75-bd15-b6694c4e9ca4-139980931965760","study_id":0,"datetime_start":"2026-03-21T20:17:54.726077"}
{"op_code":5,"worker_id":"0c0f9c6a-7791-4e75-bd15-b6694c4e9ca4-139980931965760","trial_id":76,"param_name":"body_size","param_value_internal":1.0,"distribution":"{\"name\": \"IntDistribution\", \"attributes\": {\"log\": false, \"step\": 1, \"low\": 1, \"high\": 4}}"}
{"op_code":5,"worker_id":"0c0f9c6a-7791-4e75-bd15-b6694c4e9ca4-139980931965760","trial_id":76,"param_name":"body_pred_idx_0","param_value_internal":63.0,"distribution":"{\"name\": \"IntDistribution\", \"attributes\": {\"log\": false, \"step\": 1, \"low\": 0, \"high\": 99}}"}
{"op_code":5,"worker_id":"0c0f9c6a-7791-4e75-bd15-b6694c4e9ca4-139980931965760","trial_id":76,"param_name":"need_ml_0","param_value_internal":0.0,"distribution":"{\"name\": \"IntDistribution\", \"attributes\": {\"log\": false, \"step\": 1, \"low\": 0, \"high\": 1}}"}
{"op_code":5,"worker_id":"0c0f9c6a-7791-4e75-bd15-b6694c4e9ca4-139980931965760","trial_id":76,"param_name":"need_ml_1","param_value_internal":0.0,"distribution":"{\"name\": \"IntDistribution\", \"attributes\": {\"log\": false, \"step\": 1, \"low\": 0, \"high\": 1}}"}
{"op_code":5,"worker_id":"0c0f9c6a-7791-4e75-bd15-b6694c4e9ca4-139980931965760","trial_id":76,"param_name":"need_ml_2","param_value_internal":0.0,"distribution":"{\"name\": \"IntDistribution\", \"attributes\": {\"log\": false, \"step\": 1, \"low\": 0, \"high\": 1}}"}
{"op_code":5,"worker_id":"0c0f9c6a-7791-4e75-bd15-b6694c4e9ca4-139980931965760","trial_id":76,"param_name":"need_label_contains","param_value_internal":0.0,"distribution":"{\"name\": \"IntDistribution\", \"attributes\": {\"log\": false, \"step\": 1, \"low\": 0, \"high\": 1}}"}
{"op_code":5,"worker_id":"0c0f9c6a-7791-4e75-bd15-b6694c4e9ca4-139980931965760","trial_id":76,"param_name":"need_label_eq","param_value_internal":0.0,"distribution":"{\"name\": \"IntDistribution\", \"attributes\": {\"log\": false, \"step\": 1, \"low\": 0, \"high\": 1}}"}
{"op_code":5,"worker_id":"0c0f9c6a-7791-4e75-bd15-b6694c4e9ca4-139980931965760","trial_id":76,"param_name":"need_label_minus","param_value_internal":1.0,"distribution":"{\"name\": \"IntDistribution\", \"attributes\": {\"log\": false, \"step\": 1, \"low\": 0, \"high\": 1}}"}
{"op_code":5,"worker_id":"0c0f9c6a-7791-4e75-bd15-b6694c4e9ca4-139980931965760","trial_id":76,"param_name":"label_minus_tau","param_value_internal":0,"distribution":"{\"name\": \"CategoricalDistribution\", \"attributes\": {\"choices\": [\"earn\", \"acq\", \"money-fx\", \"grain\", \"crude\", \"trade\", \"interest\", \"ship\", \"wheat\", \"corn\", \"sugar\", \"oilseed\", \"dlr\", \"gnp\", \"coffee\", \"veg-oil\", \"gold\", \"nat-gas\", \"money-supply\", \"livestock\"]}}"}
{"op_code":5,"worker_id":"0c0f9c6a-7791-4e75-bd15-b6694c4e9ca4-139980931965760","trial_id":76,"param_name":"consequence_label","param_value_internal":13,"distribution":"{\"name\": \"CategoricalDistribution\", \"attributes\": {\"choices\": [\"earn\", \"acq\", \"money-fx\", \"grain\", \"crude\", \"trade\", \"interest\", \"ship\", \"wheat\", \"corn\", \"sugar\", \"oilseed\", \"dlr\", \"gnp\", \"coffee\", \"veg-oil\", \"gold\", \"nat-gas\", \"money-supply\", \"livestock\"]}}"}
{"op_code":6,"worker_id":"0c0f9c6a-7791-4e75-bd15-b6694c4e9ca4-139980931965760","trial_id":76,"state":1,"values":[0.0],"datetime_complete":"2026-03-21T20:17:54.767650"}
{"op_code":4,"worker_id":"0c0f9c6a-7791-4e75-bd15-b6694c4e9ca4-139980931965760","study_id":0,"datetime_start":"2026-03-21T20:17:54.768805"}
{"op_code":5,"worker_id":"0c0f9c6a-7791-4e75-bd15-b6694c4e9ca4-139980931965760","trial_id":77,"param_name":"body_size","param_value_internal":1.0,"distribution":"{\"name\": \"IntDistribution\", \"attributes\": {\"log\": false, \"step\": 1, \"low\": 1, \"high\": 4}}"}
{"op_code":5,"worker_id":"0c0f9c6a-7791-4e75-bd15-b6694c4e9ca4-139980931965760","trial_id":77,"param_name":"body_pred_idx_0","param_value_internal":63.0,"distribution":"{\"name\": \"IntDistribution\", \"attributes\": {\"log\": false, \"step\": 1, \"low\": 0, \"high\": 99}}"}
{"op_code":5,"worker_id":"0c0f9c6a-7791-4e75-bd15-b6694c4e9ca4-139980931965760","trial_id":77,"param_name":"need_ml_0","param_value_internal":0.0,"distribution":"{\"name\": \"IntDistribution\", \"attributes\": {\"log\": false, \"step\": 1, \"low\": 0, \"high\": 1}}"}
{"op_code":5,"worker_id":"0c0f9c6a-7791-4e75-bd15-b6694c4e9ca4-139980931965760","trial_id":77,"param_name":"need_ml_1","param_value_internal":0.0,"distribution":"{\"name\": \"IntDistribution\", \"attributes\": {\"log\": false, \"step\": 1, \"low\": 0, \"high\": 1}}"}
{"op_code":5,"worker_id":"0c0f9c6a-7791-4e75-bd15-b6694c4e9ca4-139980931965760","trial_id":77,"param_name":"need_ml_2","param_value_internal":0.0,"distribution":"{\"name\": \"IntDistribution\", \"attributes\": {\"log\": false, \"step\": 1, \"low\": 0, \"high\": 1}}"}
{"op_code":5,"worker_id":"0c0f9c6a-7791-4e75-bd15-b6694c4e9ca4-139980931965760","trial_id":77,"param_name":"need_label_contains","param_value_internal":0.0,"distribution":"{\"name\": \"IntDistribution\", \"attributes\": {\"log\": false, \"step\": 1, \"low\": 0, \"high\": 1}}"}
{"op_code":5,"worker_id":"0c0f9c6a-7791-4e75-bd15-b6694c4e9ca4-139980931965760","trial_id":77,"param_name":"need_label_eq","param_value_internal":0.0,"distribution":"{\"name\": \"IntDistribution\", \"attributes\": {\"log\": false, \"step\": 1, \"low\": 0, \"high\": 1}}"}
{"op_code":5,"worker_id":"0c0f9c6a-7791-4e75-bd15-b6694c4e9ca4-139980931965760","trial_id":77,"param_name":"need_label_minus","param_value_internal":1.0,"distribution":"{\"name\": \"IntDistribution\", \"attributes\": {\"log\": false, \"step\": 1, \"low\": 0, \"high\": 1}}"}
{"op_code":5,"worker_id":"0c0f9c6a-7791-4e75-bd15-b6694c4e9ca4-139980931965760","trial_id":77,"param_name":"label_minus_tau","param_value_internal":0,"distribution":"{\"name\": \"CategoricalDistribution\", \"attributes\": {\"choices\": [\"earn\", \"acq\", \"money-fx\", \"grain\", \"crude\", \"trade\", \"interest\", \"ship\", \"wheat\", \"corn\", \"sugar\", \"oilseed\", \"dlr\", \"gnp\", \"coffee\", \"veg-oil\", \"gold\", \"nat-gas\", \"money-supply\", \"livestock\"]}}"}
{"op_code":5,"worker_id":"0c0f9c6a-7791-4e75-bd15-b6694c4e9ca4-139980931965760","trial_id":77,"param_name":"consequence_label","param_value_internal":13,"distribution":"{\"name\": \"CategoricalDistribution\", \"attributes\": {\"choices\": [\"earn\", \"acq\", \"money-fx\", \"grain\", \"crude\", \"trade\", \"interest\", \"ship\", \"wheat\", \"corn\", \"sugar\", \"oilseed\", \"dlr\", \"gnp\", \"coffee\", \"veg-oil\", \"gold\", \"nat-gas\", \"money-supply\", \"livestock\"]}}"}
{"op_code":6,"worker_id":"0c0f9c6a-7791-4e75-bd15-b6694c4e9ca4-139980931965760","trial_id":77,"state":1,"values":[0.0],"datetime_complete":"2026-03-21T20:17:54.821139"}
{"op_code":4,"worker_id":"0c0f9c6a-7791-4e75-bd15-b6694c4e9ca4-139980931965760","study_id":0,"datetime_start":"2026-03-21T20:17:54.821884"}
{"op_code":5,"worker_id":"0c0f9c6a-7791-4e75-bd15-b6694c4e9ca4-139980931965760","trial_id":78,"param_name":"body_size","param_value_internal":1.0,"distribution":"{\"name\": \"IntDistribution\", \"attributes\": {\"log\": false, \"step\": 1, \"low\": 1, \"high\": 4}}"}
{"op_code":5,"worker_id":"0c0f9c6a-7791-4e75-bd15-b6694c4e9ca4-139980931965760","trial_id":78,"param_name":"body_pred_idx_0","param_value_internal":66.0,"distribution":"{\"name\": \"IntDistribution\", \"attributes\": {\"log\": false, \"step\": 1, \"low\": 0, \"high\": 99}}"}
{"op_code":5,"worker_id":"0c0f9c6a-7791-4e75-bd15-b6694c4e9ca4-139980931965760","trial_id":78,"param_name":"need_ml_0","param_value_internal":0.0,"distribution":"{\"name\": \"IntDistribution\", \"attributes\": {\"log\": false, \"step\": 1, \"low\": 0, \"high\": 1}}"}
{"op_code":5,"worker_id":"0c0f9c6a-7791-4e75-bd15-b6694c4e9ca4-139980931965760","trial_id":78,"param_name":"need_ml_1","param_value_internal":0.0,"distribution":"{\"name\": \"IntDistribution\", \"attributes\": {\"log\": false, \"step\": 1, \"low\": 0, \"high\": 1}}"}
{"op_code":5,"worker_id":"0c0f9c6a-7791-4e75-bd15-b6694c4e9ca4-139980931965760","trial_id":78,"param_name":"need_ml_2","param_value_internal":0.0,"distribution":"{\"name\": \"IntDistribution\", \"attributes\": {\"log\": false, \"step\": 1, \"low\": 0, \"high\": 1}}"}
{"op_code":5,"worker_id":"0c0f9c6a-7791-4e75-bd15-b6694c4e9ca4-139980931965760","trial_id":78,"param_name":"need_label_contains","param_value_internal":0.0,"distribution":"{\"name\": \"IntDistribution\", \"attributes\": {\"log\": false, \"step\": 1, \"low\": 0, \"high\": 1}}"}
{"op_code":5,"worker_id":"0c0f9c6a-7791-4e75-bd15-b6694c4e9ca4-139980931965760","trial_id":78,"param_name":"need_label_eq","param_value_internal":0.0,"distribution":"{\"name\": \"IntDistribution\", \"attributes\": {\"log\": false, \"step\": 1, \"low\": 0, \"high\": 1}}"}
{"op_code":5,"worker_id":"0c0f9c6a-7791-4e75-bd15-b6694c4e9ca4-139980931965760","trial_id":78,"param_name":"need_label_minus","param_value_internal":1.0,"distribution":"{\"name\": \"IntDistribution\", \"attributes\": {\"log\": false, \"step\": 1, \"low\": 0, \"high\": 1}}"}
{"op_code":5,"worker_id":"0c0f9c6a-7791-4e75-bd15-b6694c4e9ca4-139980931965760","trial_id":78,"param_name":"label_minus_tau","param_value_internal":0,"distribution":"{\"name\": \"CategoricalDistribution\", \"attributes\": {\"choices\": [\"earn\", \"acq\", \"money-fx\", \"grain\", \"crude\", \"trade\", \"interest\", \"ship\", \"wheat\", \"corn\", \"sugar\", \"oilseed\", \"dlr\", \"gnp\", \"coffee\", \"veg-oil\", \"gold\", \"nat-gas\", \"money-supply\", \"livestock\"]}}"}
{"op_code":5,"worker_id":"0c0f9c6a-7791-4e75-bd15-b6694c4e9ca4-139980931965760","trial_id":78,"param_name":"consequence_label","param_value_internal":10,"distribution":"{\"name\": \"CategoricalDistribution\", \"attributes\": {\"choices\": [\"earn\", \"acq\", \"money-fx\", \"grain\", \"crude\", \"trade\", \"interest\", \"ship\", \"wheat\", \"corn\", \"sugar\", \"oilseed\", \"dlr\", \"gnp\", \"coffee\", \"veg-oil\", \"gold\", \"nat-gas\", \"money-supply\", \"livestock\"]}}"}
{"op_code":6,"worker_id":"0c0f9c6a-7791-4e75-bd15-b6694c4e9ca4-139980931965760","trial_id":78,"state":1,"values":[0.0],"datetime_complete":"2026-03-21T20:17:54.858840"}
{"op_code":4,"worker_id":"0c0f9c6a-7791-4e75-bd15-b6694c4e9ca4-139980931965760","study_id":0,"datetime_start":"2026-03-21T20:17:54.859557"}
{"op_code":5,"worker_id":"0c0f9c6a-7791-4e75-bd15-b6694c4e9ca4-139980931965760","trial_id":79,"param_name":"body_size","param_value_internal":1.0,"distribution":"{\"name\": \"IntDistribution\", \"attributes\": {\"log\": false, \"step\": 1, \"low\": 1, \"high\": 4}}"}
{"op_code":5,"worker_id":"0c0f9c6a-7791-4e75-bd15-b6694c4e9ca4-139980931965760","trial_id":79,"param_name":"body_pred_idx_0","param_value_internal":63.0,"distribution":"{\"name\": \"IntDistribution\", \"attributes\": {\"log\": false, \"step\": 1, \"low\": 0, \"high\": 99}}"}
{"op_code":5,"worker_id":"0c0f9c6a-7791-4e75-bd15-b6694c4e9ca4-139980931965760","trial_id":79,"param_name":"need_ml_0","param_value_internal":0.0,"distribution":"{\"name\": \"IntDistribution\", \"attributes\": {\"log\": false, \"step\": 1, \"low\": 0, \"high\": 1}}"}
{"op_code":5,"worker_id":"0c0f9c6a-7791-4e75-bd15-b6694c4e9ca4-139980931965760","trial_id":79,"param_name":"need_ml_1","param_value_internal":0.0,"distribution":"{\"name\": \"IntDistribution\", \"attributes\": {\"log\": false, \"step\": 1, \"low\": 0, \"high\": 1}}"}
{"op_code":5,"worker_id":"0c0f9c6a-7791-4e75-bd15-b6694c4e9ca4-139980931965760","trial_id":79,"param_name":"need_ml_2","param_value_internal":0.0,"distribution":"{\"name\": \"IntDistribution\", \"attributes\": {\"log\": false, \"step\": 1, \"low\": 0, \"high\": 1}}"}
{"op_code":5,"worker_id":"0c0f9c6a-7791-4e75-bd15-b6694c4e9ca4-139980931965760","trial_id":79,"param_name":"need_label_contains","param_value_internal":0.0,"distribution":"{\"name\": \"IntDistribution\", \"attributes\": {\"log\": false, \"step\": 1, \"low\": 0, \"high\": 1}}"}
{"op_code":5,"worker_id":"0c0f9c6a-7791-4e75-bd15-b6694c4e9ca4-139980931965760","trial_id":79,"param_name":"need_label_eq","param_value_internal":0.0,"distribution":"{\"name\": \"IntDistribution\", \"attributes\": {\"log\": false, \"step\": 1, \"low\": 0, \"high\": 1}}"}
{"op_code":5,"worker_id":"0c0f9c6a-7791-4e75-bd15-b6694c4e9ca4-139980931965760","trial_id":79,"param_name":"need_label_minus","param_value_internal":1.0,"distribution":"{\"name\": \"IntDistribution\", \"attributes\": {\"log\": false, \"step\": 1, \"low\": 0, \"high\": 1}}"}
{"op_code":5,"worker_id":"0c0f9c6a-7791-4e75-bd15-b6694c4e9ca4-139980931965760","trial_id":79,"param_name":"label_minus_tau","param_value_internal":0,"distribution":"{\"name\": \"CategoricalDistribution\", \"attributes\": {\"choices\": [\"earn\", \"acq\", \"money-fx\", \"grain\", \"crude\", \"trade\", \"interest\", \"ship\", \"wheat\", \"corn\", \"sugar\", \"oilseed\", \"dlr\", \"gnp\", \"coffee\", \"veg-oil\", \"gold\", \"nat-gas\", \"money-supply\", \"livestock\"]}}"}
{"op_code":5,"worker_id":"0c0f9c6a-7791-4e75-bd15-b6694c4e9ca4-139980931965760","trial_id":79,"param_name":"consequence_label","param_value_internal":13,"distribution":"{\"name\": \"CategoricalDistribution\", \"attributes\": {\"choices\": [\"earn\", \"acq\", \"money-fx\", \"grain\", \"crude\", \"trade\", \"interest\", \"ship\", \"wheat\", \"corn\", \"sugar\", \"oilseed\", \"dlr\", \"gnp\", \"coffee\", \"veg-oil\", \"gold\", \"nat-gas\", \"money-supply\", \"livestock\"]}}"}
{"op_code":6,"worker_id":"0c0f9c6a-7791-4e75-bd15-b6694c4e9ca4-139980931965760","trial_id":79,"state":1,"values":[0.0],"datetime_complete":"2026-03-21T20:17:54.898691"}
{"op_code":4,"worker_id":"0c0f9c6a-7791-4e75-bd15-b6694c4e9ca4-139980931965760","study_id":0,"datetime_start":"2026-03-21T20:17:54.899418"}
{"op_code":5,"worker_id":"0c0f9c6a-7791-4e75-bd15-b6694c4e9ca4-139980931965760","trial_id":80,"param_name":"body_size","param_value_internal":1.0,"distribution":"{\"name\": \"IntDistribution\", \"attributes\": {\"log\": false, \"step\": 1, \"low\": 1, \"high\": 4}}"}
{"op_code":5,"worker_id":"0c0f9c6a-7791-4e75-bd15-b6694c4e9ca4-139980931965760","trial_id":80,"param_name":"body_pred_idx_0","param_value_internal":68.0,"distribution":"{\"name\": \"IntDistribution\", \"attributes\": {\"log\": false, \"step\": 1, \"low\": 0, \"high\": 99}}"}
{"op_code":5,"worker_id":"0c0f9c6a-7791-4e75-bd15-b6694c4e9ca4-139980931965760","trial_id":80,"param_name":"need_ml_0","param_value_internal":0.0,"distribution":"{\"name\": \"IntDistribution\", \"attributes\": {\"log\": false, \"step\": 1, \"low\": 0, \"high\": 1}}"}
{"op_code":5,"worker_id":"0c0f9c6a-7791-4e75-bd15-b6694c4e9ca4-139980931965760","trial_id":80,"param_name":"need_ml_1","param_value_internal":0.0,"distribution":"{\"name\": \"IntDistribution\", \"attributes\": {\"log\": false, \"step\": 1, \"low\": 0, \"high\": 1}}"}
{"op_code":5,"worker_id":"0c0f9c6a-7791-4e75-bd15-b6694c4e9ca4-139980931965760","trial_id":80,"param_name":"need_ml_2","param_value_internal":0.0,"distribution":"{\"name\": \"IntDistribution\", \"attributes\": {\"log\": false, \"step\": 1, \"low\": 0, \"high\": 1}}"}
{"op_code":5,"worker_id":"0c0f9c6a-7791-4e75-bd15-b6694c4e9ca4-139980931965760","trial_id":80,"param_name":"need_label_contains","param_value_internal":0.0,"distribution":"{\"name\": \"IntDistribution\", \"attributes\": {\"log\": false, \"step\": 1, \"low\": 0, \"high\": 1}}"}
{"op_code":5,"worker_id":"0c0f9c6a-7791-4e75-bd15-b6694c4e9ca4-139980931965760","trial_id":80,"param_name":"need_label_eq","param_value_internal":0.0,"distribution":"{\"name\": \"IntDistribution\", \"attributes\": {\"log\": false, \"step\": 1, \"low\": 0, \"high\": 1}}"}
{"op_code":5,"worker_id":"0c0f9c6a-7791-4e75-bd15-b6694c4e9ca4-139980931965760","trial_id":80,"param_name":"need_label_minus","param_value_internal":1.0,"distribution":"{\"name\": \"IntDistribution\", \"attributes\": {\"log\": false, \"step\": 1, \"low\": 0, \"high\": 1}}"}
{"op_code":5,"worker_id":"0c0f9c6a-7791-4e75-bd15-b6694c4e9ca4-139980931965760","trial_id":80,"param_name":"label_minus_tau","param_value_internal":0,"distribution":"{\"name\": \"CategoricalDistribution\", \"attributes\": {\"choices\": [\"earn\", \"acq\", \"money-fx\", \"grain\", \"crude\", \"trade\", \"interest\", \"ship\", \"wheat\", \"corn\", \"sugar\", \"oilseed\", \"dlr\", \"gnp\", \"coffee\", \"veg-oil\", \"gold\", \"nat-gas\", \"money-supply\", \"livestock\"]}}"}
{"op_code":5,"worker_id":"0c0f9c6a-7791-4e75-bd15-b6694c4e9ca4-139980931965760","trial_id":80,"param_name":"consequence_label","param_value_internal":13,"distribution":"{\"name\": \"CategoricalDistribution\", \"attributes\": {\"choices\": [\"earn\", \"acq\", \"money-fx\", \"grain\", \"crude\", \"trade\", \"interest\", \"ship\", \"wheat\", \"corn\", \"sugar\", \"oilseed\", \"dlr\", \"gnp\", \"coffee\", \"veg-oil\", \"gold\", \"nat-gas\", \"money-supply\", \"livestock\"]}}"}
{"op_code":6,"worker_id":"0c0f9c6a-7791-4e75-bd15-b6694c4e9ca4-139980931965760","trial_id":80,"state":1,"values":[0.0],"datetime_complete":"2026-03-21T20:17:54.936943"}
{"op_code":4,"worker_id":"0c0f9c6a-7791-4e75-bd15-b6694c4e9ca4-139980931965760","study_id":0,"datetime_start":"2026-03-21T20:17:54.937624"}
{"op_code":5,"worker_id":"0c0f9c6a-7791-4e75-bd15-b6694c4e9ca4-139980931965760","trial_id":81,"param_name":"body_size","param_value_internal":1.0,"distribution":"{\"name\": \"IntDistribution\", \"attributes\": {\"log\": false, \"step\": 1, \"low\": 1, \"high\": 4}}"}
{"op_code":5,"worker_id":"0c0f9c6a-7791-4e75-bd15-b6694c4e9ca4-139980931965760","trial_id":81,"param_name":"body_pred_idx_0","param_value_internal":65.0,"distribution":"{\"name\": \"IntDistribution\", \"attributes\": {\"log\": false, \"step\": 1, \"low\": 0, \"high\": 99}}"}
{"op_code":5,"worker_id":"0c0f9c6a-7791-4e75-bd15-b6694c4e9ca4-139980931965760","trial_id":81,"param_name":"need_ml_0","param_value_internal":0.0,"distribution":"{\"name\": \"IntDistribution\", \"attributes\": {\"log\": false, \"step\": 1, \"low\": 0, \"high\": 1}}"}
{"op_code":5,"worker_id":"0c0f9c6a-7791-4e75-bd15-b6694c4e9ca4-139980931965760","trial_id":81,"param_name":"need_ml_1","param_value_internal":0.0,"distribution":"{\"name\": \"IntDistribution\", \"attributes\": {\"log\": false, \"step\": 1, \"low\": 0, \"high\": 1}}"}
{"op_code":5,"worker_id":"0c0f9c6a-7791-4e75-bd15-b6694c4e9ca4-139980931965760","trial_id":81,"param_name":"need_ml_2","param_value_internal":0.0,"distribution":"{\"name\": \"IntDistribution\", \"attributes\": {\"log\": false, \"step\": 1, \"low\": 0, \"high\": 1}}"}
{"op_code":5,"worker_id":"0c0f9c6a-7791-4e75-bd15-b6694c4e9ca4-139980931965760","trial_id":81,"param_name":"need_label_contains","param_value_internal":0.0,"distribution":"{\"name\": \"IntDistribution\", \"attributes\": {\"log\": false, \"step\": 1, \"low\": 0, \"high\": 1}}"}
{"op_code":5,"worker_id":"0c0f9c6a-7791-4e75-bd15-b6694c4e9ca4-139980931965760","trial_id":81,"param_name":"need_label_eq","param_value_internal":0.0,"distribution":"{\"name\": \"IntDistribution\", \"attributes\": {\"log\": false, \"step\": 1, \"low\": 0, \"high\": 1}}"}
{"op_code":5,"worker_id":"0c0f9c6a-7791-4e75-bd15-b6694c4e9ca4-139980931965760","trial_id":81,"param_name":"need_label_minus","param_value_internal":1.0,"distribution":"{\"name\": \"IntDistribution\", \"attributes\": {\"log\": false, \"step\": 1, \"low\": 0, \"high\": 1}}"}
{"op_code":5,"worker_id":"0c0f9c6a-7791-4e75-bd15-b6694c4e9ca4-139980931965760","trial_id":81,"param_name":"label_minus_tau","param_value_internal":0,"distribution":"{\"name\": \"CategoricalDistribution\", \"attributes\": {\"choices\": [\"earn\", \"acq\", \"money-fx\", \"grain\", \"crude\", \"trade\", \"interest\", \"ship\", \"wheat\", \"corn\", \"sugar\", \"oilseed\", \"dlr\", \"gnp\", \"coffee\", \"veg-oil\", \"gold\", \"nat-gas\", \"money-supply\", \"livestock\"]}}"}
{"op_code":5,"worker_id":"0c0f9c6a-7791-4e75-bd15-b6694c4e9ca4-139980931965760","trial_id":81,"param_name":"consequence_label","param_value_internal":13,"distribution":"{\"name\": \"CategoricalDistribution\", \"attributes\": {\"choices\": [\"earn\", \"acq\", \"money-fx\", \"grain\", \"crude\", \"trade\", \"interest\", \"ship\", \"wheat\", \"corn\", \"sugar\", \"oilseed\", \"dlr\", \"gnp\", \"coffee\", \"veg-oil\", \"gold\", \"nat-gas\", \"money-supply\", \"livestock\"]}}"}
{"op_code":6,"worker_id":"0c0f9c6a-7791-4e75-bd15-b6694c4e9ca4-139980931965760","trial_id":81,"state":1,"values":[0.0],"datetime_complete":"2026-03-21T20:17:54.986671"}
{"op_code":4,"worker_id":"0c0f9c6a-7791-4e75-bd15-b6694c4e9ca4-139980931965760","study_id":0,"datetime_start":"2026-03-21T20:17:54.987298"}
{"op_code":5,"worker_id":"0c0f9c6a-7791-4e75-bd15-b6694c4e9ca4-139980931965760","trial_id":82,"param_name":"body_size","param_value_internal":1.0,"distribution":"{\"name\": \"IntDistribution\", \"attributes\": {\"log\": false, \"step\": 1, \"low\": 1, \"high\": 4}}"}
{"op_code":5,"worker_id":"0c0f9c6a-7791-4e75-bd15-b6694c4e9ca4-139980931965760","trial_id":82,"param_name":"body_pred_idx_0","param_value_internal":65.0,"distribution":"{\"name\": \"IntDistribution\", \"attributes\": {\"log\": false, \"step\": 1, \"low\": 0, \"high\": 99}}"}
{"op_code":5,"worker_id":"0c0f9c6a-7791-4e75-bd15-b6694c4e9ca4-139980931965760","trial_id":82,"param_name":"need_ml_0","param_value_internal":0.0,"distribution":"{\"name\": \"IntDistribution\", \"attributes\": {\"log\": false, \"step\": 1, \"low\": 0, \"high\": 1}}"}
{"op_code":5,"worker_id":"0c0f9c6a-7791-4e75-bd15-b6694c4e9ca4-139980931965760","trial_id":82,"param_name":"need_ml_1","param_value_internal":0.0,"distribution":"{\"name\": \"IntDistribution\", \"attributes\": {\"log\": false, \"step\": 1, \"low\": 0, \"high\": 1}}"}
{"op_code":5,"worker_id":"0c0f9c6a-7791-4e75-bd15-b6694c4e9ca4-139980931965760","trial_id":82,"param_name":"need_ml_2","param_value_internal":0.0,"distribution":"{\"name\": \"IntDistribution\", \"attributes\": {\"log\": false, \"step\": 1, \"low\": 0, \"high\": 1}}"}
{"op_code":5,"worker_id":"0c0f9c6a-7791-4e75-bd15-b6694c4e9ca4-139980931965760","trial_id":82,"param_name":"need_label_contains","param_value_internal":0.0,"distribution":"{\"name\": \"IntDistribution\", \"attributes\": {\"log\": false, \"step\": 1, \"low\": 0, \"high\": 1}}"}
{"op_code":5,"worker_id":"0c0f9c6a-7791-4e75-bd15-b6694c4e9ca4-139980931965760","trial_id":82,"param_name":"need_label_eq","param_value_internal":0.0,"distribution":"{\"name\": \"IntDistribution\", \"attributes\": {\"log\": false, \"step\": 1, \"low\": 0, \"high\": 1}}"}
{"op_code":5,"worker_id":"0c0f9c6a-7791-4e75-bd15-b6694c4e9ca4-139980931965760","trial_id":82,"param_name":"need_label_minus","param_value_internal":1.0,"distribution":"{\"name\": \"IntDistribution\", \"attributes\": {\"log\": false, \"step\": 1, \"low\": 0, \"high\": 1}}"}
{"op_code":5,"worker_id":"0c0f9c6a-7791-4e75-bd15-b6694c4e9ca4-139980931965760","trial_id":82,"param_name":"label_minus_tau","param_value_internal":0,"distribution":"{\"name\": \"CategoricalDistribution\", \"attributes\": {\"choices\": [\"earn\", \"acq\", \"money-fx\", \"grain\", \"crude\", \"trade\", \"interest\", \"ship\", \"wheat\", \"corn\", \"sugar\", \"oilseed\", \"dlr\", \"gnp\", \"coffee\", \"veg-oil\", \"gold\", \"nat-gas\", \"money-supply\", \"livestock\"]}}"}
{"op_code":5,"worker_id":"0c0f9c6a-7791-4e75-bd15-b6694c4e9ca4-139980931965760","trial_id":82,"param_name":"consequence_label","param_value_internal":13,"distribution":"{\"name\": \"CategoricalDistribution\", \"attributes\": {\"choices\": [\"earn\", \"acq\", \"money-fx\", \"grain\", \"crude\", \"trade\", \"interest\", \"ship\", \"wheat\", \"corn\", \"sugar\", \"oilseed\", \"dlr\", \"gnp\", \"coffee\", \"veg-oil\", \"gold\", \"nat-gas\", \"money-supply\", \"livestock\"]}}"}
{"op_code":6,"worker_id":"0c0f9c6a-7791-4e75-bd15-b6694c4e9ca4-139980931965760","trial_id":82,"state":1,"values":[0.0],"datetime_complete":"2026-03-21T20:17:55.023623"}
{"op_code":4,"worker_id":"0c0f9c6a-7791-4e75-bd15-b6694c4e9ca4-139980931965760","study_id":0,"datetime_start":"2026-03-21T20:17:55.024235"}
{"op_code":5,"worker_id":"0c0f9c6a-7791-4e75-bd15-b6694c4e9ca4-139980931965760","trial_id":83,"param_name":"body_size","param_value_internal":1.0,"distribution":"{\"name\": \"IntDistribution\", \"attributes\": {\"log\": false, \"step\": 1, \"low\": 1, \"high\": 4}}"}
{"op_code":5,"worker_id":"0c0f9c6a-7791-4e75-bd15-b6694c4e9ca4-139980931965760","trial_id":83,"param_name":"body_pred_idx_0","param_value_internal":66.0,"distribution":"{\"name\": \"IntDistribution\", \"attributes\": {\"log\": false, \"step\": 1, \"low\": 0, \"high\": 99}}"}
{"op_code":5,"worker_id":"0c0f9c6a-7791-4e75-bd15-b6694c4e9ca4-139980931965760","trial_id":83,"param_name":"need_ml_0","param_value_internal":0.0,"distribution":"{\"name\": \"IntDistribution\", \"attributes\": {\"log\": false, \"step\": 1, \"low\": 0, \"high\": 1}}"}
{"op_code":5,"worker_id":"0c0f9c6a-7791-4e75-bd15-b6694c4e9ca4-139980931965760","trial_id":83,"param_name":"need_ml_1","param_value_internal":0.0,"distribution":"{\"name\": \"IntDistribution\", \"attributes\": {\"log\": false, \"step\": 1, \"low\": 0, \"high\": 1}}"}
{"op_code":5,"worker_id":"0c0f9c6a-7791-4e75-bd15-b6694c4e9ca4-139980931965760","trial_id":83,"param_name":"need_ml_2","param_value_internal":0.0,"distribution":"{\"name\": \"IntDistribution\", \"attributes\": {\"log\": false, \"step\": 1, \"low\": 0, \"high\": 1}}"}
{"op_code":5,"worker_id":"0c0f9c6a-7791-4e75-bd15-b6694c4e9ca4-139980931965760","trial_id":83,"param_name":"need_label_contains","param_value_internal":0.0,"distribution":"{\"name\": \"IntDistribution\", \"attributes\": {\"log\": false, \"step\": 1, \"low\": 0, \"high\": 1}}"}
{"op_code":5,"worker_id":"0c0f9c6a-7791-4e75-bd15-b6694c4e9ca4-139980931965760","trial_id":83,"param_name":"need_label_eq","param_value_internal":0.0,"distribution":"{\"name\": \"IntDistribution\", \"attributes\": {\"log\": false, \"step\": 1, \"low\": 0, \"high\": 1}}"}
{"op_code":5,"worker_id":"0c0f9c6a-7791-4e75-bd15-b6694c4e9ca4-139980931965760","trial_id":83,"param_name":"need_label_minus","param_value_internal":1.0,"distribution":"{\"name\": \"IntDistribution\", \"attributes\": {\"log\": false, \"step\": 1, \"low\": 0, \"high\": 1}}"}
{"op_code":5,"worker_id":"0c0f9c6a-7791-4e75-bd15-b6694c4e9ca4-139980931965760","trial_id":83,"param_name":"label_minus_tau","param_value_internal":0,"distribution":"{\"name\": \"CategoricalDistribution\", \"attributes\": {\"choices\": [\"earn\", \"acq\", \"money-fx\", \"grain\", \"crude\", \"trade\", \"interest\", \"ship\", \"wheat\", \"corn\", \"sugar\", \"oilseed\", \"dlr\", \"gnp\", \"coffee\", \"veg-oil\", \"gold\", \"nat-gas\", \"money-supply\", \"livestock\"]}}"}
{"op_code":5,"worker_id":"0c0f9c6a-7791-4e75-bd15-b6694c4e9ca4-139980931965760","trial_id":83,"param_name":"consequence_label","param_value_internal":13,"distribution":"{\"name\": \"CategoricalDistribution\", \"attributes\": {\"choices\": [\"earn\", \"acq\", \"money-fx\", \"grain\", \"crude\", \"trade\", \"interest\", \"ship\", \"wheat\", \"corn\", \"sugar\", \"oilseed\", \"dlr\", \"gnp\", \"coffee\", \"veg-oil\", \"gold\", \"nat-gas\", \"money-supply\", \"livestock\"]}}"}
{"op_code":6,"worker_id":"0c0f9c6a-7791-4e75-bd15-b6694c4e9ca4-139980931965760","trial_id":83,"state":1,"values":[0.0],"datetime_complete":"2026-03-21T20:17:55.059790"}
{"op_code":4,"worker_id":"0c0f9c6a-7791-4e75-bd15-b6694c4e9ca4-139980931965760","study_id":0,"datetime_start":"2026-03-21T20:17:55.060319"}
{"op_code":5,"worker_id":"0c0f9c6a-7791-4e75-bd15-b6694c4e9ca4-139980931965760","trial_id":84,"param_name":"body_size","param_value_internal":1.0,"distribution":"{\"name\": \"IntDistribution\", \"attributes\": {\"log\": false, \"step\": 1, \"low\": 1, \"high\": 4}}"}
{"op_code":5,"worker_id":"0c0f9c6a-7791-4e75-bd15-b6694c4e9ca4-139980931965760","trial_id":84,"param_name":"body_pred_idx_0","param_value_internal":61.0,"distribution":"{\"name\": \"IntDistribution\", \"attributes\": {\"log\": false, \"step\": 1, \"low\": 0, \"high\": 99}}"}
{"op_code":5,"worker_id":"0c0f9c6a-7791-4e75-bd15-b6694c4e9ca4-139980931965760","trial_id":84,"param_name":"need_ml_0","param_value_internal":0.0,"distribution":"{\"name\": \"IntDistribution\", \"attributes\": {\"log\": false, \"step\": 1, \"low\": 0, \"high\": 1}}"}
{"op_code":5,"worker_id":"0c0f9c6a-7791-4e75-bd15-b6694c4e9ca4-139980931965760","trial_id":84,"param_name":"need_ml_1","param_value_internal":0.0,"distribution":"{\"name\": \"IntDistribution\", \"attributes\": {\"log\": false, \"step\": 1, \"low\": 0, \"high\": 1}}"}
{"op_code":5,"worker_id":"0c0f9c6a-7791-4e75-bd15-b6694c4e9ca4-139980931965760","trial_id":84,"param_name":"need_ml_2","param_value_internal":0.0,"distribution":"{\"name\": \"IntDistribution\", \"attributes\": {\"log\": false, \"step\": 1, \"low\": 0, \"high\": 1}}"}
{"op_code":5,"worker_id":"0c0f9c6a-7791-4e75-bd15-b6694c4e9ca4-139980931965760","trial_id":84,"param_name":"need_label_contains","param_value_internal":0.0,"distribution":"{\"name\": \"IntDistribution\", \"attributes\": {\"log\": false, \"step\": 1, \"low\": 0, \"high\": 1}}"}
{"op_code":5,"worker_id":"0c0f9c6a-7791-4e75-bd15-b6694c4e9ca4-139980931965760","trial_id":84,"param_name":"need_label_eq","param_value_internal":0.0,"distribution":"{\"name\": \"IntDistribution\", \"attributes\": {\"log\": false, \"step\": 1, \"low\": 0, \"high\": 1}}"}
{"op_code":5,"worker_id":"0c0f9c6a-7791-4e75-bd15-b6694c4e9ca4-139980931965760","trial_id":84,"param_name":"need_label_minus","param_value_internal":1.0,"distribution":"{\"name\": \"IntDistribution\", \"attributes\": {\"log\": false, \"step\": 1, \"low\": 0, \"high\": 1}}"}
{"op_code":5,"worker_id":"0c0f9c6a-7791-4e75-bd15-b6694c4e9ca4-139980931965760","trial_id":84,"param_name":"label_minus_tau","param_value_internal":0,"distribution":"{\"name\": \"CategoricalDistribution\", \"attributes\": {\"choices\": [\"earn\", \"acq\", \"money-fx\", \"grain\", \"crude\", \"trade\", \"interest\", \"ship\", \"wheat\", \"corn\", \"sugar\", \"oilseed\", \"dlr\", \"gnp\", \"coffee\", \"veg-oil\", \"gold\", \"nat-gas\", \"money-supply\", \"livestock\"]}}"}
{"op_code":5,"worker_id":"0c0f9c6a-7791-4e75-bd15-b6694c4e9ca4-139980931965760","trial_id":84,"param_name":"consequence_label","param_value_internal":13,"distribution":"{\"name\": \"CategoricalDistribution\", \"attributes\": {\"choices\": [\"earn\", \"acq\", \"money-fx\", \"grain\", \"crude\", \"trade\", \"interest\", \"ship\", \"wheat\", \"corn\", \"sugar\", \"oilseed\", \"dlr\", \"gnp\", \"coffee\", \"veg-oil\", \"gold\", \"nat-gas\", \"money-supply\", \"livestock\"]}}"}
{"op_code":6,"worker_id":"0c0f9c6a-7791-4e75-bd15-b6694c4e9ca4-139980931965760","trial_id":84,"state":1,"values":[0.0],"datetime_complete":"2026-03-21T20:17:55.096526"}
{"op_code":4,"worker_id":"0c0f9c6a-7791-4e75-bd15-b6694c4e9ca4-139980931965760","study_id":0,"datetime_start":"2026-03-21T20:17:55.097136"}
{"op_code":5,"worker_id":"0c0f9c6a-7791-4e75-bd15-b6694c4e9ca4-139980931965760","trial_id":85,"param_name":"body_size","param_value_internal":1.0,"distribution":"{\"name\": \"IntDistribution\", \"attributes\": {\"log\": false, \"step\": 1, \"low\": 1, \"high\": 4}}"}
{"op_code":5,"worker_id":"0c0f9c6a-7791-4e75-bd15-b6694c4e9ca4-139980931965760","trial_id":85,"param_name":"body_pred_idx_0","param_value_internal":70.0,"distribution":"{\"name\": \"IntDistribution\", \"attributes\": {\"log\": false, \"step\": 1, \"low\": 0, \"high\": 99}}"}
{"op_code":5,"worker_id":"0c0f9c6a-7791-4e75-bd15-b6694c4e9ca4-139980931965760","trial_id":85,"param_name":"need_ml_0","param_value_internal":0.0,"distribution":"{\"name\": \"IntDistribution\", \"attributes\": {\"log\": false, \"step\": 1, \"low\": 0, \"high\": 1}}"}
{"op_code":5,"worker_id":"0c0f9c6a-7791-4e75-bd15-b6694c4e9ca4-139980931965760","trial_id":85,"param_name":"need_ml_1","param_value_internal":0.0,"distribution":"{\"name\": \"IntDistribution\", \"attributes\": {\"log\": false, \"step\": 1, \"low\": 0, \"high\": 1}}"}
{"op_code":5,"worker_id":"0c0f9c6a-7791-4e75-bd15-b6694c4e9ca4-139980931965760","trial_id":85,"param_name":"need_ml_2","param_value_internal":0.0,"distribution":"{\"name\": \"IntDistribution\", \"attributes\": {\"log\": false, \"step\": 1, \"low\": 0, \"high\": 1}}"}
{"op_code":5,"worker_id":"0c0f9c6a-7791-4e75-bd15-b6694c4e9ca4-139980931965760","trial_id":85,"param_name":"need_label_contains","param_value_internal":0.0,"distribution":"{\"name\": \"IntDistribution\", \"attributes\": {\"log\": false, \"step\": 1, \"low\": 0, \"high\": 1}}"}
{"op_code":5,"worker_id":"0c0f9c6a-7791-4e75-bd15-b6694c4e9ca4-139980931965760","trial_id":85,"param_name":"need_label_eq","param_value_internal":0.0,"distribution":"{\"name\": \"IntDistribution\", \"attributes\": {\"log\": false, \"step\": 1, \"low\": 0, \"high\": 1}}"}
{"op_code":5,"worker_id":"0c0f9c6a-7791-4e75-bd15-b6694c4e9ca4-139980931965760","trial_id":85,"param_name":"need_label_minus","param_value_internal":1.0,"distribution":"{\"name\": \"IntDistribution\", \"attributes\": {\"log\": false, \"step\": 1, \"low\": 0, \"high\": 1}}"}
{"op_code":5,"worker_id":"0c0f9c6a-7791-4e75-bd15-b6694c4e9ca4-139980931965760","trial_id":85,"param_name":"label_minus_tau","param_value_internal":0,"distribution":"{\"name\": \"CategoricalDistribution\", \"attributes\": {\"choices\": [\"earn\", \"acq\", \"money-fx\", \"grain\", \"crude\", \"trade\", \"interest\", \"ship\", \"wheat\", \"corn\", \"sugar\", \"oilseed\", \"dlr\", \"gnp\", \"coffee\", \"veg-oil\", \"gold\", \"nat-gas\", \"money-supply\", \"livestock\"]}}"}
{"op_code":5,"worker_id":"0c0f9c6a-7791-4e75-bd15-b6694c4e9ca4-139980931965760","trial_id":85,"param_name":"consequence_label","param_value_internal":13,"distribution":"{\"name\": \"CategoricalDistribution\", \"attributes\": {\"choices\": [\"earn\", \"acq\", \"money-fx\", \"grain\", \"crude\", \"trade\", \"interest\", \"ship\", \"wheat\", \"corn\", \"sugar\", \"oilseed\", \"dlr\", \"gnp\", \"coffee\", \"veg-oil\", \"gold\", \"nat-gas\", \"money-supply\", \"livestock\"]}}"}
{"op_code":6,"worker_id":"0c0f9c6a-7791-4e75-bd15-b6694c4e9ca4-139980931965760","trial_id":85,"state":1,"values":[0.0],"datetime_complete":"2026-03-21T20:17:55.133060"}
{"op_code":4,"worker_id":"0c0f9c6a-7791-4e75-bd15-b6694c4e9ca4-139980931965760","study_id":0,"datetime_start":"2026-03-21T20:17:55.133608"}
{"op_code":5,"worker_id":"0c0f9c6a-7791-4e75-bd15-b6694c4e9ca4-139980931965760","trial_id":86,"param_name":"body_size","param_value_internal":1.0,"distribution":"{\"name\": \"IntDistribution\", \"attributes\": {\"log\": false, \"step\": 1, \"low\": 1, \"high\": 4}}"}
{"op_code":5,"worker_id":"0c0f9c6a-7791-4e75-bd15-b6694c4e9ca4-139980931965760","trial_id":86,"param_name":"body_pred_idx_0","param_value_internal":66.0,"distribution":"{\"name\": \"IntDistribution\", \"attributes\": {\"log\": false, \"step\": 1, \"low\": 0, \"high\": 99}}"}
{"op_code":5,"worker_id":"0c0f9c6a-7791-4e75-bd15-b6694c4e9ca4-139980931965760","trial_id":86,"param_name":"need_ml_0","param_value_internal":0.0,"distribution":"{\"name\": \"IntDistribution\", \"attributes\": {\"log\": false, \"step\": 1, \"low\": 0, \"high\": 1}}"}
{"op_code":5,"worker_id":"0c0f9c6a-7791-4e75-bd15-b6694c4e9ca4-139980931965760","trial_id":86,"param_name":"need_ml_1","param_value_internal":0.0,"distribution":"{\"name\": \"IntDistribution\", \"attributes\": {\"log\": false, \"step\": 1, \"low\": 0, \"high\": 1}}"}
{"op_code":5,"worker_id":"0c0f9c6a-7791-4e75-bd15-b6694c4e9ca4-139980931965760","trial_id":86,"param_name":"need_ml_2","param_value_internal":0.0,"distribution":"{\"name\": \"IntDistribution\", \"attributes\": {\"log\": false, \"step\": 1, \"low\": 0, \"high\": 1}}"}
{"op_code":5,"worker_id":"0c0f9c6a-7791-4e75-bd15-b6694c4e9ca4-139980931965760","trial_id":86,"param_name":"need_label_contains","param_value_internal":0.0,"distribution":"{\"name\": \"IntDistribution\", \"attributes\": {\"log\": false, \"step\": 1, \"low\": 0, \"high\": 1}}"}
{"op_code":5,"worker_id":"0c0f9c6a-7791-4e75-bd15-b6694c4e9ca4-139980931965760","trial_id":86,"param_name":"need_label_eq","param_value_internal":0.0,"distribution":"{\"name\": \"IntDistribution\", \"attributes\": {\"log\": false, \"step\": 1, \"low\": 0, \"high\": 1}}"}
{"op_code":5,"worker_id":"0c0f9c6a-7791-4e75-bd15-b6694c4e9ca4-139980931965760","trial_id":86,"param_name":"need_label_minus","param_value_internal":1.0,"distribution":"{\"name\": \"IntDistribution\", \"attributes\": {\"log\": false, \"step\": 1, \"low\": 0, \"high\": 1}}"}
{"op_code":5,"worker_id":"0c0f9c6a-7791-4e75-bd15-b6694c4e9ca4-139980931965760","trial_id":86,"param_name":"label_minus_tau","param_value_internal":0,"distribution":"{\"name\": \"CategoricalDistribution\", \"attributes\": {\"choices\": [\"earn\", \"acq\", \"money-fx\", \"grain\", \"crude\", \"trade\", \"interest\", \"ship\", \"wheat\", \"corn\", \"sugar\", \"oilseed\", \"dlr\", \"gnp\", \"coffee\", \"veg-oil\", \"gold\", \"nat-gas\", \"money-supply\", \"livestock\"]}}"}
{"op_code":5,"worker_id":"0c0f9c6a-7791-4e75-bd15-b6694c4e9ca4-139980931965760","trial_id":86,"param_name":"consequence_label","param_value_internal":13,"distribution":"{\"name\": \"CategoricalDistribution\", \"attributes\": {\"choices\": [\"earn\", \"acq\", \"money-fx\", \"grain\", \"crude\", \"trade\", \"interest\", \"ship\", \"wheat\", \"corn\", \"sugar\", \"oilseed\", \"dlr\", \"gnp\", \"coffee\", \"veg-oil\", \"gold\", \"nat-gas\", \"money-supply\", \"livestock\"]}}"}
{"op_code":6,"worker_id":"0c0f9c6a-7791-4e75-bd15-b6694c4e9ca4-139980931965760","trial_id":86,"state":1,"values":[0.0],"datetime_complete":"2026-03-21T20:17:55.169327"}
{"op_code":4,"worker_id":"0c0f9c6a-7791-4e75-bd15-b6694c4e9ca4-139980931965760","study_id":0,"datetime_start":"2026-03-21T20:17:55.169968"}
{"op_code":5,"worker_id":"0c0f9c6a-7791-4e75-bd15-b6694c4e9ca4-139980931965760","trial_id":87,"param_name":"body_size","param_value_internal":1.0,"distribution":"{\"name\": \"IntDistribution\", \"attributes\": {\"log\": false, \"step\": 1, \"low\": 1, \"high\": 4}}"}
{"op_code":5,"worker_id":"0c0f9c6a-7791-4e75-bd15-b6694c4e9ca4-139980931965760","trial_id":87,"param_name":"body_pred_idx_0","param_value_internal":59.0,"distribution":"{\"name\": \"IntDistribution\", \"attributes\": {\"log\": false, \"step\": 1, \"low\": 0, \"high\": 99}}"}
{"op_code":5,"worker_id":"0c0f9c6a-7791-4e75-bd15-b6694c4e9ca4-139980931965760","trial_id":87,"param_name":"need_ml_0","param_value_internal":0.0,"distribution":"{\"name\": \"IntDistribution\", \"attributes\": {\"log\": false, \"step\": 1, \"low\": 0, \"high\": 1}}"}
{"op_code":5,"worker_id":"0c0f9c6a-7791-4e75-bd15-b6694c4e9ca4-139980931965760","trial_id":87,"param_name":"need_ml_1","param_value_internal":0.0,"distribution":"{\"name\": \"IntDistribution\", \"attributes\": {\"log\": false, \"step\": 1, \"low\": 0, \"high\": 1}}"}
{"op_code":5,"worker_id":"0c0f9c6a-7791-4e75-bd15-b6694c4e9ca4-139980931965760","trial_id":87,"param_name":"need_ml_2","param_value_internal":0.0,"distribution":"{\"name\": \"IntDistribution\", \"attributes\": {\"log\": false, \"step\": 1, \"low\": 0, \"high\": 1}}"}
{"op_code":5,"worker_id":"0c0f9c6a-7791-4e75-bd15-b6694c4e9ca4-139980931965760","trial_id":87,"param_name":"need_label_contains","param_value_internal":0.0,"distribution":"{\"name\": \"IntDistribution\", \"attributes\": {\"log\": false, \"step\": 1, \"low\": 0, \"high\": 1}}"}
{"op_code":5,"worker_id":"0c0f9c6a-7791-4e75-bd15-b6694c4e9ca4-139980931965760","trial_id":87,"param_name":"need_label_eq","param_value_internal":0.0,"distribution":"{\"name\": \"IntDistribution\", \"attributes\": {\"log\": false, \"step\": 1, \"low\": 0, \"high\": 1}}"}
{"op_code":5,"worker_id":"0c0f9c6a-7791-4e75-bd15-b6694c4e9ca4-139980931965760","trial_id":87,"param_name":"need_label_minus","param_value_internal":1.0,"distribution":"{\"name\": \"IntDistribution\", \"attributes\": {\"log\": false, \"step\": 1, \"low\": 0, \"high\": 1}}"}
{"op_code":5,"worker_id":"0c0f9c6a-7791-4e75-bd15-b6694c4e9ca4-139980931965760","trial_id":87,"param_name":"label_minus_tau","param_value_internal":0,"distribution":"{\"name\": \"CategoricalDistribution\", \"attributes\": {\"choices\": [\"earn\", \"acq\", \"money-fx\", \"grain\", \"crude\", \"trade\", \"interest\", \"ship\", \"wheat\", \"corn\", \"sugar\", \"oilseed\", \"dlr\", \"gnp\", \"coffee\", \"veg-oil\", \"gold\", \"nat-gas\", \"money-supply\", \"livestock\"]}}"}
{"op_code":5,"worker_id":"0c0f9c6a-7791-4e75-bd15-b6694c4e9ca4-139980931965760","trial_id":87,"param_name":"consequence_label","param_value_internal":13,"distribution":"{\"name\": \"CategoricalDistribution\", \"attributes\": {\"choices\": [\"earn\", \"acq\", \"money-fx\", \"grain\", \"crude\", \"trade\", \"interest\", \"ship\", \"wheat\", \"corn\", \"sugar\", \"oilseed\", \"dlr\", \"gnp\", \"coffee\", \"veg-oil\", \"gold\", \"nat-gas\", \"money-supply\", \"livestock\"]}}"}
{"op_code":6,"worker_id":"0c0f9c6a-7791-4e75-bd15-b6694c4e9ca4-139980931965760","trial_id":87,"state":1,"values":[0.0],"datetime_complete":"2026-03-21T20:17:55.206715"}
{"op_code":4,"worker_id":"0c0f9c6a-7791-4e75-bd15-b6694c4e9ca4-139980931965760","study_id":0,"datetime_start":"2026-03-21T20:17:55.207276"}
{"op_code":5,"worker_id":"0c0f9c6a-7791-4e75-bd15-b6694c4e9ca4-139980931965760","trial_id":88,"param_name":"body_size","param_value_internal":1.0,"distribution":"{\"name\": \"IntDistribution\", \"attributes\": {\"log\": false, \"step\": 1, \"low\": 1, \"high\": 4}}"}
{"op_code":5,"worker_id":"0c0f9c6a-7791-4e75-bd15-b6694c4e9ca4-139980931965760","trial_id":88,"param_name":"body_pred_idx_0","param_value_internal":76.0,"distribution":"{\"name\": \"IntDistribution\", \"attributes\": {\"log\": false, \"step\": 1, \"low\": 0, \"high\": 99}}"}
{"op_code":5,"worker_id":"0c0f9c6a-7791-4e75-bd15-b6694c4e9ca4-139980931965760","trial_id":88,"param_name":"need_ml_0","param_value_internal":0.0,"distribution":"{\"name\": \"IntDistribution\", \"attributes\": {\"log\": false, \"step\": 1, \"low\": 0, \"high\": 1}}"}
{"op_code":5,"worker_id":"0c0f9c6a-7791-4e75-bd15-b6694c4e9ca4-139980931965760","trial_id":88,"param_name":"need_ml_1","param_value_internal":0.0,"distribution":"{\"name\": \"IntDistribution\", \"attributes\": {\"log\": false, \"step\": 1, \"low\": 0, \"high\": 1}}"}
{"op_code":5,"worker_id":"0c0f9c6a-7791-4e75-bd15-b6694c4e9ca4-139980931965760","trial_id":88,"param_name":"need_ml_2","param_value_internal":0.0,"distribution":"{\"name\": \"IntDistribution\", \"attributes\": {\"log\": false, \"step\": 1, \"low\": 0, \"high\": 1}}"}
{"op_code":5,"worker_id":"0c0f9c6a-7791-4e75-bd15-b6694c4e9ca4-139980931965760","trial_id":88,"param_name":"need_label_contains","param_value_internal":0.0,"distribution":"{\"name\": \"IntDistribution\", \"attributes\": {\"log\": false, \"step\": 1, \"low\": 0, \"high\": 1}}"}
{"op_code":5,"worker_id":"0c0f9c6a-7791-4e75-bd15-b6694c4e9ca4-139980931965760","trial_id":88,"param_name":"need_label_eq","param_value_internal":0.0,"distribution":"{\"name\": \"IntDistribution\", \"attributes\": {\"log\": false, \"step\": 1, \"low\": 0, \"high\": 1}}"}
{"op_code":5,"worker_id":"0c0f9c6a-7791-4e75-bd15-b6694c4e9ca4-139980931965760","trial_id":88,"param_name":"need_label_minus","param_value_internal":1.0,"distribution":"{\"name\": \"IntDistribution\", \"attributes\": {\"log\": false, \"step\": 1, \"low\": 0, \"high\": 1}}"}
{"op_code":5,"worker_id":"0c0f9c6a-7791-4e75-bd15-b6694c4e9ca4-139980931965760","trial_id":88,"param_name":"label_minus_tau","param_value_internal":0,"distribution":"{\"name\": \"CategoricalDistribution\", \"attributes\": {\"choices\": [\"earn\", \"acq\", \"money-fx\", \"grain\", \"crude\", \"trade\", \"interest\", \"ship\", \"wheat\", \"corn\", \"sugar\", \"oilseed\", \"dlr\", \"gnp\", \"coffee\", \"veg-oil\", \"gold\", \"nat-gas\", \"money-supply\", \"livestock\"]}}"}
{"op_code":5,"worker_id":"0c0f9c6a-7791-4e75-bd15-b6694c4e9ca4-139980931965760","trial_id":88,"param_name":"consequence_label","param_value_internal":10,"distribution":"{\"name\": \"CategoricalDistribution\", \"attributes\": {\"choices\": [\"earn\", \"acq\", \"money-fx\", \"grain\", \"crude\", \"trade\", \"interest\", \"ship\", \"wheat\", \"corn\", \"sugar\", \"oilseed\", \"dlr\", \"gnp\", \"coffee\", \"veg-oil\", \"gold\", \"nat-gas\", \"money-supply\", \"livestock\"]}}"}
{"op_code":6,"worker_id":"0c0f9c6a-7791-4e75-bd15-b6694c4e9ca4-139980931965760","trial_id":88,"state":1,"values":[0.0],"datetime_complete":"2026-03-21T20:17:55.242038"}
{"op_code":4,"worker_id":"0c0f9c6a-7791-4e75-bd15-b6694c4e9ca4-139980931965760","study_id":0,"datetime_start":"2026-03-21T20:17:55.242585"}
{"op_code":5,"worker_id":"0c0f9c6a-7791-4e75-bd15-b6694c4e9ca4-139980931965760","trial_id":89,"param_name":"body_size","param_value_internal":1.0,"distribution":"{\"name\": \"IntDistribution\", \"attributes\": {\"log\": false, \"step\": 1, \"low\": 1, \"high\": 4}}"}
{"op_code":5,"worker_id":"0c0f9c6a-7791-4e75-bd15-b6694c4e9ca4-139980931965760","trial_id":89,"param_name":"body_pred_idx_0","param_value_internal":68.0,"distribution":"{\"name\": \"IntDistribution\", \"attributes\": {\"log\": false, \"step\": 1, \"low\": 0, \"high\": 99}}"}
{"op_code":5,"worker_id":"0c0f9c6a-7791-4e75-bd15-b6694c4e9ca4-139980931965760","trial_id":89,"param_name":"need_ml_0","param_value_internal":0.0,"distribution":"{\"name\": \"IntDistribution\", \"attributes\": {\"log\": false, \"step\": 1, \"low\": 0, \"high\": 1}}"}
{"op_code":5,"worker_id":"0c0f9c6a-7791-4e75-bd15-b6694c4e9ca4-139980931965760","trial_id":89,"param_name":"need_ml_1","param_value_internal":0.0,"distribution":"{\"name\": \"IntDistribution\", \"attributes\": {\"log\": false, \"step\": 1, \"low\": 0, \"high\": 1}}"}
{"op_code":5,"worker_id":"0c0f9c6a-7791-4e75-bd15-b6694c4e9ca4-139980931965760","trial_id":89,"param_name":"need_ml_2","param_value_internal":0.0,"distribution":"{\"name\": \"IntDistribution\", \"attributes\": {\"log\": false, \"step\": 1, \"low\": 0, \"high\": 1}}"}
{"op_code":5,"worker_id":"0c0f9c6a-7791-4e75-bd15-b6694c4e9ca4-139980931965760","trial_id":89,"param_name":"need_label_contains","param_value_internal":0.0,"distribution":"{\"name\": \"IntDistribution\", \"attributes\": {\"log\": false, \"step\": 1, \"low\": 0, \"high\": 1}}"}
{"op_code":5,"worker_id":"0c0f9c6a-7791-4e75-bd15-b6694c4e9ca4-139980931965760","trial_id":89,"param_name":"need_label_eq","param_value_internal":0.0,"distribution":"{\"name\": \"IntDistribution\", \"attributes\": {\"log\": false, \"step\": 1, \"low\": 0, \"high\": 1}}"}
{"op_code":5,"worker_id":"0c0f9c6a-7791-4e75-bd15-b6694c4e9ca4-139980931965760","trial_id":89,"param_name":"need_label_minus","param_value_internal":1.0,"distribution":"{\"name\": \"IntDistribution\", \"attributes\": {\"log\": false, \"step\": 1, \"low\": 0, \"high\": 1}}"}
{"op_code":5,"worker_id":"0c0f9c6a-7791-4e75-bd15-b6694c4e9ca4-139980931965760","trial_id":89,"param_name":"label_minus_tau","param_value_internal":0,"distribution":"{\"name\": \"CategoricalDistribution\", \"attributes\": {\"choices\": [\"earn\", \"acq\", \"money-fx\", \"grain\", \"crude\", \"trade\", \"interest\", \"ship\", \"wheat\", \"corn\", \"sugar\", \"oilseed\", \"dlr\", \"gnp\", \"coffee\", \"veg-oil\", \"gold\", \"nat-gas\", \"money-supply\", \"livestock\"]}}"}
{"op_code":5,"worker_id":"0c0f9c6a-7791-4e75-bd15-b6694c4e9ca4-139980931965760","trial_id":89,"param_name":"consequence_label","param_value_internal":13,"distribution":"{\"name\": \"CategoricalDistribution\", \"attributes\": {\"choices\": [\"earn\", \"acq\", \"money-fx\", \"grain\", \"crude\", \"trade\", \"interest\", \"ship\", \"wheat\", \"corn\", \"sugar\", \"oilseed\", \"dlr\", \"gnp\", \"coffee\", \"veg-oil\", \"gold\", \"nat-gas\", \"money-supply\", \"livestock\"]}}"}
{"op_code":6,"worker_id":"0c0f9c6a-7791-4e75-bd15-b6694c4e9ca4-139980931965760","trial_id":89,"state":1,"values":[0.0],"datetime_complete":"2026-03-21T20:17:55.278317"}
{"op_code":4,"worker_id":"0c0f9c6a-7791-4e75-bd15-b6694c4e9ca4-139980931965760","study_id":0,"datetime_start":"2026-03-21T20:17:55.278883"}
{"op_code":5,"worker_id":"0c0f9c6a-7791-4e75-bd15-b6694c4e9ca4-139980931965760","trial_id":90,"param_name":"body_size","param_value_internal":1.0,"distribution":"{\"name\": \"IntDistribution\", \"attributes\": {\"log\": false, \"step\": 1, \"low\": 1, \"high\": 4}}"}
{"op_code":5,"worker_id":"0c0f9c6a-7791-4e75-bd15-b6694c4e9ca4-139980931965760","trial_id":90,"param_name":"body_pred_idx_0","param_value_internal":61.0,"distribution":"{\"name\": \"IntDistribution\", \"attributes\": {\"log\": false, \"step\": 1, \"low\": 0, \"high\": 99}}"}
{"op_code":5,"worker_id":"0c0f9c6a-7791-4e75-bd15-b6694c4e9ca4-139980931965760","trial_id":90,"param_name":"need_ml_0","param_value_internal":0.0,"distribution":"{\"name\": \"IntDistribution\", \"attributes\": {\"log\": false, \"step\": 1, \"low\": 0, \"high\": 1}}"}
{"op_code":5,"worker_id":"0c0f9c6a-7791-4e75-bd15-b6694c4e9ca4-139980931965760","trial_id":90,"param_name":"need_ml_1","param_value_internal":0.0,"distribution":"{\"name\": \"IntDistribution\", \"attributes\": {\"log\": false, \"step\": 1, \"low\": 0, \"high\": 1}}"}
{"op_code":5,"worker_id":"0c0f9c6a-7791-4e75-bd15-b6694c4e9ca4-139980931965760","trial_id":90,"param_name":"need_ml_2","param_value_internal":0.0,"distribution":"{\"name\": \"IntDistribution\", \"attributes\": {\"log\": false, \"step\": 1, \"low\": 0, \"high\": 1}}"}
{"op_code":5,"worker_id":"0c0f9c6a-7791-4e75-bd15-b6694c4e9ca4-139980931965760","trial_id":90,"param_name":"need_label_contains","param_value_internal":0.0,"distribution":"{\"name\": \"IntDistribution\", \"attributes\": {\"log\": false, \"step\": 1, \"low\": 0, \"high\": 1}}"}
{"op_code":5,"worker_id":"0c0f9c6a-7791-4e75-bd15-b6694c4e9ca4-139980931965760","trial_id":90,"param_name":"need_label_eq","param_value_internal":0.0,"distribution":"{\"name\": \"IntDistribution\", \"attributes\": {\"log\": false, \"step\": 1, \"low\": 0, \"high\": 1}}"}
{"op_code":5,"worker_id":"0c0f9c6a-7791-4e75-bd15-b6694c4e9ca4-139980931965760","trial_id":90,"param_name":"need_label_minus","param_value_internal":1.0,"distribution":"{\"name\": \"IntDistribution\", \"attributes\": {\"log\": false, \"step\": 1, \"low\": 0, \"high\": 1}}"}
{"op_code":5,"worker_id":"0c0f9c6a-7791-4e75-bd15-b6694c4e9ca4-139980931965760","trial_id":90,"param_name":"label_minus_tau","param_value_internal":0,"distribution":"{\"name\": \"CategoricalDistribution\", \"attributes\": {\"choices\": [\"earn\", \"acq\", \"money-fx\", \"grain\", \"crude\", \"trade\", \"interest\", \"ship\", \"wheat\", \"corn\", \"sugar\", \"oilseed\", \"dlr\", \"gnp\", \"coffee\", \"veg-oil\", \"gold\", \"nat-gas\", \"money-supply\", \"livestock\"]}}"}
{"op_code":5,"worker_id":"0c0f9c6a-7791-4e75-bd15-b6694c4e9ca4-139980931965760","trial_id":90,"param_name":"consequence_label","param_value_internal":13,"distribution":"{\"name\": \"CategoricalDistribution\", \"attributes\": {\"choices\": [\"earn\", \"acq\", \"money-fx\", \"grain\", \"crude\", \"trade\", \"interest\", \"ship\", \"wheat\", \"corn\", \"sugar\", \"oilseed\", \"dlr\", \"gnp\", \"coffee\", \"veg-oil\", \"gold\", \"nat-gas\", \"money-supply\", \"livestock\"]}}"}
{"op_code":6,"worker_id":"0c0f9c6a-7791-4e75-bd15-b6694c4e9ca4-139980931965760","trial_id":90,"state":1,"values":[0.0],"datetime_complete":"2026-03-21T20:17:55.316266"}
{"op_code":4,"worker_id":"0c0f9c6a-7791-4e75-bd15-b6694c4e9ca4-139980931965760","study_id":0,"datetime_start":"2026-03-21T20:17:55.316829"}
{"op_code":5,"worker_id":"0c0f9c6a-7791-4e75-bd15-b6694c4e9ca4-139980931965760","trial_id":91,"param_name":"body_size","param_value_internal":1.0,"distribution":"{\"name\": \"IntDistribution\", \"attributes\": {\"log\": false, \"step\": 1, \"low\": 1, \"high\": 4}}"}
{"op_code":5,"worker_id":"0c0f9c6a-7791-4e75-bd15-b6694c4e9ca4-139980931965760","trial_id":91,"param_name":"body_pred_idx_0","param_value_internal":65.0,"distribution":"{\"name\": \"IntDistribution\", \"attributes\": {\"log\": false, \"step\": 1, \"low\": 0, \"high\": 99}}"}
{"op_code":5,"worker_id":"0c0f9c6a-7791-4e75-bd15-b6694c4e9ca4-139980931965760","trial_id":91,"param_name":"need_ml_0","param_value_internal":0.0,"distribution":"{\"name\": \"IntDistribution\", \"attributes\": {\"log\": false, \"step\": 1, \"low\": 0, \"high\": 1}}"}
{"op_code":5,"worker_id":"0c0f9c6a-7791-4e75-bd15-b6694c4e9ca4-139980931965760","trial_id":91,"param_name":"need_ml_1","param_value_internal":0.0,"distribution":"{\"name\": \"IntDistribution\", \"attributes\": {\"log\": false, \"step\": 1, \"low\": 0, \"high\": 1}}"}
{"op_code":5,"worker_id":"0c0f9c6a-7791-4e75-bd15-b6694c4e9ca4-139980931965760","trial_id":91,"param_name":"need_ml_2","param_value_internal":0.0,"distribution":"{\"name\": \"IntDistribution\", \"attributes\": {\"log\": false, \"step\": 1, \"low\": 0, \"high\": 1}}"}
{"op_code":5,"worker_id":"0c0f9c6a-7791-4e75-bd15-b6694c4e9ca4-139980931965760","trial_id":91,"param_name":"need_label_contains","param_value_internal":0.0,"distribution":"{\"name\": \"IntDistribution\", \"attributes\": {\"log\": false, \"step\": 1, \"low\": 0, \"high\": 1}}"}
{"op_code":5,"worker_id":"0c0f9c6a-7791-4e75-bd15-b6694c4e9ca4-139980931965760","trial_id":91,"param_name":"need_label_eq","param_value_internal":0.0,"distribution":"{\"name\": \"IntDistribution\", \"attributes\": {\"log\": false, \"step\": 1, \"low\": 0, \"high\": 1}}"}
{"op_code":5,"worker_id":"0c0f9c6a-7791-4e75-bd15-b6694c4e9ca4-139980931965760","trial_id":91,"param_name":"need_label_minus","param_value_internal":1.0,"distribution":"{\"name\": \"IntDistribution\", \"attributes\": {\"log\": false, \"step\": 1, \"low\": 0, \"high\": 1}}"}
{"op_code":5,"worker_id":"0c0f9c6a-7791-4e75-bd15-b6694c4e9ca4-139980931965760","trial_id":91,"param_name":"label_minus_tau","param_value_internal":0,"distribution":"{\"name\": \"CategoricalDistribution\", \"attributes\": {\"choices\": [\"earn\", \"acq\", \"money-fx\", \"grain\", \"crude\", \"trade\", \"interest\", \"ship\", \"wheat\", \"corn\", \"sugar\", \"oilseed\", \"dlr\", \"gnp\", \"coffee\", \"veg-oil\", \"gold\", \"nat-gas\", \"money-supply\", \"livestock\"]}}"}
{"op_code":5,"worker_id":"0c0f9c6a-7791-4e75-bd15-b6694c4e9ca4-139980931965760","trial_id":91,"param_name":"consequence_label","param_value_internal":13,"distribution":"{\"name\": \"CategoricalDistribution\", \"attributes\": {\"choices\": [\"earn\", \"acq\", \"money-fx\", \"grain\", \"crude\", \"trade\", \"interest\", \"ship\", \"wheat\", \"corn\", \"sugar\", \"oilseed\", \"dlr\", \"gnp\", \"coffee\", \"veg-oil\", \"gold\", \"nat-gas\", \"money-supply\", \"livestock\"]}}"}
{"op_code":6,"worker_id":"0c0f9c6a-7791-4e75-bd15-b6694c4e9ca4-139980931965760","trial_id":91,"state":1,"values":[0.0],"datetime_complete":"2026-03-21T20:17:55.353144"}
{"op_code":4,"worker_id":"0c0f9c6a-7791-4e75-bd15-b6694c4e9ca4-139980931965760","study_id":0,"datetime_start":"2026-03-21T20:17:55.353715"}
{"op_code":5,"worker_id":"0c0f9c6a-7791-4e75-bd15-b6694c4e9ca4-139980931965760","trial_id":92,"param_name":"body_size","param_value_internal":1.0,"distribution":"{\"name\": \"IntDistribution\", \"attributes\": {\"log\": false, \"step\": 1, \"low\": 1, \"high\": 4}}"}
{"op_code":5,"worker_id":"0c0f9c6a-7791-4e75-bd15-b6694c4e9ca4-139980931965760","trial_id":92,"param_name":"body_pred_idx_0","param_value_internal":56.0,"distribution":"{\"name\": \"IntDistribution\", \"attributes\": {\"log\": false, \"step\": 1, \"low\": 0, \"high\": 99}}"}
{"op_code":5,"worker_id":"0c0f9c6a-7791-4e75-bd15-b6694c4e9ca4-139980931965760","trial_id":92,"param_name":"need_ml_0","param_value_internal":0.0,"distribution":"{\"name\": \"IntDistribution\", \"attributes\": {\"log\": false, \"step\": 1, \"low\": 0, \"high\": 1}}"}
{"op_code":5,"worker_id":"0c0f9c6a-7791-4e75-bd15-b6694c4e9ca4-139980931965760","trial_id":92,"param_name":"need_ml_1","param_value_internal":0.0,"distribution":"{\"name\": \"IntDistribution\", \"attributes\": {\"log\": false, \"step\": 1, \"low\": 0, \"high\": 1}}"}
{"op_code":5,"worker_id":"0c0f9c6a-7791-4e75-bd15-b6694c4e9ca4-139980931965760","trial_id":92,"param_name":"need_ml_2","param_value_internal":0.0,"distribution":"{\"name\": \"IntDistribution\", \"attributes\": {\"log\": false, \"step\": 1, \"low\": 0, \"high\": 1}}"}
{"op_code":5,"worker_id":"0c0f9c6a-7791-4e75-bd15-b6694c4e9ca4-139980931965760","trial_id":92,"param_name":"need_label_contains","param_value_internal":0.0,"distribution":"{\"name\": \"IntDistribution\", \"attributes\": {\"log\": false, \"step\": 1, \"low\": 0, \"high\": 1}}"}
{"op_code":5,"worker_id":"0c0f9c6a-7791-4e75-bd15-b6694c4e9ca4-139980931965760","trial_id":92,"param_name":"need_label_eq","param_value_internal":0.0,"distribution":"{\"name\": \"IntDistribution\", \"attributes\": {\"log\": false, \"step\": 1, \"low\": 0, \"high\": 1}}"}
{"op_code":5,"worker_id":"0c0f9c6a-7791-4e75-bd15-b6694c4e9ca4-139980931965760","trial_id":92,"param_name":"need_label_minus","param_value_internal":1.0,"distribution":"{\"name\": \"IntDistribution\", \"attributes\": {\"log\": false, \"step\": 1, \"low\": 0, \"high\": 1}}"}
{"op_code":5,"worker_id":"0c0f9c6a-7791-4e75-bd15-b6694c4e9ca4-139980931965760","trial_id":92,"param_name":"label_minus_tau","param_value_internal":0,"distribution":"{\"name\": \"CategoricalDistribution\", \"attributes\": {\"choices\": [\"earn\", \"acq\", \"money-fx\", \"grain\", \"crude\", \"trade\", \"interest\", \"ship\", \"wheat\", \"corn\", \"sugar\", \"oilseed\", \"dlr\", \"gnp\", \"coffee\", \"veg-oil\", \"gold\", \"nat-gas\", \"money-supply\", \"livestock\"]}}"}
{"op_code":5,"worker_id":"0c0f9c6a-7791-4e75-bd15-b6694c4e9ca4-139980931965760","trial_id":92,"param_name":"consequence_label","param_value_internal":13,"distribution":"{\"name\": \"CategoricalDistribution\", \"attributes\": {\"choices\": [\"earn\", \"acq\", \"money-fx\", \"grain\", \"crude\", \"trade\", \"interest\", \"ship\", \"wheat\", \"corn\", \"sugar\", \"oilseed\", \"dlr\", \"gnp\", \"coffee\", \"veg-oil\", \"gold\", \"nat-gas\", \"money-supply\", \"livestock\"]}}"}
{"op_code":6,"worker_id":"0c0f9c6a-7791-4e75-bd15-b6694c4e9ca4-139980931965760","trial_id":92,"state":1,"values":[0.0],"datetime_complete":"2026-03-21T20:17:55.390109"}
{"op_code":4,"worker_id":"0c0f9c6a-7791-4e75-bd15-b6694c4e9ca4-139980931965760","study_id":0,"datetime_start":"2026-03-21T20:17:55.390659"}
{"op_code":5,"worker_id":"0c0f9c6a-7791-4e75-bd15-b6694c4e9ca4-139980931965760","trial_id":93,"param_name":"body_size","param_value_internal":1.0,"distribution":"{\"name\": \"IntDistribution\", \"attributes\": {\"log\": false, \"step\": 1, \"low\": 1, \"high\": 4}}"}
{"op_code":5,"worker_id":"0c0f9c6a-7791-4e75-bd15-b6694c4e9ca4-139980931965760","trial_id":93,"param_name":"body_pred_idx_0","param_value_internal":68.0,"distribution":"{\"name\": \"IntDistribution\", \"attributes\": {\"log\": false, \"step\": 1, \"low\": 0, \"high\": 99}}"}
{"op_code":5,"worker_id":"0c0f9c6a-7791-4e75-bd15-b6694c4e9ca4-139980931965760","trial_id":93,"param_name":"need_ml_0","param_value_internal":0.0,"distribution":"{\"name\": \"IntDistribution\", \"attributes\": {\"log\": false, \"step\": 1, \"low\": 0, \"high\": 1}}"}
{"op_code":5,"worker_id":"0c0f9c6a-7791-4e75-bd15-b6694c4e9ca4-139980931965760","trial_id":93,"param_name":"need_ml_1","param_value_internal":0.0,"distribution":"{\"name\": \"IntDistribution\", \"attributes\": {\"log\": false, \"step\": 1, \"low\": 0, \"high\": 1}}"}
{"op_code":5,"worker_id":"0c0f9c6a-7791-4e75-bd15-b6694c4e9ca4-139980931965760","trial_id":93,"param_name":"need_ml_2","param_value_internal":0.0,"distribution":"{\"name\": \"IntDistribution\", \"attributes\": {\"log\": false, \"step\": 1, \"low\": 0, \"high\": 1}}"}
{"op_code":5,"worker_id":"0c0f9c6a-7791-4e75-bd15-b6694c4e9ca4-139980931965760","trial_id":93,"param_name":"need_label_contains","param_value_internal":0.0,"distribution":"{\"name\": \"IntDistribution\", \"attributes\": {\"log\": false, \"step\": 1, \"low\": 0, \"high\": 1}}"}
{"op_code":5,"worker_id":"0c0f9c6a-7791-4e75-bd15-b6694c4e9ca4-139980931965760","trial_id":93,"param_name":"need_label_eq","param_value_internal":0.0,"distribution":"{\"name\": \"IntDistribution\", \"attributes\": {\"log\": false, \"step\": 1, \"low\": 0, \"high\": 1}}"}
{"op_code":5,"worker_id":"0c0f9c6a-7791-4e75-bd15-b6694c4e9ca4-139980931965760","trial_id":93,"param_name":"need_label_minus","param_value_internal":1.0,"distribution":"{\"name\": \"IntDistribution\", \"attributes\": {\"log\": false, \"step\": 1, \"low\": 0, \"high\": 1}}"}
{"op_code":5,"worker_id":"0c0f9c6a-7791-4e75-bd15-b6694c4e9ca4-139980931965760","trial_id":93,"param_name":"label_minus_tau","param_value_internal":0,"distribution":"{\"name\": \"CategoricalDistribution\", \"attributes\": {\"choices\": [\"earn\", \"acq\", \"money-fx\", \"grain\", \"crude\", \"trade\", \"interest\", \"ship\", \"wheat\", \"corn\", \"sugar\", \"oilseed\", \"dlr\", \"gnp\", \"coffee\", \"veg-oil\", \"gold\", \"nat-gas\", \"money-supply\", \"livestock\"]}}"}
{"op_code":5,"worker_id":"0c0f9c6a-7791-4e75-bd15-b6694c4e9ca4-139980931965760","trial_id":93,"param_name":"consequence_label","param_value_internal":13,"distribution":"{\"name\": \"CategoricalDistribution\", \"attributes\": {\"choices\": [\"earn\", \"acq\", \"money-fx\", \"grain\", \"crude\", \"trade\", \"interest\", \"ship\", \"wheat\", \"corn\", \"sugar\", \"oilseed\", \"dlr\", \"gnp\", \"coffee\", \"veg-oil\", \"gold\", \"nat-gas\", \"money-supply\", \"livestock\"]}}"}
{"op_code":6,"worker_id":"0c0f9c6a-7791-4e75-bd15-b6694c4e9ca4-139980931965760","trial_id":93,"state":1,"values":[0.0],"datetime_complete":"2026-03-21T20:17:55.427559"}
{"op_code":4,"worker_id":"0c0f9c6a-7791-4e75-bd15-b6694c4e9ca4-139980931965760","study_id":0,"datetime_start":"2026-03-21T20:17:55.428103"}
{"op_code":5,"worker_id":"0c0f9c6a-7791-4e75-bd15-b6694c4e9ca4-139980931965760","trial_id":94,"param_name":"body_size","param_value_internal":1.0,"distribution":"{\"name\": \"IntDistribution\", \"attributes\": {\"log\": false, \"step\": 1, \"low\": 1, \"high\": 4}}"}
{"op_code":5,"worker_id":"0c0f9c6a-7791-4e75-bd15-b6694c4e9ca4-139980931965760","trial_id":94,"param_name":"body_pred_idx_0","param_value_internal":71.0,"distribution":"{\"name\": \"IntDistribution\", \"attributes\": {\"log\": false, \"step\": 1, \"low\": 0, \"high\": 99}}"}
{"op_code":5,"worker_id":"0c0f9c6a-7791-4e75-bd15-b6694c4e9ca4-139980931965760","trial_id":94,"param_name":"need_ml_0","param_value_internal":0.0,"distribution":"{\"name\": \"IntDistribution\", \"attributes\": {\"log\": false, \"step\": 1, \"low\": 0, \"high\": 1}}"}
{"op_code":5,"worker_id":"0c0f9c6a-7791-4e75-bd15-b6694c4e9ca4-139980931965760","trial_id":94,"param_name":"need_ml_1","param_value_internal":0.0,"distribution":"{\"name\": \"IntDistribution\", \"attributes\": {\"log\": false, \"step\": 1, \"low\": 0, \"high\": 1}}"}
{"op_code":5,"worker_id":"0c0f9c6a-7791-4e75-bd15-b6694c4e9ca4-139980931965760","trial_id":94,"param_name":"need_ml_2","param_value_internal":0.0,"distribution":"{\"name\": \"IntDistribution\", \"attributes\": {\"log\": false, \"step\": 1, \"low\": 0, \"high\": 1}}"}
{"op_code":5,"worker_id":"0c0f9c6a-7791-4e75-bd15-b6694c4e9ca4-139980931965760","trial_id":94,"param_name":"need_label_contains","param_value_internal":0.0,"distribution":"{\"name\": \"IntDistribution\", \"attributes\": {\"log\": false, \"step\": 1, \"low\": 0, \"high\": 1}}"}
{"op_code":5,"worker_id":"0c0f9c6a-7791-4e75-bd15-b6694c4e9ca4-139980931965760","trial_id":94,"param_name":"need_label_eq","param_value_internal":0.0,"distribution":"{\"name\": \"IntDistribution\", \"attributes\": {\"log\": false, \"step\": 1, \"low\": 0, \"high\": 1}}"}
{"op_code":5,"worker_id":"0c0f9c6a-7791-4e75-bd15-b6694c4e9ca4-139980931965760","trial_id":94,"param_name":"need_label_minus","param_value_internal":1.0,"distribution":"{\"name\": \"IntDistribution\", \"attributes\": {\"log\": false, \"step\": 1, \"low\": 0, \"high\": 1}}"}
{"op_code":5,"worker_id":"0c0f9c6a-7791-4e75-bd15-b6694c4e9ca4-139980931965760","trial_id":94,"param_name":"label_minus_tau","param_value_internal":0,"distribution":"{\"name\": \"CategoricalDistribution\", \"attributes\": {\"choices\": [\"earn\", \"acq\", \"money-fx\", \"grain\", \"crude\", \"trade\", \"interest\", \"ship\", \"wheat\", \"corn\", \"sugar\", \"oilseed\", \"dlr\", \"gnp\", \"coffee\", \"veg-oil\", \"gold\", \"nat-gas\", \"money-supply\", \"livestock\"]}}"}
{"op_code":5,"worker_id":"0c0f9c6a-7791-4e75-bd15-b6694c4e9ca4-139980931965760","trial_id":94,"param_name":"consequence_label","param_value_internal":10,"distribution":"{\"name\": \"CategoricalDistribution\", \"attributes\": {\"choices\": [\"earn\", \"acq\", \"money-fx\", \"grain\", \"crude\", \"trade\", \"interest\", \"ship\", \"wheat\", \"corn\", \"sugar\", \"oilseed\", \"dlr\", \"gnp\", \"coffee\", \"veg-oil\", \"gold\", \"nat-gas\", \"money-supply\", \"livestock\"]}}"}
{"op_code":6,"worker_id":"0c0f9c6a-7791-4e75-bd15-b6694c4e9ca4-139980931965760","trial_id":94,"state":1,"values":[0.0],"datetime_complete":"2026-03-21T20:17:55.469913"}
{"op_code":4,"worker_id":"0c0f9c6a-7791-4e75-bd15-b6694c4e9ca4-139980931965760","study_id":0,"datetime_start":"2026-03-21T20:17:55.470514"}
{"op_code":5,"worker_id":"0c0f9c6a-7791-4e75-bd15-b6694c4e9ca4-139980931965760","trial_id":95,"param_name":"body_size","param_value_internal":1.0,"distribution":"{\"name\": \"IntDistribution\", \"attributes\": {\"log\": false, \"step\": 1, \"low\": 1, \"high\": 4}}"}
{"op_code":5,"worker_id":"0c0f9c6a-7791-4e75-bd15-b6694c4e9ca4-139980931965760","trial_id":95,"param_name":"body_pred_idx_0","param_value_internal":74.0,"distribution":"{\"name\": \"IntDistribution\", \"attributes\": {\"log\": false, \"step\": 1, \"low\": 0, \"high\": 99}}"}
{"op_code":5,"worker_id":"0c0f9c6a-7791-4e75-bd15-b6694c4e9ca4-139980931965760","trial_id":95,"param_name":"need_ml_0","param_value_internal":0.0,"distribution":"{\"name\": \"IntDistribution\", \"attributes\": {\"log\": false, \"step\": 1, \"low\": 0, \"high\": 1}}"}
{"op_code":5,"worker_id":"0c0f9c6a-7791-4e75-bd15-b6694c4e9ca4-139980931965760","trial_id":95,"param_name":"need_ml_1","param_value_internal":0.0,"distribution":"{\"name\": \"IntDistribution\", \"attributes\": {\"log\": false, \"step\": 1, \"low\": 0, \"high\": 1}}"}
{"op_code":5,"worker_id":"0c0f9c6a-7791-4e75-bd15-b6694c4e9ca4-139980931965760","trial_id":95,"param_name":"need_ml_2","param_value_internal":0.0,"distribution":"{\"name\": \"IntDistribution\", \"attributes\": {\"log\": false, \"step\": 1, \"low\": 0, \"high\": 1}}"}
{"op_code":5,"worker_id":"0c0f9c6a-7791-4e75-bd15-b6694c4e9ca4-139980931965760","trial_id":95,"param_name":"need_label_contains","param_value_internal":0.0,"distribution":"{\"name\": \"IntDistribution\", \"attributes\": {\"log\": false, \"step\": 1, \"low\": 0, \"high\": 1}}"}
{"op_code":5,"worker_id":"0c0f9c6a-7791-4e75-bd15-b6694c4e9ca4-139980931965760","trial_id":95,"param_name":"need_label_eq","param_value_internal":0.0,"distribution":"{\"name\": \"IntDistribution\", \"attributes\": {\"log\": false, \"step\": 1, \"low\": 0, \"high\": 1}}"}
{"op_code":5,"worker_id":"0c0f9c6a-7791-4e75-bd15-b6694c4e9ca4-139980931965760","trial_id":95,"param_name":"need_label_minus","param_value_internal":1.0,"distribution":"{\"name\": \"IntDistribution\", \"attributes\": {\"log\": false, \"step\": 1, \"low\": 0, \"high\": 1}}"}
{"op_code":5,"worker_id":"0c0f9c6a-7791-4e75-bd15-b6694c4e9ca4-139980931965760","trial_id":95,"param_name":"label_minus_tau","param_value_internal":0,"distribution":"{\"name\": \"CategoricalDistribution\", \"attributes\": {\"choices\": [\"earn\", \"acq\", \"money-fx\", \"grain\", \"crude\", \"trade\", \"interest\", \"ship\", \"wheat\", \"corn\", \"sugar\", \"oilseed\", \"dlr\", \"gnp\", \"coffee\", \"veg-oil\", \"gold\", \"nat-gas\", \"money-supply\", \"livestock\"]}}"}
{"op_code":5,"worker_id":"0c0f9c6a-7791-4e75-bd15-b6694c4e9ca4-139980931965760","trial_id":95,"param_name":"consequence_label","param_value_internal":13,"distribution":"{\"name\": \"CategoricalDistribution\", \"attributes\": {\"choices\": [\"earn\", \"acq\", \"money-fx\", \"grain\", \"crude\", \"trade\", \"interest\", \"ship\", \"wheat\", \"corn\", \"sugar\", \"oilseed\", \"dlr\", \"gnp\", \"coffee\", \"veg-oil\", \"gold\", \"nat-gas\", \"money-supply\", \"livestock\"]}}"}
{"op_code":6,"worker_id":"0c0f9c6a-7791-4e75-bd15-b6694c4e9ca4-139980931965760","trial_id":95,"state":1,"values":[0.0],"datetime_complete":"2026-03-21T20:17:55.512799"}
{"op_code":4,"worker_id":"0c0f9c6a-7791-4e75-bd15-b6694c4e9ca4-139980931965760","study_id":0,"datetime_start":"2026-03-21T20:17:55.513425"}
{"op_code":5,"worker_id":"0c0f9c6a-7791-4e75-bd15-b6694c4e9ca4-139980931965760","trial_id":96,"param_name":"body_size","param_value_internal":1.0,"distribution":"{\"name\": \"IntDistribution\", \"attributes\": {\"log\": false, \"step\": 1, \"low\": 1, \"high\": 4}}"}
{"op_code":5,"worker_id":"0c0f9c6a-7791-4e75-bd15-b6694c4e9ca4-139980931965760","trial_id":96,"param_name":"body_pred_idx_0","param_value_internal":63.0,"distribution":"{\"name\": \"IntDistribution\", \"attributes\": {\"log\": false, \"step\": 1, \"low\": 0, \"high\": 99}}"}
{"op_code":5,"worker_id":"0c0f9c6a-7791-4e75-bd15-b6694c4e9ca4-139980931965760","trial_id":96,"param_name":"need_ml_0","param_value_internal":0.0,"distribution":"{\"name\": \"IntDistribution\", \"attributes\": {\"log\": false, \"step\": 1, \"low\": 0, \"high\": 1}}"}
{"op_code":5,"worker_id":"0c0f9c6a-7791-4e75-bd15-b6694c4e9ca4-139980931965760","trial_id":96,"param_name":"need_ml_1","param_value_internal":0.0,"distribution":"{\"name\": \"IntDistribution\", \"attributes\": {\"log\": false, \"step\": 1, \"low\": 0, \"high\": 1}}"}
{"op_code":5,"worker_id":"0c0f9c6a-7791-4e75-bd15-b6694c4e9ca4-139980931965760","trial_id":96,"param_name":"need_ml_2","param_value_internal":0.0,"distribution":"{\"name\": \"IntDistribution\", \"attributes\": {\"log\": false, \"step\": 1, \"low\": 0, \"high\": 1}}"}
{"op_code":5,"worker_id":"0c0f9c6a-7791-4e75-bd15-b6694c4e9ca4-139980931965760","trial_id":96,"param_name":"need_label_contains","param_value_internal":0.0,"distribution":"{\"name\": \"IntDistribution\", \"attributes\": {\"log\": false, \"step\": 1, \"low\": 0, \"high\": 1}}"}
{"op_code":5,"worker_id":"0c0f9c6a-7791-4e75-bd15-b6694c4e9ca4-139980931965760","trial_id":96,"param_name":"need_label_eq","param_value_internal":0.0,"distribution":"{\"name\": \"IntDistribution\", \"attributes\": {\"log\": false, \"step\": 1, \"low\": 0, \"high\": 1}}"}
{"op_code":5,"worker_id":"0c0f9c6a-7791-4e75-bd15-b6694c4e9ca4-139980931965760","trial_id":96,"param_name":"need_label_minus","param_value_internal":1.0,"distribution":"{\"name\": \"IntDistribution\", \"attributes\": {\"log\": false, \"step\": 1, \"low\": 0, \"high\": 1}}"}
{"op_code":5,"worker_id":"0c0f9c6a-7791-4e75-bd15-b6694c4e9ca4-139980931965760","trial_id":96,"param_name":"label_minus_tau","param_value_internal":19,"distribution":"{\"name\": \"CategoricalDistribution\", \"attributes\": {\"choices\": [\"earn\", \"acq\", \"money-fx\", \"grain\", \"crude\", \"trade\", \"interest\", \"ship\", \"wheat\", \"corn\", \"sugar\", \"oilseed\", \"dlr\", \"gnp\", \"coffee\", \"veg-oil\", \"gold\", \"nat-gas\", \"money-supply\", \"livestock\"]}}"}
{"op_code":5,"worker_id":"0c0f9c6a-7791-4e75-bd15-b6694c4e9ca4-139980931965760","trial_id":96,"param_name":"consequence_label","param_value_internal":13,"distribution":"{\"name\": \"CategoricalDistribution\", \"attributes\": {\"choices\": [\"earn\", \"acq\", \"money-fx\", \"grain\", \"crude\", \"trade\", \"interest\", \"ship\", \"wheat\", \"corn\", \"sugar\", \"oilseed\", \"dlr\", \"gnp\", \"coffee\", \"veg-oil\", \"gold\", \"nat-gas\", \"money-supply\", \"livestock\"]}}"}
{"op_code":6,"worker_id":"0c0f9c6a-7791-4e75-bd15-b6694c4e9ca4-139980931965760","trial_id":96,"state":1,"values":[-1.0],"datetime_complete":"2026-03-21T20:17:55.545137"}
{"op_code":4,"worker_id":"0c0f9c6a-7791-4e75-bd15-b6694c4e9ca4-139980931965760","study_id":0,"datetime_start":"2026-03-21T20:17:55.545747"}
{"op_code":5,"worker_id":"0c0f9c6a-7791-4e75-bd15-b6694c4e9ca4-139980931965760","trial_id":97,"param_name":"body_size","param_value_internal":1.0,"distribution":"{\"name\": \"IntDistribution\", \"attributes\": {\"log\": false, \"step\": 1, \"low\": 1, \"high\": 4}}"}
{"op_code":5,"worker_id":"0c0f9c6a-7791-4e75-bd15-b6694c4e9ca4-139980931965760","trial_id":97,"param_name":"body_pred_idx_0","param_value_internal":53.0,"distribution":"{\"name\": \"IntDistribution\", \"attributes\": {\"log\": false, \"step\": 1, \"low\": 0, \"high\": 99}}"}
{"op_code":5,"worker_id":"0c0f9c6a-7791-4e75-bd15-b6694c4e9ca4-139980931965760","trial_id":97,"param_name":"need_ml_0","param_value_internal":0.0,"distribution":"{\"name\": \"IntDistribution\", \"attributes\": {\"log\": false, \"step\": 1, \"low\": 0, \"high\": 1}}"}
{"op_code":5,"worker_id":"0c0f9c6a-7791-4e75-bd15-b6694c4e9ca4-139980931965760","trial_id":97,"param_name":"need_ml_1","param_value_internal":0.0,"distribution":"{\"name\": \"IntDistribution\", \"attributes\": {\"log\": false, \"step\": 1, \"low\": 0, \"high\": 1}}"}
{"op_code":5,"worker_id":"0c0f9c6a-7791-4e75-bd15-b6694c4e9ca4-139980931965760","trial_id":97,"param_name":"need_ml_2","param_value_internal":0.0,"distribution":"{\"name\": \"IntDistribution\", \"attributes\": {\"log\": false, \"step\": 1, \"low\": 0, \"high\": 1}}"}
{"op_code":5,"worker_id":"0c0f9c6a-7791-4e75-bd15-b6694c4e9ca4-139980931965760","trial_id":97,"param_name":"need_label_contains","param_value_internal":0.0,"distribution":"{\"name\": \"IntDistribution\", \"attributes\": {\"log\": false, \"step\": 1, \"low\": 0, \"high\": 1}}"}
{"op_code":5,"worker_id":"0c0f9c6a-7791-4e75-bd15-b6694c4e9ca4-139980931965760","trial_id":97,"param_name":"need_label_eq","param_value_internal":0.0,"distribution":"{\"name\": \"IntDistribution\", \"attributes\": {\"log\": false, \"step\": 1, \"low\": 0, \"high\": 1}}"}
{"op_code":5,"worker_id":"0c0f9c6a-7791-4e75-bd15-b6694c4e9ca4-139980931965760","trial_id":97,"param_name":"need_label_minus","param_value_internal":1.0,"distribution":"{\"name\": \"IntDistribution\", \"attributes\": {\"log\": false, \"step\": 1, \"low\": 0, \"high\": 1}}"}
{"op_code":5,"worker_id":"0c0f9c6a-7791-4e75-bd15-b6694c4e9ca4-139980931965760","trial_id":97,"param_name":"label_minus_tau","param_value_internal":14,"distribution":"{\"name\": \"CategoricalDistribution\", \"attributes\": {\"choices\": [\"earn\", \"acq\", \"money-fx\", \"grain\", \"crude\", \"trade\", \"interest\", \"ship\", \"wheat\", \"corn\", \"sugar\", \"oilseed\", \"dlr\", \"gnp\", \"coffee\", \"veg-oil\", \"gold\", \"nat-gas\", \"money-supply\", \"livestock\"]}}"}
{"op_code":5,"worker_id":"0c0f9c6a-7791-4e75-bd15-b6694c4e9ca4-139980931965760","trial_id":97,"param_name":"consequence_label","param_value_internal":13,"distribution":"{\"name\": \"CategoricalDistribution\", \"attributes\": {\"choices\": [\"earn\", \"acq\", \"money-fx\", \"grain\", \"crude\", \"trade\", \"interest\", \"ship\", \"wheat\", \"corn\", \"sugar\", \"oilseed\", \"dlr\", \"gnp\", \"coffee\", \"veg-oil\", \"gold\", \"nat-gas\", \"money-supply\", \"livestock\"]}}"}
{"op_code":6,"worker_id":"0c0f9c6a-7791-4e75-bd15-b6694c4e9ca4-139980931965760","trial_id":97,"state":1,"values":[-1.0],"datetime_complete":"2026-03-21T20:17:55.579518"}
{"op_code":4,"worker_id":"0c0f9c6a-7791-4e75-bd15-b6694c4e9ca4-139980931965760","study_id":0,"datetime_start":"2026-03-21T20:17:55.580093"}
{"op_code":5,"worker_id":"0c0f9c6a-7791-4e75-bd15-b6694c4e9ca4-139980931965760","trial_id":98,"param_name":"body_size","param_value_internal":1.0,"distribution":"{\"name\": \"IntDistribution\", \"attributes\": {\"log\": false, \"step\": 1, \"low\": 1, \"high\": 4}}"}
{"op_code":5,"worker_id":"0c0f9c6a-7791-4e75-bd15-b6694c4e9ca4-139980931965760","trial_id":98,"param_name":"body_pred_idx_0","param_value_internal":62.0,"distribution":"{\"name\": \"IntDistribution\", \"attributes\": {\"log\": false, \"step\": 1, \"low\": 0, \"high\": 99}}"}
{"op_code":5,"worker_id":"0c0f9c6a-7791-4e75-bd15-b6694c4e9ca4-139980931965760","trial_id":98,"param_name":"need_ml_0","param_value_internal":0.0,"distribution":"{\"name\": \"IntDistribution\", \"attributes\": {\"log\": false, \"step\": 1, \"low\": 0, \"high\": 1}}"}
{"op_code":5,"worker_id":"0c0f9c6a-7791-4e75-bd15-b6694c4e9ca4-139980931965760","trial_id":98,"param_name":"need_ml_1","param_value_internal":0.0,"distribution":"{\"name\": \"IntDistribution\", \"attributes\": {\"log\": false, \"step\": 1, \"low\": 0, \"high\": 1}}"}
{"op_code":5,"worker_id":"0c0f9c6a-7791-4e75-bd15-b6694c4e9ca4-139980931965760","trial_id":98,"param_name":"need_ml_2","param_value_internal":0.0,"distribution":"{\"name\": \"IntDistribution\", \"attributes\": {\"log\": false, \"step\": 1, \"low\": 0, \"high\": 1}}"}
{"op_code":5,"worker_id":"0c0f9c6a-7791-4e75-bd15-b6694c4e9ca4-139980931965760","trial_id":98,"param_name":"need_label_contains","param_value_internal":0.0,"distribution":"{\"name\": \"IntDistribution\", \"attributes\": {\"log\": false, \"step\": 1, \"low\": 0, \"high\": 1}}"}
{"op_code":5,"worker_id":"0c0f9c6a-7791-4e75-bd15-b6694c4e9ca4-139980931965760","trial_id":98,"param_name":"need_label_eq","param_value_internal":0.0,"distribution":"{\"name\": \"IntDistribution\", \"attributes\": {\"log\": false, \"step\": 1, \"low\": 0, \"high\": 1}}"}
{"op_code":5,"worker_id":"0c0f9c6a-7791-4e75-bd15-b6694c4e9ca4-139980931965760","trial_id":98,"param_name":"need_label_minus","param_value_internal":1.0,"distribution":"{\"name\": \"IntDistribution\", \"attributes\": {\"log\": false, \"step\": 1, \"low\": 0, \"high\": 1}}"}
{"op_code":5,"worker_id":"0c0f9c6a-7791-4e75-bd15-b6694c4e9ca4-139980931965760","trial_id":98,"param_name":"label_minus_tau","param_value_internal":8,"distribution":"{\"name\": \"CategoricalDistribution\", \"attributes\": {\"choices\": [\"earn\", \"acq\", \"money-fx\", \"grain\", \"crude\", \"trade\", \"interest\", \"ship\", \"wheat\", \"corn\", \"sugar\", \"oilseed\", \"dlr\", \"gnp\", \"coffee\", \"veg-oil\", \"gold\", \"nat-gas\", \"money-supply\", \"livestock\"]}}"}
{"op_code":5,"worker_id":"0c0f9c6a-7791-4e75-bd15-b6694c4e9ca4-139980931965760","trial_id":98,"param_name":"consequence_label","param_value_internal":5,"distribution":"{\"name\": \"CategoricalDistribution\", \"attributes\": {\"choices\": [\"earn\", \"acq\", \"money-fx\", \"grain\", \"crude\", \"trade\", \"interest\", \"ship\", \"wheat\", \"corn\", \"sugar\", \"oilseed\", \"dlr\", \"gnp\", \"coffee\", \"veg-oil\", \"gold\", \"nat-gas\", \"money-supply\", \"livestock\"]}}"}
{"op_code":6,"worker_id":"0c0f9c6a-7791-4e75-bd15-b6694c4e9ca4-139980931965760","trial_id":98,"state":1,"values":[-1.0],"datetime_complete":"2026-03-21T20:17:55.618346"}
{"op_code":4,"worker_id":"0c0f9c6a-7791-4e75-bd15-b6694c4e9ca4-139980931965760","study_id":0,"datetime_start":"2026-03-21T20:17:55.619004"}
{"op_code":5,"worker_id":"0c0f9c6a-7791-4e75-bd15-b6694c4e9ca4-139980931965760","trial_id":99,"param_name":"body_size","param_value_internal":1.0,"distribution":"{\"name\": \"IntDistribution\", \"attributes\": {\"log\": false, \"step\": 1, \"low\": 1, \"high\": 4}}"}
{"op_code":5,"worker_id":"0c0f9c6a-7791-4e75-bd15-b6694c4e9ca4-139980931965760","trial_id":99,"param_name":"body_pred_idx_0","param_value_internal":66.0,"distribution":"{\"name\": \"IntDistribution\", \"attributes\": {\"log\": false, \"step\": 1, \"low\": 0, \"high\": 99}}"}
{"op_code":5,"worker_id":"0c0f9c6a-7791-4e75-bd15-b6694c4e9ca4-139980931965760","trial_id":99,"param_name":"need_ml_0","param_value_internal":0.0,"distribution":"{\"name\": \"IntDistribution\", \"attributes\": {\"log\": false, \"step\": 1, \"low\": 0, \"high\": 1}}"}
{"op_code":5,"worker_id":"0c0f9c6a-7791-4e75-bd15-b6694c4e9ca4-139980931965760","trial_id":99,"param_name":"need_ml_1","param_value_internal":0.0,"distribution":"{\"name\": \"IntDistribution\", \"attributes\": {\"log\": false, \"step\": 1, \"low\": 0, \"high\": 1}}"}
{"op_code":5,"worker_id":"0c0f9c6a-7791-4e75-bd15-b6694c4e9ca4-139980931965760","trial_id":99,"param_name":"need_ml_2","param_value_internal":0.0,"distribution":"{\"name\": \"IntDistribution\", \"attributes\": {\"log\": false, \"step\": 1, \"low\": 0, \"high\": 1}}"}
{"op_code":5,"worker_id":"0c0f9c6a-7791-4e75-bd15-b6694c4e9ca4-139980931965760","trial_id":99,"param_name":"need_label_contains","param_value_internal":0.0,"distribution":"{\"name\": \"IntDistribution\", \"attributes\": {\"log\": false, \"step\": 1, \"low\": 0, \"high\": 1}}"}
{"op_code":5,"worker_id":"0c0f9c6a-7791-4e75-bd15-b6694c4e9ca4-139980931965760","trial_id":99,"param_name":"need_label_eq","param_value_internal":0.0,"distribution":"{\"name\": \"IntDistribution\", \"attributes\": {\"log\": false, \"step\": 1, \"low\": 0, \"high\": 1}}"}
{"op_code":5,"worker_id":"0c0f9c6a-7791-4e75-bd15-b6694c4e9ca4-139980931965760","trial_id":99,"param_name":"need_label_minus","param_value_internal":1.0,"distribution":"{\"name\": \"IntDistribution\", \"attributes\": {\"log\": false, \"step\": 1, \"low\": 0, \"high\": 1}}"}
{"op_code":5,"worker_id":"0c0f9c6a-7791-4e75-bd15-b6694c4e9ca4-139980931965760","trial_id":99,"param_name":"label_minus_tau","param_value_internal":15,"distribution":"{\"name\": \"CategoricalDistribution\", \"attributes\": {\"choices\": [\"earn\", \"acq\", \"money-fx\", \"grain\", \"crude\", \"trade\", \"interest\", \"ship\", \"wheat\", \"corn\", \"sugar\", \"oilseed\", \"dlr\", \"gnp\", \"coffee\", \"veg-oil\", \"gold\", \"nat-gas\", \"money-supply\", \"livestock\"]}}"}
{"op_code":5,"worker_id":"0c0f9c6a-7791-4e75-bd15-b6694c4e9ca4-139980931965760","trial_id":99,"param_name":"consequence_label","param_value_internal":19,"distribution":"{\"name\": \"CategoricalDistribution\", \"attributes\": {\"choices\": [\"earn\", \"acq\", \"money-fx\", \"grain\", \"crude\", \"trade\", \"interest\", \"ship\", \"wheat\", \"corn\", \"sugar\", \"oilseed\", \"dlr\", \"gnp\", \"coffee\", \"veg-oil\", \"gold\", \"nat-gas\", \"money-supply\", \"livestock\"]}}"}
{"op_code":6,"worker_id":"0c0f9c6a-7791-4e75-bd15-b6694c4e9ca4-139980931965760","trial_id":99,"state":1,"values":[-1.0],"datetime_complete":"2026-03-21T20:17:55.652404"}
